--
-- PostgreSQL database dump
--

\restrict TEPubnrlcevsOtw48jzak7UV0CkRzqzdTKFOBOwXO7HkiEi7p5WK5P1ASIFgQSv

-- Dumped from database version 16.13 (Ubuntu 16.13-0ubuntu0.24.04.1)
-- Dumped by pg_dump version 16.13 (Ubuntu 16.13-0ubuntu0.24.04.1)

SET statement_timeout = 0;
SET lock_timeout = 0;
SET idle_in_transaction_session_timeout = 0;
SET client_encoding = 'UTF8';
SET standard_conforming_strings = on;
SELECT pg_catalog.set_config('search_path', '', false);
SET check_function_bodies = false;
SET xmloption = content;
SET client_min_messages = warning;
SET row_security = off;

SET default_tablespace = '';

SET default_table_access_method = heap;

--
-- Name: account_customuser; Type: TABLE; Schema: public; Owner: postgres
--

CREATE TABLE public.account_customuser (
    id bigint NOT NULL,
    password character varying(128) NOT NULL,
    last_login timestamp with time zone,
    is_superuser boolean NOT NULL,
    username character varying(150) NOT NULL,
    first_name character varying(150) NOT NULL,
    last_name character varying(150) NOT NULL,
    email character varying(254) NOT NULL,
    is_staff boolean NOT NULL,
    is_active boolean NOT NULL,
    date_joined timestamp with time zone NOT NULL,
    phone character varying(20) NOT NULL
);


ALTER TABLE public.account_customuser OWNER TO postgres;

--
-- Name: account_customuser_groups; Type: TABLE; Schema: public; Owner: postgres
--

CREATE TABLE public.account_customuser_groups (
    id bigint NOT NULL,
    customuser_id bigint NOT NULL,
    group_id integer NOT NULL
);


ALTER TABLE public.account_customuser_groups OWNER TO postgres;

--
-- Name: account_customuser_groups_id_seq; Type: SEQUENCE; Schema: public; Owner: postgres
--

ALTER TABLE public.account_customuser_groups ALTER COLUMN id ADD GENERATED BY DEFAULT AS IDENTITY (
    SEQUENCE NAME public.account_customuser_groups_id_seq
    START WITH 1
    INCREMENT BY 1
    NO MINVALUE
    NO MAXVALUE
    CACHE 1
);


--
-- Name: account_customuser_id_seq; Type: SEQUENCE; Schema: public; Owner: postgres
--

ALTER TABLE public.account_customuser ALTER COLUMN id ADD GENERATED BY DEFAULT AS IDENTITY (
    SEQUENCE NAME public.account_customuser_id_seq
    START WITH 1
    INCREMENT BY 1
    NO MINVALUE
    NO MAXVALUE
    CACHE 1
);


--
-- Name: account_customuser_user_permissions; Type: TABLE; Schema: public; Owner: postgres
--

CREATE TABLE public.account_customuser_user_permissions (
    id bigint NOT NULL,
    customuser_id bigint NOT NULL,
    permission_id integer NOT NULL
);


ALTER TABLE public.account_customuser_user_permissions OWNER TO postgres;

--
-- Name: account_customuser_user_permissions_id_seq; Type: SEQUENCE; Schema: public; Owner: postgres
--

ALTER TABLE public.account_customuser_user_permissions ALTER COLUMN id ADD GENERATED BY DEFAULT AS IDENTITY (
    SEQUENCE NAME public.account_customuser_user_permissions_id_seq
    START WITH 1
    INCREMENT BY 1
    NO MINVALUE
    NO MAXVALUE
    CACHE 1
);


--
-- Name: auth_group; Type: TABLE; Schema: public; Owner: postgres
--

CREATE TABLE public.auth_group (
    id integer NOT NULL,
    name character varying(150) NOT NULL
);


ALTER TABLE public.auth_group OWNER TO postgres;

--
-- Name: auth_group_id_seq; Type: SEQUENCE; Schema: public; Owner: postgres
--

ALTER TABLE public.auth_group ALTER COLUMN id ADD GENERATED BY DEFAULT AS IDENTITY (
    SEQUENCE NAME public.auth_group_id_seq
    START WITH 1
    INCREMENT BY 1
    NO MINVALUE
    NO MAXVALUE
    CACHE 1
);


--
-- Name: auth_group_permissions; Type: TABLE; Schema: public; Owner: postgres
--

CREATE TABLE public.auth_group_permissions (
    id bigint NOT NULL,
    group_id integer NOT NULL,
    permission_id integer NOT NULL
);


ALTER TABLE public.auth_group_permissions OWNER TO postgres;

--
-- Name: auth_group_permissions_id_seq; Type: SEQUENCE; Schema: public; Owner: postgres
--

ALTER TABLE public.auth_group_permissions ALTER COLUMN id ADD GENERATED BY DEFAULT AS IDENTITY (
    SEQUENCE NAME public.auth_group_permissions_id_seq
    START WITH 1
    INCREMENT BY 1
    NO MINVALUE
    NO MAXVALUE
    CACHE 1
);


--
-- Name: auth_permission; Type: TABLE; Schema: public; Owner: postgres
--

CREATE TABLE public.auth_permission (
    id integer NOT NULL,
    name character varying(255) NOT NULL,
    content_type_id integer NOT NULL,
    codename character varying(100) NOT NULL
);


ALTER TABLE public.auth_permission OWNER TO postgres;

--
-- Name: auth_permission_id_seq; Type: SEQUENCE; Schema: public; Owner: postgres
--

ALTER TABLE public.auth_permission ALTER COLUMN id ADD GENERATED BY DEFAULT AS IDENTITY (
    SEQUENCE NAME public.auth_permission_id_seq
    START WITH 1
    INCREMENT BY 1
    NO MINVALUE
    NO MAXVALUE
    CACHE 1
);


--
-- Name: contact_contact; Type: TABLE; Schema: public; Owner: postgres
--

CREATE TABLE public.contact_contact (
    id bigint NOT NULL,
    ner character varying(100) NOT NULL,
    utas character varying(100) NOT NULL,
    huselt character varying(500) NOT NULL
);


ALTER TABLE public.contact_contact OWNER TO postgres;

--
-- Name: contact_contact_id_seq; Type: SEQUENCE; Schema: public; Owner: postgres
--

ALTER TABLE public.contact_contact ALTER COLUMN id ADD GENERATED BY DEFAULT AS IDENTITY (
    SEQUENCE NAME public.contact_contact_id_seq
    START WITH 1
    INCREMENT BY 1
    NO MINVALUE
    NO MAXVALUE
    CACHE 1
);


--
-- Name: django_admin_log; Type: TABLE; Schema: public; Owner: postgres
--

CREATE TABLE public.django_admin_log (
    id integer NOT NULL,
    action_time timestamp with time zone NOT NULL,
    object_id text,
    object_repr character varying(200) NOT NULL,
    action_flag smallint NOT NULL,
    change_message text NOT NULL,
    content_type_id integer,
    user_id bigint NOT NULL,
    CONSTRAINT django_admin_log_action_flag_check CHECK ((action_flag >= 0))
);


ALTER TABLE public.django_admin_log OWNER TO postgres;

--
-- Name: django_admin_log_id_seq; Type: SEQUENCE; Schema: public; Owner: postgres
--

ALTER TABLE public.django_admin_log ALTER COLUMN id ADD GENERATED BY DEFAULT AS IDENTITY (
    SEQUENCE NAME public.django_admin_log_id_seq
    START WITH 1
    INCREMENT BY 1
    NO MINVALUE
    NO MAXVALUE
    CACHE 1
);


--
-- Name: django_content_type; Type: TABLE; Schema: public; Owner: postgres
--

CREATE TABLE public.django_content_type (
    id integer NOT NULL,
    app_label character varying(100) NOT NULL,
    model character varying(100) NOT NULL
);


ALTER TABLE public.django_content_type OWNER TO postgres;

--
-- Name: django_content_type_id_seq; Type: SEQUENCE; Schema: public; Owner: postgres
--

ALTER TABLE public.django_content_type ALTER COLUMN id ADD GENERATED BY DEFAULT AS IDENTITY (
    SEQUENCE NAME public.django_content_type_id_seq
    START WITH 1
    INCREMENT BY 1
    NO MINVALUE
    NO MAXVALUE
    CACHE 1
);


--
-- Name: django_migrations; Type: TABLE; Schema: public; Owner: postgres
--

CREATE TABLE public.django_migrations (
    id bigint NOT NULL,
    app character varying(255) NOT NULL,
    name character varying(255) NOT NULL,
    applied timestamp with time zone NOT NULL
);


ALTER TABLE public.django_migrations OWNER TO postgres;

--
-- Name: django_migrations_id_seq; Type: SEQUENCE; Schema: public; Owner: postgres
--

ALTER TABLE public.django_migrations ALTER COLUMN id ADD GENERATED BY DEFAULT AS IDENTITY (
    SEQUENCE NAME public.django_migrations_id_seq
    START WITH 1
    INCREMENT BY 1
    NO MINVALUE
    NO MAXVALUE
    CACHE 1
);


--
-- Name: django_session; Type: TABLE; Schema: public; Owner: postgres
--

CREATE TABLE public.django_session (
    session_key character varying(40) NOT NULL,
    session_data text NOT NULL,
    expire_date timestamp with time zone NOT NULL
);


ALTER TABLE public.django_session OWNER TO postgres;

--
-- Name: order_order; Type: TABLE; Schema: public; Owner: postgres
--

CREATE TABLE public.order_order (
    id bigint NOT NULL,
    name character varying(255) NOT NULL,
    description character varying(255),
    order_date date NOT NULL,
    created_at timestamp with time zone NOT NULL,
    created_user_id bigint NOT NULL,
    parent_id bigint,
    goal integer NOT NULL,
    shipping_price integer NOT NULL,
    weight numeric(8,2) NOT NULL
);


ALTER TABLE public.order_order OWNER TO postgres;

--
-- Name: order_order_id_seq; Type: SEQUENCE; Schema: public; Owner: postgres
--

ALTER TABLE public.order_order ALTER COLUMN id ADD GENERATED BY DEFAULT AS IDENTITY (
    SEQUENCE NAME public.order_order_id_seq
    START WITH 1
    INCREMENT BY 1
    NO MINVALUE
    NO MAXVALUE
    CACHE 1
);


--
-- Name: order_orderitem; Type: TABLE; Schema: public; Owner: postgres
--

CREATE TABLE public.order_orderitem (
    id bigint NOT NULL,
    name character varying(255) NOT NULL,
    description character varying(255),
    phone_number character varying(20) NOT NULL,
    quantity integer NOT NULL,
    shipping_price integer NOT NULL,
    address character varying(255),
    arrive_date date,
    deliver_date date,
    created_at timestamp with time zone NOT NULL,
    updated_at timestamp with time zone NOT NULL,
    order_id bigint NOT NULL,
    status_id bigint NOT NULL,
    CONSTRAINT order_orderitem_quantity_check CHECK ((quantity >= 0)),
    CONSTRAINT order_orderitem_shipping_price_check CHECK ((shipping_price >= 0))
);


ALTER TABLE public.order_orderitem OWNER TO postgres;

--
-- Name: order_orderitem_id_seq; Type: SEQUENCE; Schema: public; Owner: postgres
--

ALTER TABLE public.order_orderitem ALTER COLUMN id ADD GENERATED BY DEFAULT AS IDENTITY (
    SEQUENCE NAME public.order_orderitem_id_seq
    START WITH 1
    INCREMENT BY 1
    NO MINVALUE
    NO MAXVALUE
    CACHE 1
);


--
-- Name: order_orderparent; Type: TABLE; Schema: public; Owner: postgres
--

CREATE TABLE public.order_orderparent (
    id bigint NOT NULL,
    name character varying(255) NOT NULL,
    created_at timestamp with time zone NOT NULL,
    updated_at timestamp with time zone NOT NULL
);


ALTER TABLE public.order_orderparent OWNER TO postgres;

--
-- Name: order_orderparent_id_seq; Type: SEQUENCE; Schema: public; Owner: postgres
--

ALTER TABLE public.order_orderparent ALTER COLUMN id ADD GENERATED BY DEFAULT AS IDENTITY (
    SEQUENCE NAME public.order_orderparent_id_seq
    START WITH 1
    INCREMENT BY 1
    NO MINVALUE
    NO MAXVALUE
    CACHE 1
);


--
-- Name: order_orderproduct; Type: TABLE; Schema: public; Owner: postgres
--

CREATE TABLE public.order_orderproduct (
    id bigint NOT NULL,
    name character varying(255) NOT NULL,
    image character varying(100) NOT NULL,
    link text NOT NULL,
    is_active boolean NOT NULL,
    created_at timestamp with time zone NOT NULL,
    updated_at timestamp with time zone NOT NULL,
    price integer NOT NULL,
    quantity integer NOT NULL
);


ALTER TABLE public.order_orderproduct OWNER TO postgres;

--
-- Name: order_orderproduct_id_seq; Type: SEQUENCE; Schema: public; Owner: postgres
--

ALTER TABLE public.order_orderproduct ALTER COLUMN id ADD GENERATED BY DEFAULT AS IDENTITY (
    SEQUENCE NAME public.order_orderproduct_id_seq
    START WITH 1
    INCREMENT BY 1
    NO MINVALUE
    NO MAXVALUE
    CACHE 1
);


--
-- Name: order_orderproductcheckout; Type: TABLE; Schema: public; Owner: postgres
--

CREATE TABLE public.order_orderproductcheckout (
    id bigint NOT NULL,
    quantity integer NOT NULL,
    name character varying(255) NOT NULL,
    phone character varying(20) NOT NULL,
    address character varying(255) NOT NULL,
    status character varying(255) NOT NULL,
    created_at timestamp with time zone NOT NULL,
    updated_at timestamp with time zone NOT NULL,
    order_product_id bigint NOT NULL
);


ALTER TABLE public.order_orderproductcheckout OWNER TO postgres;

--
-- Name: order_orderproductcheckout_id_seq; Type: SEQUENCE; Schema: public; Owner: postgres
--

ALTER TABLE public.order_orderproductcheckout ALTER COLUMN id ADD GENERATED BY DEFAULT AS IDENTITY (
    SEQUENCE NAME public.order_orderproductcheckout_id_seq
    START WITH 1
    INCREMENT BY 1
    NO MINVALUE
    NO MAXVALUE
    CACHE 1
);


--
-- Name: order_orderstatus; Type: TABLE; Schema: public; Owner: postgres
--

CREATE TABLE public.order_orderstatus (
    id bigint NOT NULL,
    name character varying(255) NOT NULL,
    created_at timestamp with time zone NOT NULL,
    is_last boolean NOT NULL
);


ALTER TABLE public.order_orderstatus OWNER TO postgres;

--
-- Name: order_orderstatus_id_seq; Type: SEQUENCE; Schema: public; Owner: postgres
--

ALTER TABLE public.order_orderstatus ALTER COLUMN id ADD GENERATED BY DEFAULT AS IDENTITY (
    SEQUENCE NAME public.order_orderstatus_id_seq
    START WITH 1
    INCREMENT BY 1
    NO MINVALUE
    NO MAXVALUE
    CACHE 1
);


--
-- Name: refresh_token_refreshtoken; Type: TABLE; Schema: public; Owner: postgres
--

CREATE TABLE public.refresh_token_refreshtoken (
    id bigint NOT NULL,
    token character varying(255) NOT NULL,
    created timestamp with time zone NOT NULL,
    revoked timestamp with time zone,
    user_id bigint NOT NULL
);


ALTER TABLE public.refresh_token_refreshtoken OWNER TO postgres;

--
-- Name: refresh_token_refreshtoken_id_seq; Type: SEQUENCE; Schema: public; Owner: postgres
--

ALTER TABLE public.refresh_token_refreshtoken ALTER COLUMN id ADD GENERATED BY DEFAULT AS IDENTITY (
    SEQUENCE NAME public.refresh_token_refreshtoken_id_seq
    START WITH 1
    INCREMENT BY 1
    NO MINVALUE
    NO MAXVALUE
    CACHE 1
);


--
-- Data for Name: account_customuser; Type: TABLE DATA; Schema: public; Owner: postgres
--

COPY public.account_customuser (id, password, last_login, is_superuser, username, first_name, last_name, email, is_staff, is_active, date_joined, phone) FROM stdin;
1	pbkdf2_sha256$1000000$Imd39YYMAtiFgpAvnApYzx$wZNobcvvgP/qkX0WuO72Eszfvd8r/SeGD+RCMjLO9no=	2026-03-30 07:06:13.711037+02	t	admin				t	t	2025-12-12 16:29:35+01	88539667
\.


--
-- Data for Name: account_customuser_groups; Type: TABLE DATA; Schema: public; Owner: postgres
--

COPY public.account_customuser_groups (id, customuser_id, group_id) FROM stdin;
\.


--
-- Data for Name: account_customuser_user_permissions; Type: TABLE DATA; Schema: public; Owner: postgres
--

COPY public.account_customuser_user_permissions (id, customuser_id, permission_id) FROM stdin;
\.


--
-- Data for Name: auth_group; Type: TABLE DATA; Schema: public; Owner: postgres
--

COPY public.auth_group (id, name) FROM stdin;
\.


--
-- Data for Name: auth_group_permissions; Type: TABLE DATA; Schema: public; Owner: postgres
--

COPY public.auth_group_permissions (id, group_id, permission_id) FROM stdin;
\.


--
-- Data for Name: auth_permission; Type: TABLE DATA; Schema: public; Owner: postgres
--

COPY public.auth_permission (id, name, content_type_id, codename) FROM stdin;
1	Can add log entry	1	add_logentry
2	Can change log entry	1	change_logentry
3	Can delete log entry	1	delete_logentry
4	Can view log entry	1	view_logentry
5	Can add permission	2	add_permission
6	Can change permission	2	change_permission
7	Can delete permission	2	delete_permission
8	Can view permission	2	view_permission
9	Can add group	3	add_group
10	Can change group	3	change_group
11	Can delete group	3	delete_group
12	Can view group	3	view_group
13	Can add content type	4	add_contenttype
14	Can change content type	4	change_contenttype
15	Can delete content type	4	delete_contenttype
16	Can view content type	4	view_contenttype
17	Can add session	5	add_session
18	Can change session	5	change_session
19	Can delete session	5	delete_session
20	Can view session	5	view_session
21	Can add refresh token	6	add_refreshtoken
22	Can change refresh token	6	change_refreshtoken
23	Can delete refresh token	6	delete_refreshtoken
24	Can view refresh token	6	view_refreshtoken
25	Can add user	7	add_customuser
26	Can change user	7	change_customuser
27	Can delete user	7	delete_customuser
28	Can view user	7	view_customuser
29	Can add contact	8	add_contact
30	Can change contact	8	change_contact
31	Can delete contact	8	delete_contact
32	Can view contact	8	view_contact
33	Can add order product	9	add_orderproduct
34	Can change order product	9	change_orderproduct
35	Can delete order product	9	delete_orderproduct
36	Can view order product	9	view_orderproduct
37	Can add order status	10	add_orderstatus
38	Can change order status	10	change_orderstatus
39	Can delete order status	10	delete_orderstatus
40	Can view order status	10	view_orderstatus
41	Can add order	11	add_order
42	Can change order	11	change_order
43	Can delete order	11	delete_order
44	Can view order	11	view_order
45	Can add order item	12	add_orderitem
46	Can change order item	12	change_orderitem
47	Can delete order item	12	delete_orderitem
48	Can view order item	12	view_orderitem
49	Can add order parent	13	add_orderparent
50	Can change order parent	13	change_orderparent
51	Can delete order parent	13	delete_orderparent
52	Can view order parent	13	view_orderparent
53	Can add order product checkout	14	add_orderproductcheckout
54	Can change order product checkout	14	change_orderproductcheckout
55	Can delete order product checkout	14	delete_orderproductcheckout
56	Can view order product checkout	14	view_orderproductcheckout
\.


--
-- Data for Name: contact_contact; Type: TABLE DATA; Schema: public; Owner: postgres
--

COPY public.contact_contact (id, ner, utas, huselt) FROM stdin;
\.


--
-- Data for Name: django_admin_log; Type: TABLE DATA; Schema: public; Owner: postgres
--

COPY public.django_admin_log (id, action_time, object_id, object_repr, action_flag, change_message, content_type_id, user_id) FROM stdin;
1	2025-12-12 16:34:08.423281+01	1	OrderProduct object (1)	1	[{"added": {}}]	9	1
2	2025-12-12 16:34:17.917131+01	1	OrderProduct object (1)	3		9	1
3	2025-12-31 08:05:36.842095+01	10	Order object (10)	2	[{"changed": {"fields": ["Parent"]}}]	11	1
4	2025-12-31 08:05:46.481077+01	11	Order object (11)	2	[{"changed": {"fields": ["Parent"]}}]	11	1
5	2025-12-31 08:05:53.720616+01	12	Order object (12)	2	[{"changed": {"fields": ["Parent"]}}]	11	1
6	2025-12-31 08:06:02.786733+01	13	Order object (13)	2	[{"changed": {"fields": ["Parent"]}}]	11	1
7	2025-12-31 08:06:10.583736+01	14	Order object (14)	2	[{"changed": {"fields": ["Parent"]}}]	11	1
8	2025-12-31 08:06:18.262065+01	15	Order object (15)	2	[{"changed": {"fields": ["Parent"]}}]	11	1
9	2025-12-31 08:06:27.455929+01	16	Order object (16)	2	[{"changed": {"fields": ["Parent"]}}]	11	1
10	2025-12-31 08:06:35.625032+01	17	Order object (17)	2	[{"changed": {"fields": ["Parent"]}}]	11	1
11	2025-12-31 08:06:42.314636+01	18	Order object (18)	2	[{"changed": {"fields": ["Parent", "Name"]}}]	11	1
12	2025-12-31 08:06:49.31453+01	19	Order object (19)	2	[{"changed": {"fields": ["Parent"]}}]	11	1
13	2025-12-31 08:06:55.584008+01	20	Order object (20)	2	[{"changed": {"fields": ["Parent"]}}]	11	1
14	2025-12-31 08:07:03.453633+01	21	Order object (21)	2	[{"changed": {"fields": ["Parent"]}}]	11	1
15	2025-12-31 08:07:11.003109+01	22	Order object (22)	2	[{"changed": {"fields": ["Parent"]}}]	11	1
16	2025-12-31 08:07:17.674368+01	23	Order object (23)	2	[{"changed": {"fields": ["Parent"]}}]	11	1
17	2025-12-31 08:07:27.598399+01	24	Order object (24)	2	[{"changed": {"fields": ["Parent"]}}]	11	1
18	2025-12-31 08:07:34.438076+01	25	Order object (25)	2	[{"changed": {"fields": ["Parent"]}}]	11	1
19	2025-12-31 08:07:41.575632+01	26	Order object (26)	2	[{"changed": {"fields": ["Parent"]}}]	11	1
20	2025-12-31 08:07:48.65051+01	27	Order object (27)	2	[{"changed": {"fields": ["Parent"]}}]	11	1
21	2025-12-31 08:07:56.293236+01	28	Order object (28)	2	[{"changed": {"fields": ["Parent"]}}]	11	1
22	2026-01-11 11:29:05.980264+01	1	88539667	2	[{"changed": {"fields": ["Phone"]}}]	7	1
23	2026-01-13 15:58:44.485941+01	333	OrderItem object (333)	2	[{"changed": {"fields": ["Address"]}}]	12	1
24	2026-01-13 15:59:19.385438+01	333	OrderItem object (333)	2	[{"changed": {"fields": ["Address"]}}]	12	1
\.


--
-- Data for Name: django_content_type; Type: TABLE DATA; Schema: public; Owner: postgres
--

COPY public.django_content_type (id, app_label, model) FROM stdin;
1	admin	logentry
2	auth	permission
3	auth	group
4	contenttypes	contenttype
5	sessions	session
6	refresh_token	refreshtoken
7	account	customuser
8	contact	contact
9	order	orderproduct
10	order	orderstatus
11	order	order
12	order	orderitem
13	order	orderparent
14	order	orderproductcheckout
\.


--
-- Data for Name: django_migrations; Type: TABLE DATA; Schema: public; Owner: postgres
--

COPY public.django_migrations (id, app, name, applied) FROM stdin;
1	contenttypes	0001_initial	2025-12-12 16:29:11.000177+01
2	contenttypes	0002_remove_content_type_name	2025-12-12 16:29:11.01206+01
3	auth	0001_initial	2025-12-12 16:29:11.111268+01
4	auth	0002_alter_permission_name_max_length	2025-12-12 16:29:11.121295+01
5	auth	0003_alter_user_email_max_length	2025-12-12 16:29:11.131665+01
6	auth	0004_alter_user_username_opts	2025-12-12 16:29:11.141489+01
7	auth	0005_alter_user_last_login_null	2025-12-12 16:29:11.150243+01
8	auth	0006_require_contenttypes_0002	2025-12-12 16:29:11.152901+01
9	auth	0007_alter_validators_add_error_messages	2025-12-12 16:29:11.160934+01
10	auth	0008_alter_user_username_max_length	2025-12-12 16:29:11.174407+01
11	auth	0009_alter_user_last_name_max_length	2025-12-12 16:29:11.184948+01
12	auth	0010_alter_group_name_max_length	2025-12-12 16:29:11.20475+01
13	auth	0011_update_proxy_permissions	2025-12-12 16:29:11.218645+01
14	auth	0012_alter_user_first_name_max_length	2025-12-12 16:29:11.230568+01
15	account	0001_initial	2025-12-12 16:29:11.321792+01
16	admin	0001_initial	2025-12-12 16:29:11.369327+01
17	admin	0002_logentry_remove_auto_add	2025-12-12 16:29:11.38+01
18	admin	0003_logentry_add_action_flag_choices	2025-12-12 16:29:11.395242+01
19	contact	0001_initial	2025-12-12 16:29:11.414354+01
20	order	0001_initial	2025-12-12 16:29:11.502557+01
21	refresh_token	0001_initial	2025-12-12 16:29:11.548674+01
22	refresh_token	0002_auto_20190130_0900	2025-12-12 16:29:11.561829+01
23	sessions	0001_initial	2025-12-12 16:29:11.598481+01
24	order	0002_orderstatus_is_last	2025-12-16 17:27:57.113826+01
25	order	0003_orderparent_order_parent	2025-12-31 08:03:18.967431+01
26	order	0004_order_goal	2025-12-31 08:03:18.999964+01
27	order	0005_order_shipping_price	2025-12-31 08:03:19.017282+01
28	order	0006_order_weight	2026-01-02 11:50:09.045757+01
29	order	0007_alter_order_weight	2026-01-02 11:50:09.134046+01
30	order	0008_orderproduct_price_orderproduct_quantity	2026-01-11 11:24:20.550947+01
31	order	0009_orderproductcheckout	2026-01-15 14:24:10.104556+01
\.


--
-- Data for Name: django_session; Type: TABLE DATA; Schema: public; Owner: postgres
--

COPY public.django_session (session_key, session_data, expire_date) FROM stdin;
klmedeo3fv6n0wk4q9cncomi8u39spkn	.eJxVjDsOwyAQBe9CHaHlI4NTps8Z0MKywUkEkrErK3ePLblI2pl5bxMB16WEtec5TCSuQonLL4uYXrkegp5YH02mVpd5ivJI5Gm7vDfK79vZ_h0U7GVfWx6yRU06pkikmQCM0-QNZnDoVfSOGJLmkZX1OOwsoUMgNqMHxeLzBQnPOLY:1vU58P:6DC0xLPWn9TdslS02OFtDddY8qW3FSKduKNup61rlyI	2025-12-26 16:32:45.593254+01
jhvrxjz68zhzy05awlq5pi6mxw5msomz	.eJxVjEEOwiAQRe_C2pBCZQCX7nsGMjCDVA0kpV0Z765NutDtf-_9lwi4rSVsnZcwk7gIJU6_W8T04LoDumO9NZlaXZc5yl2RB-1yasTP6-H-HRTs5Vuz1wR6yJ4NmoijVTkZr0Y_WAUxngmIs_beAhlwDhM7SJRHIm3REIr3B-iOOHw:1vesil:cLh8MhJzJSF8hBgL1m98l59z-9c8QBKhqpnnwx5VJH8	2026-01-25 11:30:55.659002+01
tz72zdihazzu2wd8q5d30otkm2ge22h0	.eJxVjEEOwiAQRe_C2pBCZQCX7nsGMjCDVA0kpV0Z765NutDtf-_9lwi4rSVsnZcwk7gIJU6_W8T04LoDumO9NZlaXZc5yl2RB-1yasTP6-H-HRTs5Vuz1wR6yJ4NmoijVTkZr0Y_WAUxngmIs_beAhlwDhM7SJRHIm3REIr3B-iOOHw:1vffq6:_9hIQeF-HqV9y6Kv5uv1YvicV5cwB3Z7YnWoPkCodcI	2026-01-27 15:57:46.587665+01
lodt7p6b3p0s7zkt1ypnsz13re5bw12e	.eJxVjEEOwiAQRe_C2pBCZQCX7nsGMjCDVA0kpV0Z765NutDtf-_9lwi4rSVsnZcwk7gIJU6_W8T04LoDumO9NZlaXZc5yl2RB-1yasTP6-H-HRTs5Vuz1wR6yJ4NmoijVTkZr0Y_WAUxngmIs_beAhlwDhM7SJRHIm3REIr3B-iOOHw:1vxP72:-EumLjW9Ojhgc3jDOddpaY4G5w-HlC2mauiWwX3EKw8	2026-03-17 13:44:32.342864+01
x2to9694misnxrjmvug7s7cgw23x30g4	.eJxVjEEOgjAURO_StWmgv7Qfl-49A5n2txY1kFBYGe-uJCx0O--9eakB21qGraZlGEWdVatOv1tAfKRpB3LHdJt1nKd1GYPeFX3Qqq-zpOflcP8OCmr51kxNk6xkAtncwVEm7yyD20TZw_QsPSUQnJPesJgYYVv2HoxgOqfeH9j9N64:1vyAZt:g0uteJeGUMmVimJLZPy8laW_XPdkJnOUBqKcXsm8HSE	2026-03-19 16:25:29.989534+01
r34956eytriejfp050upj4einal5rtnq	.eJxVjEEOgjAURO_StWmgv7Qfl-49A5n2txY1kFBYGe-uJCx0O--9eakB21qGraZlGEWdVatOv1tAfKRpB3LHdJt1nKd1GYPeFX3Qqq-zpOflcP8OCmr51kxNk6xkAtncwVEm7yyD20TZw_QsPSUQnJPesJgYYVv2HoxgOqfeH9j9N64:1w5PJM:JO_9D0RBKOhuJjQseoAfhjDb-9rgPm2fow1mQcnzfks	2026-04-08 16:34:20.280996+02
t55znui8qvmm0uykbi7jnrw3mg86ssc9	.eJxVjEEOgjAURO_StWmgv7Qfl-49A5n2txY1kFBYGe-uJCx0O--9eakB21qGraZlGEWdVatOv1tAfKRpB3LHdJt1nKd1GYPeFX3Qqq-zpOflcP8OCmr51kxNk6xkAtncwVEm7yyD20TZw_QsPSUQnJPesJgYYVv2HoxgOqfeH9j9N64:1w74pJ:F_aikURkTOQ-EsEAWGVNMcXIDp1z8OIzuNtxKtnDo2k	2026-04-13 07:06:13.717261+02
\.


--
-- Data for Name: order_order; Type: TABLE DATA; Schema: public; Owner: postgres
--

COPY public.order_order (id, name, description, order_date, created_at, created_user_id, parent_id, goal, shipping_price, weight) FROM stdin;
185	Sistema hunsnii saw	kargo awahgui	2026-03-05	2026-03-15 12:56:29.404737+01	1	5	20	0	0.00
181	Omega-3 Blackmores 	kargo awahgui	2026-03-11	2026-03-15 12:05:01.376589+01	1	5	112	0	0.00
110	Cetaphil Lotion	kargo awahgui	2026-03-04	2026-03-06 23:11:45.887886+01	1	5	20	0	0.00
119	Sulwhasoo Hos	kargo awahgui	2026-03-06	2026-03-07 18:05:01.19437+01	1	5	200	0	0.00
189	Vonbee lemon tsai	kargo awahgui	2026-03-11	2026-03-16 04:04:45.680663+01	1	5	60	0	0.00
191	Pantene collagen usnii tejeel	kargo awahgui	2026-03-10	2026-03-16 04:39:07.345194+01	1	5	14	0	0.00
193	Nike umd	kargo awahgui	2026-03-13	2026-03-16 05:10:33.671001+01	1	5	12	0	0.00
195	Gangar shaazan coffee ayga set	kargo awahgui	2026-03-03	2026-03-16 06:59:47.363536+01	1	5	5	0	0.00
159	Elle 5n hos tursik	kargo awahgui	2026-03-10	2026-03-12 12:06:45.218356+01	1	5	15	0	0.00
89	Lacto Fit 	kargo awahgui	2026-03-04	2026-03-04 15:38:09.503724+01	1	5	75	0	0.00
105	Salad amtlagch	kargo awahgui	2026-03-06	2026-03-06 07:08:16.557697+01	1	5	12	0	0.00
114	Ten ten	kargo awahgui	2026-03-05	2026-03-06 23:56:08.964945+01	1	5	4	0	0.00
77	Outdoor Podwolk	XL-13, L-15, M-2, kargo awahgui	2026-03-04	2026-03-04 14:52:39.627408+01	1	5	30	0	0.00
203	Anua set toner+lotion	kargo awahgui	2026-03-12	2026-03-18 00:22:46.430883+01	1	6	6	0	0.00
138	MAXIM mocha coffee	kargo awahgui	2026-03-10	2026-03-11 09:34:38.116928+01	1	5	10	0	0.00
158	Puma 5n hos tursik	kargo awahgui	2026-03-10	2026-03-12 12:02:29.851026+01	1	5	17	0	0.00
83	Starbucks Americano	kargo awahgui	2026-03-04	2026-03-04 15:22:36.532175+01	1	5	10	0	0.00
183	Nike puuz 3/13	kargo awahgui	2026-03-13	2026-03-15 12:28:14.963151+01	1	5	33	0	0.00
123	Adidas tsunh	kargo awahgui	2026-03-08	2026-03-09 05:00:51.971206+01	1	5	9	0	0.00
153	Sulwhasoo consentrated ginseng rejuvenating serum	kargo awahgui	2026-03-11	2026-03-12 10:45:05.375493+01	1	5	130	0	0.00
197	Stanley 2 in 1 tereg	kargo awahgui	2026-03-14	2026-03-16 07:17:54.727799+01	1	5	4	0	0.00
111	Cetaphil Lotion Hos	kargo awahgui	2026-03-04	2026-03-06 23:12:08.231103+01	1	5	30	0	0.00
199	Ohui age recovery set huuldag mask	kargo awahgui	2026-03-14	2026-03-16 10:45:50.487656+01	1	5	18	0	0.00
163	SU:M37 Secret Essence Mist set	kargo awna	2026-03-11	2026-03-12 12:46:40.354228+01	1	5	105	0	0.00
94	Buurtsag tos	kargo awahgui	2026-03-05	2026-03-05 09:56:00.181453+01	1	5	40	0	0.00
95	Vitamin C	kargo awahgui	2026-03-05	2026-03-05 09:56:41.857857+01	1	5	60	0	0.00
107	Pantene Conditioner	kargo awahgui	2026-03-04	2026-03-06 21:34:35.96663+01	1	5	9	0	0.00
88	H&Sh shampoo	kargo awahgui	2026-03-04	2026-03-04 15:35:05.763533+01	1	5	10	0	0.00
125	Adidas puuz	kargo awahgui	2026-03-09	2026-03-10 09:19:18.010723+01	1	5	1	0	0.00
81	chia&oat	prana organic, kargo awahgui	2026-03-04	2026-03-04 15:02:20.463898+01	1	5	62	0	0.00
97	Yumearth lollipop	kargo awahgui	2026-03-05	2026-03-05 10:03:11.165483+01	1	5	18	0	0.00
100	Mcvities pechen	kargo awahgui	2026-03-05	2026-03-05 10:06:21.988502+01	1	5	11	0	0.00
101	Cethaphil cream	kargo awahgui	2026-03-05	2026-03-05 10:06:53.852242+01	1	5	12	0	0.00
126	The North Face uglaash	kargo orson	2026-03-09	2026-03-10 09:22:23.766322+01	1	5	22	0	0.00
102	Socktop oims	tsagaan M-10, har M-10, tsagaan L-1, har L-3, kargo awahgui	2026-03-05	2026-03-05 10:12:21.856104+01	1	5	24	0	0.00
201	Huluunii shuus	kargo awahgui	2026-03-12	2026-03-17 23:56:37.17048+01	1	6	10	0	0.00
118	Starbucks Latte	kargo awahgui	2026-03-04	2026-03-07 16:13:18.750635+01	1	5	20	0	0.00
99	Lacto Jelly	kargo awahgui	2026-03-05	2026-03-05 10:05:42.965815+01	1	5	20	0	0.00
122	Aylaliin set	kargo awhgui	2026-03-07	2026-03-08 05:03:55.544913+01	1	5	52	0	0.00
106	Pantene Shampoo	kargo awahgui	2026-03-04	2026-03-06 21:33:25.157887+01	1	5	18	0	0.00
108	Uuliin tsunh	kargo awahgui	2026-03-04	2026-03-06 21:44:14.362151+01	1	5	2	0	0.00
127	The North Face puuz	kargo awahgui	2026-03-09	2026-03-10 15:17:07.520357+01	1	5	1	0	0.00
113	Skincure Celltrion collegan	kargo awahgui	2026-03-05	2026-03-06 23:43:32.858562+01	1	5	48	0	0.00
90	Nike tsunh	kargo awahgui	2026-03-04	2026-03-04 15:54:31.055501+01	1	5	20	0	0.00
144	Corena хар пад	карго авахгүй	2026-03-12	2026-03-12 03:19:36.483955+01	1	6	71	0	0.00
140	OHUI Luxury set	kargo awna	2026-03-10	2026-03-11 09:58:50.517925+01	1	5	29	0	0.00
160	SU:M37 usan tsewerlegch set	kargo awna	2026-03-11	2026-03-12 12:16:32.286717+01	1	5	34	0	0.00
154	SU:M 37 Time Energy guujuulagch gel set	kargo awna	2026-03-10	2026-03-12 10:57:42.804701+01	1	5	60	0	0.00
112	Scotch-brite	kargo awahgui	2026-03-05	2026-03-06 23:39:13.126442+01	1	5	10	0	0.00
143	Biodance ягаан маск	карго авахгүй 	2026-03-12	2026-03-12 03:10:58.719697+01	1	6	13	0	0.00
142	Biodance Маск цэнхэр өнгө	карго авахгүй	2026-03-12	2026-03-12 03:09:59.735781+01	1	6	23	0	0.00
145	LIKE 3тай сет цэнхэр	Карго төлөхгүй	2026-03-12	2026-03-12 03:23:35.752435+01	1	6	130	0	0.00
146	JM solution foundation 21 homer	карго авахгүй	2026-03-12	2026-03-12 03:26:57.975152+01	1	6	201	0	0.00
147	JM solution foundation 23 homer	карго авахгүй	2026-03-12	2026-03-12 03:27:43.483982+01	1	6	193	0	0.00
151	Ариун цэврийн хэрэглэл	Карго авахгүй	2026-03-12	2026-03-12 03:37:27.14975+01	1	6	65	0	0.00
149	ANUA vita C+E serum	карго авахгүй	2026-03-12	2026-03-12 03:32:27.658541+01	1	6	250	0	0.00
148	ANUA шөнийн тос	Карго авахгүй 17500төг	2026-03-12	2026-03-12 03:30:49.122123+01	1	6	97	0	0.00
152	Тирко 5н багц	карго авахгүй	2026-03-12	2026-03-12 03:39:49.82099+01	1	6	131	0	0.00
155	The Whoo Lip rose set	kargo awahgui	2026-03-11	2026-03-12 11:21:24.991151+01	1	5	60	0	0.00
129	The North Face uglaash 143	kargo awahgui	2026-03-09	2026-03-10 15:29:45.823655+01	1	5	5	0	0.00
157	Organic Nut Clusters	kargo awahgui 	2026-03-11	2026-03-12 11:43:19.218621+01	1	5	16	0	0.00
150	Jmella гүнжтэй маск	карго авахгүй	2026-03-12	2026-03-12 03:35:28.449009+01	1	6	209	0	0.00
139	Dolce gusto coffee machine	kargo awahgui	2026-03-10	2026-03-11 09:47:00.361446+01	1	5	5	0	0.00
167	Mikasa Samantha Bone Ayga 20 set	kargo awahgui	2026-03-11	2026-03-12 14:51:27.718937+01	1	5	3	0	0.00
96	Happycall Togoo	kargo awahgui	2026-03-05	2026-03-05 10:01:38.948144+01	1	5	40	0	0.00
170	Ohui clear shield shampoo set	kargo awahgui	2026-03-12	2026-03-14 09:21:52.213432+01	1	5	30	0	0.00
182	Hool zadlagch Kamut	kargo awahgui	2026-03-09	2026-03-15 12:22:34.058933+01	1	5	60	0	0.00
184	Starbucks Dark Roast Premium Soluble 	kargo awahgui	2026-03-11	2026-03-15 12:36:40.260211+01	1	5	12	0	0.00
178	Dewytree mask	Kargo awahgui	2026-03-14	2026-03-14 14:17:24.99277+01	1	6	368	0	0.00
179	Huuhdiin mask	kargo awahgui	2026-03-14	2026-03-14 14:18:10.856147+01	1	6	1500	0	0.00
177	Puma uurgewch	kargo awahgui	2026-03-12	2026-03-14 11:50:36.947301+01	1	5	4	0	0.00
176	Chocopie	kargo awahgui	2026-03-13	2026-03-14 11:26:10.640779+01	1	5	10	0	0.00
224	PERIOE shudnii oo	kargo awna	2026-03-18	2026-03-20 05:22:17.99143+01	1	5	10	0	0.00
169	Kirkland har chawga	kargo awahgui	2026-03-12	2026-03-14 09:07:56.617036+01	1	5	50	0	0.00
168	Farberware nogoo segsregch	kargo awahgui	2026-03-12	2026-03-13 11:30:08.246084+01	1	5	5	0	0.00
196	Kirkland signature coffee	kargo awahgui	2026-03-14	2026-03-16 07:09:24.161594+01	1	5	6	0	0.00
194	Ohui the first luxury lipstick set shar	kargo awna	2026-03-13	2026-03-16 05:17:37.106034+01	1	5	15	0	0.00
226	MEZCLAR BB cream	kargo awahgui 1+1	2026-03-18	2026-03-20 05:29:33.898296+01	1	5	1000	0	0.00
200	Nature republic cusion	kargo awahgui	2026-03-12	2026-03-17 23:42:01.590179+01	1	6	1000	0	0.00
202	Abib mask	kargo awahgui	2026-03-12	2026-03-18 00:00:11.692885+01	1	6	32	0	0.00
204	Tariatai mask	kargo awahgui	2026-03-12	2026-03-18 00:25:44.79736+01	1	6	1	0	0.00
190	Adidas 5n hos oims	kargo awahgui	2026-03-14	2026-03-16 04:29:02.734828+01	1	5	10	0	0.00
173	Ohui black narnii tos	kargo awahgui	2026-03-12	2026-03-14 10:18:58.758089+01	1	5	91	0	0.00
205	Ten Ten mulit vitamin Saaral	kargo awahgui	2026-03-16	2026-03-18 02:58:11.045585+01	1	5	150	0	0.00
220	Teenieping Chatch huuhdiiin untlagiin huwtsas	kargo awahgui	2026-03-16	2026-03-19 06:24:46.862244+01	1	5	5	0	0.00
223	Nature Republic Cusion 1	kargo awahgui	2026-03-12	2026-03-20 05:10:59.663699+01	1	6	1	0	0.00
225	Nike BLAZZER LOW 77 puuz	kargo awahgui	2026-03-18	2026-03-20 05:23:41.143503+01	1	5	1	0	0.00
227	Mogoi tos	kargo awahgui	2026-03-17	2026-03-20 06:01:34.391283+01	1	5	50	0	0.00
188	Sulwhasoo Overnight Vitalizing mask	kargo awahgui, 1+1	2026-03-13	2026-03-16 03:37:17.166576+01	1	5	84	0	0.00
218	Ohui miracle moisture Pink Barrier	kargo awahgui	2026-03-17	2026-03-19 06:12:38.591517+01	1	5	11	0	0.00
240	The North Face Podwolk	kargo awahgui	2026-03-19	2026-03-20 11:06:00.715948+01	1	5	4	0	0.00
215	Euthymol tsairuulah shudnii oo	kargo awahgui	2026-03-16	2026-03-19 05:44:30.628295+01	1	5	12	0	0.00
214	Golden Butter cracker pechen	kargo awahgui	2026-03-17	2026-03-19 05:37:44.731365+01	1	5	30	0	0.00
244	Ohui Ultimate Cover Cusion 01	kargo awahgui	2026-03-18	2026-03-21 15:31:36.588455+01	1	5	30	0	0.00
209	Trixie go pop modtoi chiher	kargo awna	2026-03-17	2026-03-19 05:22:13.542341+01	1	5	8	0	0.00
232	MICHEAL KORS sandal	kargo awahgui	2026-03-18	2026-03-20 08:57:28.037651+01	1	5	11	0	0.00
216	Costco Vonbee hushga, almondtai tsai	kargo awahgui	2026-03-17	2026-03-19 05:47:00.854094+01	1	5	12	0	0.00
206	SU:M37 Skincare special set	kargo awahgui	2026-03-16	2026-03-19 04:57:08.194288+01	1	5	33	0	0.00
217	Vonbee darhlaa demjih tsai	kargo awahgui	2026-03-17	2026-03-19 05:53:03.403763+01	1	5	6	0	0.00
236	SALOMON Emegtei gutal	kargo awahgui	2026-03-18	2026-03-20 09:33:24.850027+01	1	5	2	0	0.00
243	Micheal Kors Huuhdiih	kargo	2026-03-19	2026-03-21 02:52:26.22147+01	1	5	3	0	0.00
245	Ohui Ultimate Cover Cusion 02	kargo awahgui	2026-03-18	2026-03-21 15:32:26.841243+01	1	5	54	0	0.00
242	nike kids	kargo	2026-03-18	2026-03-21 02:47:20.675606+01	1	5	1	0	0.00
251	AHC Ten Revolution Real Eye Cream For Face	kargo awahgui	2026-03-20	2026-03-21 17:33:18.165818+01	1	5	24	0	0.00
239	 K2+D3 vitamin	kargo awahgui	2026-03-20	2026-03-20 10:38:35.121863+01	1	5	24	0	0.00
231	WEIDER uurag	kargo awahgui	2026-03-18	2026-03-20 08:54:16.281925+01	1	5	30	0	0.00
207	Costco gariin shingen sawan	kargo awahgui	2026-03-17	2026-03-19 05:14:10.427216+01	1	5	30	0	0.00
235	SALOMON malgai	kargo awahgui	2026-03-18	2026-03-20 09:21:18.806058+01	1	5	1	0	0.00
228	Ohui dual mascara (volume&serum)	kargo awahgui	2026-03-18	2026-03-20 07:45:22.225189+01	1	5	19	0	0.00
246	Ohui cusiontoi kom	kargo awahgui	2026-03-13	2026-03-21 16:16:51.06812+01	1	5	4	0	0.00
212	Vital Proteins collagen peptid	kargo awahgui	2026-03-17	2026-03-19 05:27:20.556516+01	1	5	36	0	0.00
208	Kirkland Ultra Clean gelin vok	kargo awahgui	2026-03-17	2026-03-19 05:17:48.84504+01	1	5	50	0	0.00
219	Nike Terrascout Ps	kargo awahgui	2026-03-13	2026-03-19 06:19:45.418939+01	1	5	8	0	0.00
252	Nike FLYKNIT BLOOM	kargo tuluhgui	2026-03-20	2026-03-21 18:11:16.339584+01	1	5	2	0	0.00
253	W NIKE court vision alta	kargo awahgui	2026-03-20	2026-03-21 18:35:16.163775+01	1	5	2	0	0.00
247	Aveeno Daily Body Wash Yagaan	kargo awahgui	2026-03-19	2026-03-21 16:52:27.792257+01	1	5	6	0	0.00
250	Nike JORDAN Malgai	kargo tuluhgui	2026-03-20	2026-03-21 17:26:37.920222+01	1	5	6	0	0.00
192	Puma sneakers shuffle	kargo awna	2026-03-12	2026-03-16 05:00:04.748132+01	1	5	25	0	0.00
213	Costco Haleys nuur budaltiin bags	kargo awahgui	2026-03-16	2026-03-19 05:32:48.269069+01	1	5	24	0	0.00
249	Scrubbing Bubbles	kargo awahgui	2026-03-20	2026-03-21 17:23:07.735948+01	1	5	54	0	0.00
222	Nike AIR MAX DN ROAM 	kargo awahgui	2026-03-16	2026-03-19 06:50:52.453086+01	1	5	5	0	0.00
198	Himalaya yagaan dawstai am zailagch	kargo awahgui	2026-03-15	2026-03-16 09:20:43.709931+01	1	5	18	0	0.00
174	Ohui Advancer pro nogoon kom	kargo awahgui	2026-03-12	2026-03-14 10:55:08.255499+01	1	5	51	0	0.00
237	Costco Guy Laroche Paris bannii alchuur	kargo awahgui	2026-03-19	2026-03-20 10:10:35.53261+01	1	5	30	0	0.00
230	DR.G har emgen humstai tos	kargo awahgui	2026-03-18	2026-03-20 08:04:55.869144+01	1	5	160	0	0.00
254	MICHEAL KORS puuz mungulug	kargo awahgui	2026-03-21	2026-03-21 18:49:47.537841+01	1	5	2	0	0.00
255	MICHEAL KORS puuz altlag	kargo awahgui	2026-03-21	2026-03-21 18:50:11.368858+01	1	5	2	0	0.00
256	Estée Lauder Advanced Night Repair Serum	kargo awahgui	2026-03-20	2026-03-21 19:03:55.428303+01	1	5	1	0	0.00
257	Salomon XT-4 OG	kargo awahgui	2026-03-20	2026-03-21 19:12:12.482616+01	1	5	1	0	0.00
295	Nike VISTA Sandal	kargo awahgui	2026-03-26	2026-03-27 02:21:27.233116+01	1	5	1	0	0.00
262	NIKE COSMIC RUNNER	kargo awahgui	2026-03-22	2026-03-23 06:46:58.506331+01	1	5	4	0	0.00
263	Columbia uurgewch	kargo awahgui	2026-03-22	2026-03-23 07:30:47.418793+01	1	5	1	0	0.00
264	Nike c1ty GS	kargo awahgui	2026-03-22	2026-03-23 07:35:35.39864+01	1	5	6	0	0.00
270	W NIKE FREE METCON 5	kargo awahgui	2026-03-21	2026-03-23 19:10:54.132848+01	1	5	1	0	0.00
271	Adidas Adicane Slides (uglaash)	kargo awahgui	2026-03-23	2026-03-23 22:35:46.330647+01	1	5	2	0	0.00
272	Adidas PUIG	kargo awahgui	2026-03-23	2026-03-23 22:46:00.659863+01	1	5	1	0	0.00
275	Adidas SL72 RS	kargo awahgui	2026-03-23	2026-03-24 03:29:06.303039+01	1	5	1	0	0.00
284	Adias Stan Smith	kargo awahgui	2026-03-24	2026-03-25 02:14:39.49625+01	1	5	1	0	0.00
285	Adidas Hiaven SPZL	kargo awahgui	2026-03-24	2026-03-25 02:26:37.628089+01	1	5	2	0	0.00
286	Salomon	kargo awahgui	2026-03-23	2026-03-25 03:03:32.616106+01	1	5	2	0	0.00
282	Costco Hundaga	kargo awahgui	2026-03-24	2026-03-25 01:56:32.788213+01	1	5	12	0	0.00
281	Starbucks Limited Edition	kargo awahgui	2026-03-24	2026-03-25 01:50:04.837504+01	1	5	4	0	0.00
280	CLIO cusion 23	kargo awahgui	2026-03-23	2026-03-24 18:16:38.991893+01	1	5	80	0	0.00
279	CLIO cusion 21	kargo awahgui	2026-03-23	2026-03-24 18:16:22.132185+01	1	5	80	0	0.00
278	Costco Meyers gadarguu tsewerlegch	kargo awahgui	2026-03-24	2026-03-24 18:08:14.870628+01	1	5	12	0	0.00
283	BB Lab hool zadlagch	kargo awahgui	2026-03-24	2026-03-25 02:03:39.858564+01	1	5	20	0	0.00
273	Micheal Kors Zuzaan ultai	kargo awahgui	2026-03-23	2026-03-24 00:46:17.306859+01	1	5	9	0	0.00
274	Micheal Kors altlag 235	kargo awahgui	2026-03-23	2026-03-24 03:18:09.640862+01	1	5	4	0	0.00
268	Jordan luka 4	kargo awahgui	2026-03-22	2026-03-23 19:01:29.22322+01	1	5	2	0	0.00
267	Adidas Tyshawn 2	kargo awahgui	2026-03-22	2026-03-23 18:57:58.450189+01	1	5	46	0	0.00
266	ADIDAS gazelle SPZL	kargo awahgui	2026-03-22	2026-03-23 18:51:52.431979+01	1	5	20	0	0.00
265	TEAM HUSTLE D12&Lego col	kargo awahgui	2026-03-22	2026-03-23 18:49:16.930127+01	1	5	5	0	0.00
261	Costco Dealim Bath us shuugch	kargo awahgui	2026-03-21	2026-03-23 05:59:08.708628+01	1	5	30	0	0.00
259	Ohui Age Recovery shine set	kargo awahgui	2026-03-21	2026-03-21 19:54:18.765378+01	1	5	60	0	0.00
269	Nike C1TY PRM	kargo awahgui	2026-03-22	2026-03-23 19:06:56.335985+01	1	5	9	0	0.00
248	Aveeno Daily Body Wash Nogoon	kargo awahgui	2026-03-19	2026-03-21 16:53:05.30298+01	1	5	6	0	0.00
291	W NIke Interact Run Easyon	kargo awahgui	2026-03-26	2026-03-27 01:36:43.431968+01	1	5	10	0	0.00
294	SKIN1004 Madagascar Centella Ampoule	kargo awahgui	2026-03-25	2026-03-27 02:17:09.156604+01	1	5	3	0	0.00
303	Nike Jordan Podwolk tsagaan 2XL	kargo awahgui	2026-03-26	2026-03-27 18:25:24.27469+01	1	5	2	0	0.00
301	Nike Jordan Podwolk tsagaan L	kargo awahgui	2026-03-26	2026-03-27 18:19:49.490865+01	1	5	3	0	0.00
302	Nike Jordan Podwolk tsagaan XL	kargo awahgui	2026-03-26	2026-03-27 18:22:03.869842+01	1	5	5	0	0.00
304	Nike Hoodie Saaral L	kargo awahgui	2026-03-26	2026-03-28 01:04:28.742403+01	1	5	2	0	0.00
305	Nike Hoodie Har XL	kargo awahgui	2026-03-26	2026-03-28 01:06:42.273507+01	1	5	1	0	0.00
306	Nike Hoodie Saaral 2XL	kargo awahgui	2026-03-26	2026-03-28 01:09:51.556851+01	1	5	3	0	0.00
307	Nike Hoodie Har 2XL	kargo awahgui	2026-03-26	2026-03-28 01:10:32.838121+01	1	5	1	0	0.00
309	Ohui Day Shield Ultra Narnii tostoi set	kargo awahgui	2026-03-25	2026-03-28 01:18:57.641345+01	1	5	4	0	0.00
299	Adidas Uurgewch	kargo awahgui	2026-03-24	2026-03-27 17:59:38.531566+01	1	5	4	0	0.00
310	Aveeno Lotion 	kargo awhgui	2026-03-25	2026-03-28 01:36:32.772538+01	1	5	12	0	0.00
293	Perwoll har vok hos	kargo awahgui	2026-03-25	2026-03-27 02:10:15.26293+01	1	5	50	0	0.00
308	Carrot Pad Skinfood	kargo awahgui	2026-03-25	2026-03-28 01:15:51.766081+01	1	5	4	0	0.00
300	Nike Jordan Podwolk har XL	kargo awahgui	2026-03-26	2026-03-27 18:11:57.421834+01	1	5	10	0	0.00
297	Nike Tsagaan umd M	kargo awahgui	2026-03-26	2026-03-27 02:28:46.119352+01	1	5	4	0	0.00
290	YOGURT POWDER	kargo awahgui	2026-03-25	2026-03-27 00:33:44.274053+01	1	5	40	0	0.00
289	NEPA hantsuiwch L	kargo awahgui	2026-03-24	2026-03-27 00:16:16.293082+01	1	5	12	0	0.00
288	NEPA hantsuiwch M	kargo awahgui	2026-03-24	2026-03-27 00:14:42.830665+01	1	5	12	0	0.00
277	Puma Taawchik	kargo awahgui	2026-03-24	2026-03-24 18:02:31.374291+01	1	5	13	0	0.00
311	Adidas Shmoofoil Slip	kargo awahgui	2026-03-26	2026-03-29 17:46:29.607939+02	1	5	1	0	0.00
312	Adidas LOTHERTEX SPZL EC	kargo awahgui	2026-03-26	2026-03-29 17:51:06.490578+02	1	5	1	0	0.00
313	Nike Jordan Podwolk har M	55, kargo awahgui	2026-03-26	2026-03-29 18:07:50.062533+02	1	5	2	0	0.00
314	Nike Jordan Podwolk har S	55, kargo awahgui	2026-03-26	2026-03-29 18:09:04.299738+02	1	5	1	0	0.00
315	Samsonite Chemodan Saaral	kargo awna	2026-03-19	2026-03-29 18:55:04.067822+02	1	5	15	0	0.00
316	Samsonite Chemodan Huh	kargo awna	2026-03-19	2026-03-29 19:03:05.427894+02	1	5	15	0	0.00
318	Micheal Kors ket Tsagaan	197, kargo awahgui	2026-03-18	2026-03-29 19:19:44.660414+02	1	5	1	0	0.00
319	Micheal Kors ket Bor	197, kargo awahgui	2026-03-18	2026-03-29 19:23:17.060542+02	1	5	1	0	0.00
320	The Whoo Gongjinhyang Royal Hand Cream SPF10 gariin tos	kargo awahgui	2026-03-27	2026-03-29 20:23:13.825733+02	1	5	1	0	0.00
321	Black ramen	65.5, kargo awahgui	2026-03-27	2026-03-30 03:00:37.747427+02	1	5	1	0	0.00
322	Nike huh Uurgewch	kargo awna	2026-03-27	2026-03-30 03:07:42.080929+02	1	5	9	0	0.00
323	Nike Sarfanchik L	kargo awahgui	2026-03-26	2026-03-30 03:12:20.959352+02	1	5	1	0	0.00
324	Starbucks Urlen Coffee	kargo awahgui	2026-03-27	2026-03-30 03:15:37.612032+02	1	5	3	0	0.00
\.


--
-- Data for Name: order_orderitem; Type: TABLE DATA; Schema: public; Owner: postgres
--

COPY public.order_orderitem (id, name, description, phone_number, quantity, shipping_price, address, arrive_date, deliver_date, created_at, updated_at, order_id, status_id) FROM stdin;
3192	90151208 FB KHALIUN KHALIUN SIZE 37 TSNHER ADIIDS ХААНААС: 150000 ХАЛИУН НАРАНГЭРЭЛ	\N	1165182219	1	0	Сүхбаатар дүүрэг 7р хороо Денвэр 12а байр 88 тоот утас 90151208	\N	\N	2026-03-23 18:51:59.345567+01	2026-03-23 18:51:59.345586+01	266	4
2006	99079528starbuks dark poast premium soluble	\N	5316045154	1	0	\N	\N	\N	2026-03-15 12:36:47.539316+01	2026-03-20 07:29:51.394224+01	184	1
1036	Koto Ori 89020009 Prana organic	\N	5090500125	1	0	Эрдэнэтрүү	2026-03-24	\N	2026-03-06 06:59:41.19745+01	2026-03-24 10:26:25.682173+01	81	2
1137	Ganbat Dorjpagma, 99084240, тос	\N	5112076331	1	0	\N	2026-03-24	\N	2026-03-06 23:13:28.577295+01	2026-03-24 11:53:15.840266+01	111	3
949	Odonchimeg Odkhuu 99002435 Nike tsunkh ХААНААС: 340000 ОДОНЧИМЭГ ОДХҮҮ	\N	343100169484	1	0	Хан-Уул дүүрэг, 3 дугаар хороо, Cozy apartment 7/1-41 тоот 90090120, 99002435	\N	\N	2026-03-04 16:18:45.180272+01	2026-03-24 05:23:22.705938+01	90	6
3379	Doljoo Doljoo. 89196617 . Dr.G	\N	5084029662	1	0	\N	\N	\N	2026-03-24 18:33:14.614321+01	2026-03-24 18:33:14.614369+01	230	4
3380	DR G tos, 88885986	\N	5305917083	1	0	\N	\N	\N	2026-03-24 18:33:14.627002+01	2026-03-24 18:33:14.627021+01	230	4
1042	BosooMunguntuul91915274 Prana	\N	5009068894	1	0	\N	2026-03-25	\N	2026-03-06 06:59:48.319802+01	2026-03-25 04:31:26.582285+01	81	3
1169	altuna smile ten ten vitamin 1 ХААНААС: 340000 АЛТАНТУЯА БЯМБАА	\N	103800027724	1	0	\N	\N	\N	2026-03-06 23:56:22.200857+01	2026-03-25 09:35:53.372374+01	114	6
1171	Mglnt Tuya 91991220 Ten Ten 2	\N	5305272474	2	0	\N	\N	\N	2026-03-06 23:56:22.210233+01	2026-03-25 09:36:00.784387+01	114	6
1172	95340359 ten ten osoltin vitamin	\N	5096159734	2	0	\N	\N	\N	2026-03-06 23:56:22.214592+01	2026-03-25 09:36:02.700981+01	114	6
1301	Zulaa Munkhzul 99027344 aylaliin set	\N	5225148243	1	0	\N	\N	\N	2026-03-08 05:04:08.691157+01	2026-03-25 09:42:55.364853+01	122	6
1168	балжиннямын болдбаатар 99996913 ten ten	\N	5019118676	1	0	\N	2026-03-27	\N	2026-03-06 23:56:22.194527+01	2026-03-27 06:22:15.840984+01	114	3
2007	Ариунаа Жавзмаа 80006665 Starbucks кофе	\N	5234001309	1	0	\N	\N	\N	2026-03-15 12:36:47.547214+01	2026-03-20 07:29:52.490382+01	184	1
1300	ayalal set 99079528	\N	5316045154	1	0	\N	2026-03-27	\N	2026-03-08 05:04:08.686134+01	2026-03-27 09:24:59.230565+01	122	3
947	Mishka Mishka (99093484) Nike цүнх (хар)	\N	5014159276	1	0	\N	2026-03-26	\N	2026-03-04 16:18:45.15351+01	2026-03-26 09:27:30.909695+01	90	3
1038	g.namuundari 99940498 chia oat 2sh	\N	5001720421	2	0	\N	2026-03-26	\N	2026-03-06 06:59:41.208831+01	2026-03-26 08:15:04.027013+01	81	3
1047	suvda suvd,99092573, prana chia&oat	\N	5041362739	1	0	\N	2026-03-27	\N	2026-03-06 06:59:48.346958+01	2026-03-27 10:59:47.046651+01	81	3
1027	BolorchuluunGanzorig80109100 outdoor L sz	\N	5117025280	1	0	\N	2026-03-27	\N	2026-03-06 06:58:04.102302+01	2026-03-27 11:38:24.409641+01	77	3
2008	solongo bt.99008383.starbucks-170 stick	\N	5071443386	1	0	\N	\N	\N	2026-03-15 12:36:47.552338+01	2026-03-20 07:29:53.721669+01	184	1
2027	Star dark roast Oyunbold Ganbold 99841783	\N	5003608340	1	0	\N	\N	\N	2026-03-15 13:17:41.606257+01	2026-03-20 07:29:56.730021+01	184	1
1163	otgoo oogii 99099052 Тос	\N	5007268579	1	0	\N	2026-03-26	\N	2026-03-06 23:46:08.694623+01	2026-03-26 11:21:15.159675+01	94	3
1073	Nyamsuren Baatarsuren 96568778 Togoo	\N	5306070135	1	0	\N	2026-03-26	2026-03-26	2026-03-06 19:10:35.808887+01	2026-03-26 11:51:21.28865+01	96	6
3599	С.баяр 89680005 ,L1 XL1	\N	5032546547	1	0	\N	\N	\N	2026-03-27 18:27:08.246803+01	2026-03-27 18:27:08.246819+01	301	4
2703	Haleys makeup brush set, 99112602	\N	5079006641	1	0	\N	\N	\N	2026-03-20 08:01:13.962346+01	2026-03-20 08:01:13.962368+01	213	4
3637	Deenee Deenee, 99098902, OHUI cushion 01	\N	5315081353	1	0	\N	\N	\N	2026-03-28 01:46:03.733064+01	2026-03-28 01:46:03.733083+01	244	4
1167	ten ten Galaads 99006252	\N	5022867686	1	0	\N	2026-03-28	\N	2026-03-06 23:56:22.178152+01	2026-03-28 08:10:17.962754+01	114	3
1118	Torbat Narantungalag 99555833	\N	5090473600	1	0	Эрдэнэт	\N	\N	2026-03-06 23:12:34.292032+01	2026-03-23 12:05:06.537549+01	110	5
1120	jigjid dolgormaa 99068025 cetaphil-1	\N	5057051088	1	0	3,4-r horoolol 10000 neriin baraani baruun taliin pizzahuttai zalgaa solongos plaza delguur utas 99068025	\N	\N	2026-03-06 23:12:34.304403+01	2026-03-23 12:05:01.885186+01	110	6
1046	чиа үр zaya zaya 91112838	\N	5166093070	1	0	\N	\N	\N	2026-03-06 06:59:48.340639+01	2026-03-23 11:26:41.535917+01	81	6
1044	EB -Kh Javzandulam 89891127 Prana organic Chia Oat ХААНААС: 040000 ЖАВЗАНДУЛАМ ХОРОЛСҮРЭН	\N	499170229	1	0	\N	\N	\N	2026-03-06 06:59:48.331196+01	2026-03-23 11:26:51.202935+01	81	5
1041	Ts.Gantuya Ugluunii hool 3sh 96058033	\N	5009380688	3	0	\N	\N	\N	2026-03-06 06:59:41.225974+01	2026-03-23 11:27:01.333295+01	81	6
1040	Unuruu uunuu, ugluu hool 3, 99076343 ХААНААС: 320000 ӨНӨРЖАРГАЛ МАХВАЛ	\N	5000718905	3	0	\N	\N	\N	2026-03-06 06:59:41.219798+01	2026-03-23 11:27:03.813538+01	81	6
1039	EB -nomin tuvshinbayar 99073227 Prana Berry Fairy2 ХААНААС: 040000 НОМИН ТҮВШИНБАЯР	\N	495075279	2	0	\N	\N	\N	2026-03-06 06:59:41.214432+01	2026-03-23 11:27:05.701983+01	81	6
1122	setapil tos 88662730	\N	5033116727	1	0	\N	\N	\N	2026-03-06 23:12:34.313977+01	2026-03-23 12:04:54.894784+01	110	6
1121	EB -urantogos ganhuyag cetaphil tos ХААНААС: 040000 УРАНТОГОС ГАНХУЯГ	\N	410029830	1	0	\N	\N	\N	2026-03-06 23:12:34.309149+01	2026-03-23 12:04:59.262521+01	110	6
1119	ceraphil lotion , 99860099, mak puje	\N	5028896917	1	0	\N	\N	\N	2026-03-06 23:12:34.298598+01	2026-03-23 12:05:03.890139+01	110	6
948	ENKHJARGAL JAGAA 88115183 NIKE TSUNH ХААНААС: 150000 ЭНХЖАРГАЛ БАДАРЧ	\N	3055198899	1	0	\N	\N	\N	2026-03-04 16:18:45.172061+01	2026-03-24 05:23:20.677496+01	90	6
1105	KhulanBaatarkhuu 99093646 nike tsvnh	\N	5021198002	1	0	\N	\N	\N	2026-03-06 19:28:10.366776+01	2026-03-24 05:23:32.959371+01	90	6
1071	myagmar yranchimeg 99352277	\N	5094643388	1	0	\N	\N	\N	2026-03-06 19:10:35.779095+01	2026-03-24 05:24:57.972774+01	96	6
1074	EB -happy cool togoo Orgil Enkh 99915948 ХААНААС: 040000 МӨНХ-ОРГИЛ ЭНХМӨНХ	\N	413004504	1	0	\N	\N	\N	2026-03-06 19:10:35.817298+01	2026-03-24 05:25:12.264195+01	96	6
1076	Ariuk ba 99252007 Happy call togoo	\N	5029178666	1	0	\N	\N	\N	2026-03-06 19:10:35.85395+01	2026-03-24 05:25:15.935823+01	96	6
1077	EB -uchral chaak 88047048 hairuulin tawag ХААНААС: 040000 УЧРАЛТБЯМБА ЭРДЭНЭДӨШ	\N	414046494	1	0	\N	\N	\N	2026-03-06 19:10:35.86223+01	2026-03-24 05:25:31.803801+01	96	6
1079	Uuree Uuree.99003891.Togoo	\N	5016228456	1	0	\N	\N	\N	2026-03-06 19:10:35.871856+01	2026-03-24 05:25:39.504453+01	96	5
1080	Duurenjargalmaa 95329432 Togoo	\N	5561242876	1	0	\N	\N	\N	2026-03-06 19:10:35.884115+01	2026-03-24 05:25:41.574463+01	96	5
1081	Dairiihvv Dairii 99230709 Togoo	\N	5133169302	1	0	\N	\N	\N	2026-03-06 19:10:35.896247+01	2026-03-24 05:25:43.661276+01	96	5
1082	тогоо 99057990	\N	5001074747	1	0	\N	\N	\N	2026-03-06 19:10:35.905119+01	2026-03-24 05:25:45.677815+01	96	6
1083	Н.Хулан 95257733 happycall тогоо 32см ХААНААС: 340000 ХУЛАН НЯМСАМБУУ	\N	336699336699	1	0	\N	\N	\N	2026-03-06 19:10:35.915097+01	2026-03-24 05:25:48.884968+01	96	6
1061	salat amtlagch 88662730	\N	5033116727	1	0	\N	\N	\N	2026-03-06 18:49:51.921138+01	2026-03-24 05:28:27.859673+01	105	6
2086	Uuganaa Ichinnirow, 88047054, lip balm	\N	5040032109	1	0	\N	\N	\N	2026-03-16 04:01:56.070459+01	2026-03-20 06:53:29.216997+01	155	1
1022	Naranzol Naraa 99901370  size XL	\N	5040111231	1	0	\N	2026-03-24	\N	2026-03-06 06:57:51.008237+01	2026-03-24 05:47:31.726115+01	77	3
997	Naranzol Naraa ,size L tsagaan ,99901370	\N	5003549393	1	0	\N	2026-03-24	2026-03-24	2026-03-05 10:20:55.872876+01	2026-03-24 05:48:52.437399+01	102	3
994	91910576,оймс хар өнгө эр	\N	5628302083	1	0	\N	2026-03-24	\N	2026-03-05 10:20:55.854162+01	2026-03-24 08:31:13.690318+01	102	3
1000	Zolzaya 99071455 har, tsa oims 1,1 sh 35900	\N	5031455479	2	0	\N	2026-03-24	\N	2026-03-05 10:20:55.895729+01	2026-03-24 10:02:59.775836+01	102	3
986	Dolgorsuren Sugar 86100262 tsagaan M razmer	\N	5304708751	1	0	\N	2026-03-24	\N	2026-03-05 10:20:55.789715+01	2026-03-24 09:47:32.06409+01	102	3
973	Zolzaya Bilegsaikhan 99071455 har nike tsunh	\N	5031455479	1	0	\N	2026-03-24	\N	2026-03-05 04:34:50.434311+01	2026-03-24 10:02:57.339461+01	90	3
1005	MUNKHSAIKHAN NURZED BUURTSAGNI TOS ХААНААС: 150000 МӨНХСАЙХАН НҮРЗЭД	\N	3015111551	1	0	\N	2026-03-24	\N	2026-03-05 10:30:45.802623+01	2026-03-24 10:15:35.021425+01	94	3
2743	tuul chuluunbaatar 89062134	\N	5133275220	1	0	\N	\N	\N	2026-03-20 08:12:12.60535+01	2026-03-20 08:12:12.605368+01	208	4
1020	99004201 outdoor 3 uur ungu M size	\N	5093075925	1	0	Эрдэнэтийн унаанд дайх 99004201	2026-03-24	\N	2026-03-06 06:57:50.995448+01	2026-03-24 10:18:03.52714+01	77	2
1031	Doogii lora 99088350 prana organic	\N	5069054778	1	0	Arkhangai 99088350	2026-03-27	\N	2026-03-06 06:59:41.166636+01	2026-03-27 10:30:54.369646+01	81	2
1033	Nandintsetseg Va 98102433 Prana organic	\N	5057127276	1	0	Бгд 11 р хороо очир хотхон 78А байр 2 р орц 403\n98102433\nОрц код:37түлхүүр 3859	2026-03-24	\N	2026-03-06 06:59:41.176423+01	2026-03-24 10:25:00.459385+01	81	2
3381	гэгээн гэрэл. хар эмгэн х. тос.99391633	\N	5094697345	1	0	\N	\N	\N	2026-03-24 18:33:14.639554+01	2026-03-24 18:33:14.639574+01	230	4
1026	putbolk L 3 n uur ungu 88662730	\N	5033116727	1	0	\N	\N	\N	2026-03-06 06:57:51.034506+01	2026-03-23 10:49:27.464963+01	77	6
1025	putbolk M 3n uur ungu 88662730	\N	5033116727	1	0	\N	\N	\N	2026-03-06 06:57:51.02828+01	2026-03-23 10:49:29.253089+01	77	6
1024	TRF=007568684258-**********XX4166-ATM524>Ulaanbaat ИХ УУЛ86088117 ФУТВОЛК РАЗ Л	\N	5007336696	1	0	\N	\N	\N	2026-03-06 06:57:51.022154+01	2026-03-23 10:49:32.564741+01	77	5
1023	А.Nandin Nandia 89197745 3 хос подволк сайз Л ХААНААС: 320000 НАНДИНЧИМЭГ ДАШ-ОРОГДОЛ	\N	5005145023	1	0	\N	\N	\N	2026-03-06 06:57:51.016143+01	2026-03-23 10:49:34.365145+01	77	6
1021	bayaraa bayaraa, 99122792, 3n ongiin L sz	\N	5027615066	1	0	\N	\N	\N	2026-03-06 06:57:51.001235+01	2026-03-23 10:49:39.039085+01	77	6
1306	Ferlitaferla 99009391 aylal set	\N	5076104405	1	0	\N	2026-03-27	\N	2026-03-08 05:04:08.713963+01	2026-03-27 08:41:04.598723+01	122	3
1035	89458077 zeeree khurlee chia oat	\N	5315241467	1	0	\N	\N	\N	2026-03-06 06:59:41.190246+01	2026-03-23 11:27:14.287493+01	81	6
3382	ZolzayaZolushka 99177119 DR,G hugshrult tos/2 sh ХААНААС: 320000 ЗОЛЗАЯА ДОРЖПАЛАМ	\N	5005770962	2	0	\N	\N	\N	2026-03-24 18:33:14.645894+01	2026-03-24 18:33:14.645915+01	230	4
1350	shukitotsogt 99066634 tenten 1	\N	5312887865	1	0	\N	\N	\N	2026-03-08 15:03:34.305842+01	2026-03-25 09:36:27.964311+01	114	6
1339	Uuganaa Enkhbayar 99050294 aylal set	\N	5167877383	1	0	\N	\N	\N	2026-03-08 14:25:39.689312+01	2026-03-25 09:42:32.27042+01	122	6
1338	88070594 aylal set ХААНААС: 320000 ДУЛАМСҮРЭН БАЯРМАГНАЙ	\N	5005632565	1	0	\N	\N	\N	2026-03-08 14:25:39.681789+01	2026-03-25 09:42:34.983462+01	122	6
1309	Д.Сайнжаргал 99488944 аялал сет	\N	5336144322	1	0	\N	\N	\N	2026-03-08 05:04:08.719857+01	2026-03-25 09:42:36.971023+01	122	6
1305	EB -uugii melody 96601033 aylal set ХААНААС: 040000 УЯНГА ЭНХЖАРГАЛ	\N	439000756	1	0	\N	\N	\N	2026-03-08 05:04:08.710538+01	2026-03-25 09:42:45.998622+01	122	6
1302	Хишигдулам Оюунцэцэг 99739110 аялал сет	\N	5721242173	1	0	\N	\N	\N	2026-03-08 05:04:08.695783+01	2026-03-25 09:42:52.771335+01	122	6
989	emegtei xar, eregtei xar ungutei oims1,1bagts	\N	5316045154	2	0	\N	2026-03-27	\N	2026-03-05 10:20:55.820953+01	2026-03-27 09:25:01.804108+01	102	3
999	tsagan oims M 99978587 dlg tselteng	\N	5727362277	1	0	\N	2026-03-26	\N	2026-03-05 10:20:55.883733+01	2026-03-26 04:51:30.363656+01	102	3
1030	MM:khishgee 89359655 Prana organic  (ХААН БАНК МӨН ХААНААС: 520000 ХИШИГЖАРГАЛ БАТЦАГААН	\N	110027543490	1	0	\N	2026-03-26	\N	2026-03-06 06:59:41.160865+01	2026-03-26 10:10:47.155332+01	81	3
1034	ERDENEOCHIR ODNOO 99325155 CHIA ХААНААС: 150000 ОДНОО ЭРДЭНЭ-ОЧИР	\N	2025160576	1	0	\N	2026-03-27	\N	2026-03-06 06:59:41.183966+01	2026-03-27 09:46:34.831943+01	81	3
3570	Delguurt Yumearth	\N	5044019334	17	0	\N	\N	\N	2026-03-27 11:41:58.040106+01	2026-03-27 11:42:05.73669+01	97	4
3600	С.баяр 89680005 ,L1 XL1	\N	5032546547	1	0	\N	\N	\N	2026-03-27 18:27:44.75101+01	2026-03-27 18:27:44.751034+01	302	4
1019	ENKHUUSH 99907015 #OUTDOOR PUTBOLK SIZE-XL ХААНААС: 150000 ???????? ????????	\N	3305108374	1	0	\N	2026-03-28	\N	2026-03-06 06:57:50.986005+01	2026-03-28 07:30:45.834021+01	77	3
992	har 36 oims 88133511	\N	5070288396	1	0	\N	2026-03-28	\N	2026-03-05 10:20:55.842556+01	2026-03-28 07:43:42.344086+01	102	3
1308	аялал сет Мөөгий Б. 89920434	\N	5026610159	1	0	\N	2026-03-30	\N	2026-03-08 05:04:08.717902+01	2026-03-30 06:56:30.155031+02	122	3
972	Батдэлгэр Т (99014617) nike tsunkh	\N	5554058839	1	0	\N	\N	\N	2026-03-05 04:34:50.425864+01	2026-03-24 05:23:24.954608+01	90	6
1008	мнх чмг 88038128 togoo	\N	5045457094	1	0	\N	\N	\N	2026-03-05 10:34:13.134165+01	2026-03-24 05:24:45.979919+01	96	5
1009	xaйруулын таваг zaya zaya 91112838	\N	5166093070	1	0	\N	\N	\N	2026-03-05 10:34:13.140662+01	2026-03-24 05:24:47.893092+01	96	6
1011	azaa azaa 86002956 togoo	\N	5042210106	1	0	\N	\N	\N	2026-03-05 10:34:13.150433+01	2026-03-24 05:24:51.446331+01	96	6
1012	Ganaa tsee 88074335 togoo	\N	5016404171	1	0	\N	\N	\N	2026-03-05 10:34:13.154168+01	2026-03-24 05:24:53.053292+01	96	6
1343	bolortsetseg gankhuyag 99675666 Mc vities	\N	5033123676	1	0	\N	\N	\N	2026-03-08 14:48:39.226267+01	2026-03-24 05:27:04.644962+01	100	6
1001	99291831 suugii byambasuren pichen	\N	5314233310	1	0	\N	\N	\N	2026-03-05 10:25:04.459612+01	2026-03-24 05:27:18.883477+01	100	6
998	88124844 har 10 sh oims sz 250	\N	5076418694	1	0	\N	\N	\N	2026-03-05 10:20:55.876974+01	2026-03-24 05:27:55.240279+01	102	6
996	ogi mn 99009060 Socktop M Har	\N	5040285265	1	0	\N	\N	\N	2026-03-05 10:20:55.865427+01	2026-03-24 05:27:57.694145+01	102	6
995	Tulga Tulga 80932727 цагаан оймс 230-250 эм	\N	5029779871	1	0	\N	\N	\N	2026-03-05 10:20:55.858979+01	2026-03-24 05:27:59.577353+01	102	6
991	99072201, хар өнгийн оймс раз: 23-25	\N	5077067357	1	0	\N	\N	\N	2026-03-05 10:20:55.834878+01	2026-03-24 05:28:06.907964+01	102	6
990	Б. Мандах 91113768 цагаан оймс 2 ширхэг 230 ХААНААС: 340000 МАНДАХ БЯМБАЖАВ	\N	240000187964	2	0	\N	\N	\N	2026-03-05 10:20:55.826377+01	2026-03-24 05:28:09.384328+01	102	6
988	EB -jagaa nyamdavaa har oims 10 sh M size 99192214 ХААНААС: 040000 ЖАРГАЛТУЯА НЯМДАВАА	\N	419002025	1	0	\N	\N	\N	2026-03-05 10:20:55.817558+01	2026-03-24 05:28:12.902073+01	102	6
987	narantuya angarag oims	\N	5041061594	1	0	\N	\N	\N	2026-03-05 10:20:55.810064+01	2026-03-24 05:28:14.689448+01	102	6
1130	90668866, В.Сарантуяа Cetaphil lotion	\N	5167827456	1	0	Дорноговь аймаг Замын-Үүд	2026-03-24	\N	2026-03-06 23:13:12.985308+01	2026-03-24 10:32:45.755802+01	111	2
1102	Nasaa ts shampoo 99075446	\N	5022848030	1	0	\N	2026-03-24	\N	2026-03-06 19:23:37.295824+01	2026-03-24 05:41:40.42044+01	88	3
2612	N.R cushion 88106971	\N	5042299811	1	0	\N	\N	\N	2026-03-20 05:12:09.699844+01	2026-03-20 08:43:42.972724+01	223	3
1065	mcvit печень, 96021246 davaadulam Lha	\N	5033091802	1	0	\N	2026-03-24	\N	2026-03-06 19:08:04.524996+01	2026-03-24 08:23:16.567439+01	100	3
1049	bolorbolor 88094850 berry fairy chia ur	\N	5625472399	2	0	\N	2026-03-24	\N	2026-03-06 06:59:48.354118+01	2026-03-24 08:32:19.988611+01	81	3
1327	Nyamjav Dariimaa 99224521 Sulwhasoo set	\N	5041023127	2	0	Сүхбаатар аймгийн төв Баруун-Урт сум руу тэнгэр плазагаас таксинд хийлгэе. Cushion, Sulwassoo hos tsugt ni awna shuu utas: 99224521	\N	\N	2026-03-08 13:28:35.639861+01	2026-03-27 05:39:32.169055+01	119	4
1052	NARAA CH, 86599229, LACTOFIT 200SH-TEI ХААНААС: 150000 НАРМӨНХ ЧУЛУУНБААТАР	\N	1505017851	1	0	\N	2026-03-24	\N	2026-03-06 07:02:17.818489+01	2026-03-24 08:44:56.650733+01	89	3
1060	NARAA CH, 86599229, ORIENTAL DRESSING AMTLAGCH ХААНААС: 150000 НАРМӨНХ ЧУЛУУНБААТАР	\N	1505207637	1	0	\N	2026-03-24	\N	2026-03-06 07:08:25.103562+01	2026-03-24 08:47:14.853091+01	105	3
1090	Bolortuya Tuya 88084649	\N	5405250047	1	0	\N	2026-03-23	\N	2026-03-06 19:18:57.771292+01	2026-03-23 09:05:23.429913+01	81	3
1110	NARAA CH, 86599229, PANTENE SHAMPOO,CONDITIONER ХААНААС: 150000 НАРМӨНХ ЧУЛУУНБААТАР	\N	1505207637	1	0	\N	2026-03-24	\N	2026-03-06 21:34:45.25965+01	2026-03-24 08:50:03.388374+01	107	3
1109	NARAA CH, 86599229, PANTENE SHAMPOO,CONDITIONER ХААНААС: 150000 НАРМӨНХ ЧУЛУУНБААТАР	\N	1505207637	1	0	\N	2026-03-24	\N	2026-03-06 21:33:35.768257+01	2026-03-24 08:50:05.939434+01	106	3
1095	NARAA CH, 86599229, VIT C 180SH-TEI ХААНААС: 150000 НАРМӨНХ ЧУЛУУНБААТАР	\N	1505207637	1	0	\N	2026-03-24	\N	2026-03-06 19:21:20.331918+01	2026-03-24 08:50:09.480422+01	95	3
1112	Chuluuntsetseg Damiran, 99235981, togoo	\N	5303283239	1	0	\N	2026-03-24	\N	2026-03-06 22:08:44.990151+01	2026-03-24 09:01:35.518594+01	96	3
1069	MUNKHSAIKHAN NURZED MCVITIES ХААНААС: 150000 МӨНХСАЙХАН НҮРЗЭД	\N	3015111551	1	0	\N	2026-03-24	\N	2026-03-06 19:08:04.546829+01	2026-03-24 10:15:32.650222+01	100	3
1097	Ganbat Dorjpagma, 99084240, vit c	\N	5112076331	2	0	\N	2026-03-24	\N	2026-03-06 19:21:20.34215+01	2026-03-24 11:53:18.482328+01	95	3
3383	Eny Bat 91105755 Clio 21	\N	5019713890	1	0	\N	\N	\N	2026-03-24 18:37:31.801612+01	2026-03-24 18:37:31.801637+01	279	4
3384	MM:bulgaa bj 88007351 CLIO 21nomer (ХААН БАНК МӨНХ ХААНААС: 210000 БУЛГАН БЯМБАЖАВ	\N	2141010597	1	0	\N	\N	\N	2026-03-24 18:37:31.810015+01	2026-03-24 18:37:31.810034+01	279	4
1048	NARAA CH 91912924-BERRY FAIRY OVERNIGHT 2 ХААНААС: 150000 НАРАНЦЭЦЭГ ЧОГНИЙ	\N	1815003079	2	0	\N	2026-03-25	\N	2026-03-06 06:59:48.350488+01	2026-03-25 08:08:21.947357+01	81	3
1129	Р.Уянга 99733033 cetaphil lotion	\N	5901094398	1	0	\N	2026-03-25	\N	2026-03-06 23:12:55.665928+01	2026-03-25 11:24:49.315251+01	110	3
3640	Otgoo2 86807988 Xar uurgevch	\N	5018089825	1	0	\N	\N	\N	2026-03-28 03:53:19.902766+01	2026-03-28 03:53:19.902789+01	299	4
3601	EB -Migalhundev 99167923 DR har emgen humstai tos ХААНААС: 040000 МЯГМАРСҮРЭН ЛХҮНДЭВ	\N	457050145	1	0	\N	\N	\N	2026-03-27 18:32:00.539774+01	2026-03-27 18:32:00.539799+01	230	4
1056	a.bacteria 99978587 dlg tselteng	\N	5727362277	1	0	\N	2026-03-26	\N	2026-03-06 07:02:17.854114+01	2026-03-26 04:51:32.972039+01	89	3
1111	Mishka Mishka (99093484) Гүйлтын хантааз	\N	5014159276	1	0	\N	2026-03-26	\N	2026-03-06 21:47:32.002644+01	2026-03-26 09:27:24.180522+01	108	3
3602	MGL-Hero 99190075 DR.G-tos	\N	5000808089	1	0	\N	\N	\N	2026-03-27 18:32:00.548493+01	2026-03-27 18:32:00.548513+01	230	4
1057	Ts.Gantuya ashigtai bakter 96058033	\N	5303403013	1	0	\N	\N	\N	2026-03-06 07:02:17.859795+01	2026-03-23 10:48:25.560064+01	89	6
1101	otgoo ogi 88093166,1.8l shampoo	\N	5017037888	1	0	\N	2026-03-28	\N	2026-03-06 19:23:37.288572+01	2026-03-28 05:40:21.073688+01	88	3
1089	MYAGMARSUREN MUNKHZUL 88018001 PRANA ORGANIC UGLUU ХААНААС: 150000 ТҮВШИНСАЙХАН ЧУЛУУНБААТАР	\N	1605169146	1	0	\N	2026-03-28	\N	2026-03-06 19:18:57.766264+01	2026-03-28 07:28:04.47281+01	81	3
1054	EB -suri renee 90083933 ashigtai bakter 200 sh-tei ХААНААС: 040000 БУДСҮРЭН ПҮРЭВЖАВ	\N	434020326	1	0	\N	\N	\N	2026-03-06 07:02:17.8396+01	2026-03-23 10:48:34.088391+01	89	6
1070	Undral Lkh 99061052 digestive pechenie ХААНААС: 340000 УНДРАЛ ЛХАМДАШ	\N	340004030573	1	0	\N	2026-03-28	\N	2026-03-06 19:08:04.551097+01	2026-03-28 08:22:43.524953+01	100	3
1093	EB -Очир Эрдэнэ. 99185297. Vit C ХААНААС: 040000 ДУЛАМРАГЧАА ЭРДЭНЭ-ОЧИР	\N	444033832	1	0	\N	2026-03-28	\N	2026-03-06 19:21:20.320896+01	2026-03-28 09:59:14.235637+01	95	3
1344	collagen 89402055	\N	5720979817	1	0	\N	2026-03-28	\N	2026-03-08 14:53:40.428352+01	2026-03-28 10:31:06.064908+01	113	3
1091	Nyamka bathuyag 89110478 berry fairy	\N	5311459159	1	0	\N	\N	\N	2026-03-06 19:18:57.776783+01	2026-03-23 11:26:22.090791+01	81	5
1088	Dorj lkhagvaa 9905 5929 chia ХААНААС: 300000 ЛХАГВАЖАРГАЛ ДОРЖ	\N	3052023106	1	0	\N	\N	\N	2026-03-06 19:18:57.762305+01	2026-03-23 11:26:26.98314+01	81	5
1087	88087237 PRANA ORGANIC ХААНААС: 150000 ОТГОНСҮРЭН ДОНЛИГ	\N	3455187361	1	0	\N	\N	\N	2026-03-06 19:18:57.739525+01	2026-03-23 11:26:29.564258+01	81	5
1094	88087237 VITAMIN C ХААНААС: 150000 ОТГОНСҮРЭН ДОНЛИГ	\N	3455187361	1	0	\N	\N	\N	2026-03-06 19:21:20.328851+01	2026-03-23 11:29:32.571611+01	95	6
1098	purevdorj sarantuya 91913017 Vit C 2sh	\N	5026336117	2	0	\N	\N	\N	2026-03-06 19:21:20.347412+01	2026-03-23 11:29:41.660761+01	95	6
1099	zaya zaya Vitamin C 3xairtsag 91112838	\N	5166093070	3	0	\N	\N	\N	2026-03-06 19:21:20.351385+01	2026-03-23 11:29:44.56502+01	95	5
1128	Bayarmaa Dashdorj, 88114462 Cetaphil	\N	5041527771	1	0	\N	\N	\N	2026-03-06 23:12:42.337795+01	2026-03-23 12:04:39.249947+01	110	6
1127	ceraphil ari ari 88041899	\N	5166050853	1	0	\N	\N	\N	2026-03-06 23:12:42.334133+01	2026-03-23 12:04:41.867785+01	110	5
1126	Otgontsetseg mndlsuren 99986229 cetaphil loti	\N	5402161228	1	0	\N	\N	\N	2026-03-06 23:12:42.329605+01	2026-03-23 12:04:44.840944+01	110	5
1125	DAVAAKHUU GO  99015912,CETAPIL TOS ХААНААС: 150000 ДАВААХҮҮ ГОМБОЖАВ	\N	1103086998	1	0	\N	\N	\N	2026-03-06 23:12:42.326505+01	2026-03-23 12:04:47.344569+01	110	6
1124	ИХБАЯР ИХЭЭ (99427552) CETAPHIL ТОС ХААНААС: 040000 ИХБАЯР УЛАМБАЯР	\N	472027847	1	0	\N	\N	\N	2026-03-06 23:12:42.321298+01	2026-03-23 12:04:50.450871+01	110	6
1131	HALIUNAA BAT CETAPHIL 80888840 ХААНААС: 150000 ХАЛИУНАА БАТЗОРИГ	\N	4715101784	1	0	\N	\N	\N	2026-03-06 23:13:12.994545+01	2026-03-23 12:05:54.707833+01	111	6
1068	bolortuya boloro99036928mc vities	\N	5031186174	1	0	\N	\N	\N	2026-03-06 19:08:04.543056+01	2026-03-24 05:27:10.86921+01	100	6
1066	88087237 DIGESTIVE PECHENI ХААНААС: 150000 ОТГОНСҮРЭН ДОНЛИГ	\N	3455187361	1	0	\N	\N	\N	2026-03-06 19:08:04.533334+01	2026-03-24 05:27:14.377864+01	100	6
1329	AMGALAN MUNKHTUYA 99077114 SHLWASOO SET 2 ХААНААС: 150000 МӨНХТУЯА АМГАЛАН	\N	3625100577	2	0	\N	\N	\N	2026-03-08 13:28:35.649079+01	2026-03-27 05:39:29.212973+01	119	4
1136	NARAA CH, 86599229, CETAPHIL LOTION 2SH ХААНААС: 150000 НАРМӨНХ ЧУЛУУНБААТАР	\N	1505207637	1	0	\N	2026-03-24	\N	2026-03-06 23:13:20.407787+01	2026-03-24 08:49:59.644873+01	111	3
1132	MUNKHSAIKHAN NURZED CETAPHIL ХААНААС: 150000 МӨНХСАЙХАН НҮРЗЭД	\N	3015111551	1	0	\N	2026-03-24	\N	2026-03-06 23:13:13.00112+01	2026-03-24 10:15:29.288285+01	111	3
1092	ankhaa ankhaa80887887 chia vrtei ovyos	\N	5022455378	2	0	сүхбаатар дүүрэг 9-хороо дөлгөөн нуур апартмент 293-р байр 3 давхар 9 тоот орцны код b0293	2026-03-24	\N	2026-03-06 19:18:57.786339+01	2026-03-24 10:34:56.63458+01	81	2
2704	MYAGMARSUREN MUNKHZUL 88018001 BAGS ХААНААС: 150000 МӨНХЗУЛ МЯГМАРСҮРЭН	\N	1109078744	1	0	\N	\N	\N	2026-03-20 08:01:13.969274+01	2026-03-20 08:01:13.969295+01	213	4
3385	Zulaa Zul 99821180 clio 21 nomer	\N	5006397414	1	0	\N	\N	\N	2026-03-24 18:37:31.813804+01	2026-03-24 18:37:31.813822+01	279	4
3386	clio cushion 23,21 utas-99069196 ХААНААС: 340000 ЦЭЦЭГБАДАМ ЦОГБАДРАХ	\N	360000186972	1	0	\N	\N	\N	2026-03-24 18:37:31.819388+01	2026-03-24 18:37:31.819413+01	279	4
1134	cetaphil set,solongo soni,99707016	\N	5402527581	1	0	\N	2026-03-25	\N	2026-03-06 23:13:20.396405+01	2026-03-25 04:37:15.78566+01	111	3
1325	Hulan Oyunchimeg 88178389 Sulwhasoo set	\N	5011348711	1	0	\N	\N	\N	2026-03-08 13:28:35.630031+01	2026-03-27 05:39:36.217708+01	119	4
1324	Gal gerelee toson tseberlegch	\N	5046459487	1	0	\N	\N	\N	2026-03-08 13:28:35.625793+01	2026-03-27 05:39:37.95402+01	119	4
1323	99079528 #SULWHASOO xuus tseverlegch	\N	5316045154	1	0	\N	\N	\N	2026-03-08 13:28:35.620413+01	2026-03-27 05:39:40.281151+01	119	4
1322	OTGONTSETSEG MC 88094132  SULWHASOOЦЭВЭРЛЭГЧ ХААНААС: 150000 ОТГОНЦЭЦЭГ МӨНХСАЙХАН	\N	2405209999	1	0	\N	\N	\N	2026-03-08 13:28:35.616051+01	2026-03-27 05:39:42.620803+01	119	4
1321	TUKA TUKA SULWHASO SET 99553849 ХААНААС: 150000 БҮЗМАА АЛТАНТУУЛ	\N	3695110914	1	0	\N	\N	\N	2026-03-08 13:28:35.610975+01	2026-03-27 05:39:44.424767+01	119	4
1320	Zulaa Munkzul 99027344 ugaagch set	\N	5225148243	1	0	\N	\N	\N	2026-03-08 13:28:35.605917+01	2026-03-27 05:39:46.361142+01	119	4
1148	Bolortuya Tuya 88084649	\N	5405250047	1	0	\N	2026-03-23	\N	2026-03-06 23:41:02.979621+01	2026-03-23 09:05:20.551864+01	89	3
1319	Chiimrog Enhtuwshin 99370112	\N	5048100991	1	0	Сэлэнгэ аймаг сайхан сум (хөтөл)	\N	\N	2026-03-08 13:28:35.602275+01	2026-03-27 05:39:48.188718+01	119	4
1316	Sarantuya rawdan 89011773 нүүр цэвэрлэгч сет хос ХААНААС: 320000 САРАНТУЯА РАВДАН	\N	5002320203	1	0	\N	\N	\N	2026-03-08 13:28:35.590206+01	2026-03-27 05:39:54.236623+01	119	4
1143	Batsukh Baasansuren 94745959, lacto fit ХААНААС: 340000 ТЭНГИС МӨНХЭРДЭНЭ	\N	181000115516	1	0	\N	\N	\N	2026-03-06 23:41:02.956413+01	2026-03-23 10:48:17.709654+01	89	6
1142	Э.ЦЭЛМЭГ,88097068,LACTOFIT ASHIGTAIBAKTER ХААНААС: 150000 ЦЭЛМЭГ ЭРДЭНЭБААТАР	\N	2405125858	1	0	\N	\N	\N	2026-03-06 23:41:02.95008+01	2026-03-23 10:48:20.291844+01	89	6
1315	80034444, khuu urgaa, sulwhasoo	\N	5585416982	1	0	\N	\N	\N	2026-03-08 13:28:35.586522+01	2026-03-27 05:39:55.711028+01	119	4
1314	99009391 sulwhasoo tsewerlegch	\N	5069126440	1	0	\N	\N	\N	2026-03-08 13:28:35.581482+01	2026-03-27 05:40:01.321791+01	119	7
1312	88031598 sulwhasoo tseverlegch set	\N	5753814778	1	0	\N	\N	\N	2026-03-08 13:28:35.574674+01	2026-03-27 05:40:04.418969+01	119	7
1311	Ariuntuya 88090280, sulwhasoo set	\N	5044040649	1	0	\N	\N	\N	2026-03-08 13:28:35.571053+01	2026-03-27 05:40:06.219412+01	119	7
3571	Delguurt Chia Oat	\N	5044019334	10	0	\N	\N	\N	2026-03-27 11:42:57.382502+01	2026-03-27 11:43:08.54914+01	81	4
1147	балжиннямын болдбаатар lacto 99996913	\N	5019118676	1	0	\N	2026-03-27	\N	2026-03-06 23:41:02.974989+01	2026-03-27 06:22:09.017531+01	89	3
1166	С.ЦЭВЭЛ 91108995 LACTO JOY JELLY ХААНААС: 150000 ЦЭВЭЛ САНДАГДОРЖ	\N	1165116450	1	0	\N	\N	\N	2026-03-06 23:49:09.175051+01	2026-03-24 05:26:46.714107+01	99	5
1139	KhulanBaatarkhuu 99093646 er har. em tsagaan	\N	5021198002	2	0	\N	\N	\N	2026-03-06 23:35:19.964467+01	2026-03-24 05:27:44.217164+01	102	6
1138	naraa narantsatsral95285566 цагаан оймс10ш	\N	5048034722	1	0	\N	\N	\N	2026-03-06 23:35:19.950874+01	2026-03-24 05:27:45.795531+01	102	6
1162	purevdorj sarantuya 91913017 collagen 2sh	\N	5026336117	2	0	\N	\N	\N	2026-03-06 23:45:02.948476+01	2026-03-24 05:30:30.444349+01	113	6
1160	С.ЦЭВЭЛ 91108995 SKINCURE CELLTRION ХААНААС: 150000 ЦЭВЭЛ САНДАГДОРЖ	\N	1165116450	1	0	\N	\N	\N	2026-03-06 23:45:02.884395+01	2026-03-24 05:30:32.238014+01	113	6
3603	Э.Батжаргал 9938-0999 Dr.хар эмгэн хумсны ком	\N	5897008150	1	0	\N	\N	\N	2026-03-27 18:32:00.557882+01	2026-03-27 18:32:00.55791+01	230	4
1151	EB -Uyanga Btogtokh 99362937 skincure cell ХААНААС: 040000 УЯНГА БАЛДАНТОГТОХ	\N	407220393	1	0	\N	2026-03-28	\N	2026-03-06 23:44:52.795897+01	2026-03-28 06:13:49.333798+01	113	3
3675	Batsuuri Oyunchimeg 35	\N	5308438393	1	0	\N	\N	\N	2026-03-28 06:24:41.445041+01	2026-03-28 06:24:41.445059+01	265	4
1159	MYAGMARSUREN MUNKHZUL 88018001 SKINCURE CELLTRION ХААНААС: 150000 ТҮВШИНСАЙХАН ЧУЛУУНБААТАР	\N	1605169146	1	0	\N	2026-03-28	\N	2026-03-06 23:45:02.859174+01	2026-03-28 07:27:46.00806+01	113	3
3682	kollagen Tsolmon 96060605	\N	5059858726	1	0	\N	\N	\N	2026-03-29 16:07:20.273988+02	2026-03-29 16:07:20.274039+02	212	4
1157	KhulanBaatarkhuu 99093646 skincure	\N	5021198002	1	0	\N	\N	\N	2026-03-06 23:45:02.792004+01	2026-03-24 05:30:39.232632+01	113	6
1156	Batsukh Baasansuren 94745959, inner lav ХААНААС: 340000 ТЭМҮҮЛЭН МӨНХЭРДЭНЭ	\N	181000168598	1	0	\N	\N	\N	2026-03-06 23:45:02.761846+01	2026-03-24 05:30:41.170303+01	113	6
1154	ENKHJARGAL JAGAA 88115183 SKINCURE ХААНААС: 150000 ЭНХЖАРГАЛ БАДАРЧ	\N	3055198899	1	0	\N	\N	\N	2026-03-06 23:45:02.664153+01	2026-03-24 05:30:45.35204+01	113	6
1153	inner lab collagen 2sh ari ari 88041899	\N	5166050853	2	0	\N	\N	\N	2026-03-06 23:44:52.82214+01	2026-03-24 05:30:47.730104+01	113	5
1152	2hairtsag kollegan 99395075	\N	5045494218	2	0	\N	\N	\N	2026-03-06 23:44:52.807759+01	2026-03-24 05:30:52.193887+01	113	6
1150	ZoljargalSh99088396 skincarecelltrion	\N	5128026439	1	0	\N	\N	\N	2026-03-06 23:44:52.774252+01	2026-03-24 05:30:56.178549+01	113	5
1141	EB -Bebe Togoldor 80017878 lactofit 200sh ХААНААС: 040000 БАЯРЖАРГАЛ ТӨГӨЛДӨР	\N	425001510	1	0	\N	2026-03-25	\N	2026-03-06 23:41:02.941159+01	2026-03-25 10:17:49.454748+01	89	3
1145	EB -Lhagvasuren Erdenesugar 99043335, Lacto fit ХААНААС: 040000 ЭРДЭНЭСУГАР ЛХАГВАСҮРЭН	\N	403166217	1	0	\N	2026-03-26	\N	2026-03-06 23:41:02.966637+01	2026-03-26 06:11:07.529374+01	89	3
1158	EB -Lhagvasuren Erdenesugar 99043335, Scin cure ce ХААНААС: 040000 ЭРДЭНЭСУГАР ЛХАГВАСҮРЭН	\N	403166217	1	0	\N	2026-03-26	\N	2026-03-06 23:45:02.822614+01	2026-03-26 06:11:17.586671+01	113	3
1144	otgoo oogii 99099052 Lacto fit	\N	5007268579	1	0	\N	2026-03-26	\N	2026-03-06 23:41:02.961789+01	2026-03-26 11:21:12.879928+01	89	3
1328	М.НАМУУНАА 95906838 SULWHASOO KOM 2 SHIRHEG ХААНААС: 150000 НАМУУНАА МӨНХТУЛГА	\N	1605134333	2	0	\N	2026-03-27	\N	2026-03-08 13:28:35.645121+01	2026-03-27 04:17:19.190255+01	119	3
1332	Alinaa Nyamjargal 10хос нүүр угаагч	\N	5166211950	10	0	1р хорооллын Мөнгөнгүүрийн урд талын 2р байр 5р орц 1давхарт код 7890#	\N	\N	2026-03-08 13:28:35.658779+01	2026-03-27 05:39:21.698942+01	119	4
1331	batbold otgoo 99160442 sulwhasoo 3shirheg tse	\N	5075276873	3	0	\N	\N	\N	2026-03-08 13:28:35.656336+01	2026-03-27 05:39:23.742162+01	119	4
1330	B. otgonchimeg 99000390 sulwhasoo 2set	\N	5753876144	2	0	\N	\N	\N	2026-03-08 13:28:35.653187+01	2026-03-27 05:39:25.145994+01	119	4
2009	BUJINEE MUNKHBAT 99795313 STARBUCKS ХААНААС: 150000 БҮЖМАА МӨНХБАТ	\N	5905128740	1	0	\N	\N	\N	2026-03-15 12:38:01.937607+01	2026-03-20 07:29:55.432658+01	184	1
2705	багс khishigdelger 99044789	\N	5376097554	1	0	\N	\N	\N	2026-03-20 08:01:13.975374+01	2026-03-20 08:01:13.975393+01	213	4
1176	enkhjargal joy 881-16582 buurtsagnii tos 54500.lacto 77000. anua 2	\N	5007959995	1	0	\N	\N	\N	2026-03-07 00:03:40.681151+01	2026-03-23 10:47:58.159324+01	89	5
1210	SODGEREL ENKH-AMGALAN, 80082548, PRANA OVERNIGHT C ХААНААС: 150000 СОДГЭРЭЛ ЭНХ-АМГАЛАН	\N	3055148028	2	0	\N	\N	\N	2026-03-07 16:27:49.952519+01	2026-03-23 11:26:12.438756+01	81	5
1197	EB -Munkhzul Zulaa 94491818 coffee 3 turul ХААНААС: 040000 МӨНХЗУЛ ОТГОНСҮРЭН	\N	463086798	1	0	\N	2026-03-24	\N	2026-03-07 16:14:00.842195+01	2026-03-24 07:59:56.67964+01	118	3
1207	nj jargal head shoulders shampoo	\N	5570031952	1	0	\N	2026-03-24	\N	2026-03-07 16:24:43.72788+01	2026-03-24 08:29:56.044809+01	88	3
1213	EB -88018111.  buurtsagnii tos. 1.9*2 ХААНААС: 040000 АМГАЛАНЗАЯА ОЧИРХУЯГ	\N	427047532	1	0	\N	2026-03-24	\N	2026-03-07 16:29:16.804368+01	2026-03-24 09:56:32.525155+01	94	3
1318	na bayanaa cleasing foam 99109448	\N	5270282002	1	0	\N	\N	\N	2026-03-08 13:28:35.599317+01	2026-03-27 05:39:50.213395+01	119	4
1209	Narangerel Boldbaatar, 86066436, prana organi	\N	5070711379	1	0	\N	\N	\N	2026-03-07 16:27:49.944773+01	2026-03-23 11:26:16.39909+01	81	6
1199	TUNGA TUNGA 88104429 VIT C ХААНААС: 390000 СЭР-ОД НАРАНТУНГАЛАГ	\N	8000440701	1	0	\N	\N	\N	2026-03-07 16:14:55.507112+01	2026-03-23 11:29:46.527291+01	95	6
1230	80900775 naran tsatsral sulhwasoo gel foam	\N	5057025706	1	0	\N	\N	\N	2026-03-07 18:05:17.554665+01	2026-03-27 05:41:32.868863+01	119	7
1346	ЧИМЭД ЧИМЭД, 88004928, 2 ХАЙРЦАГ ХААНААС: 150000 АРИЛДИЙЧИМЭД ТУВААН	\N	1245124516	2	0	\N	2026-03-27	\N	2026-03-08 14:53:40.450427+01	2026-03-27 09:44:39.003677+01	113	3
1340	baatarkhuu amarjargal 99147828 roll hog awagc	\N	5676081112	1	0	Сэлэнгэ Алтанбулаг сум 2-р баг 2-2 8 тоот	2026-03-27	\N	2026-03-08 14:28:03.48629+01	2026-03-27 10:52:51.190503+01	112	2
3387	Zulaa Zul 99821180 clio 21 nomer	\N	5006397414	1	0	\N	\N	\N	2026-03-24 18:39:23.303991+01	2026-03-24 18:39:23.304013+01	279	4
1205	jlkh tsegi 95959507 happy call togoo	\N	5628412803	1	0	\N	2026-03-24	\N	2026-03-07 16:23:45.850588+01	2026-03-24 11:37:55.058975+01	96	3
3424	zulu lulu 88108033 adidas 38.5	\N	5400717506	1	0	\N	\N	\N	2026-03-25 02:27:14.614339+01	2026-03-25 02:27:14.614362+01	285	4
1174	tenten usult vit 88033377	\N	5167650000	3	0	\N	\N	\N	2026-03-06 23:56:32.383648+01	2026-03-25 09:36:06.370518+01	114	6
1347	Д.Ариунаа-99935689 skincure inner_lab-2sh	\N	5094671100	2	0	Erdenet hot-99935689	2026-03-27	\N	2026-03-08 14:53:40.454757+01	2026-03-27 10:58:57.167635+01	113	2
1216	Dolgorsuren Sugar 86100262 usultiin vitamin	\N	5019060791	1	0	\N	\N	\N	2026-03-07 16:30:05.509348+01	2026-03-25 09:36:12.656007+01	114	6
1217	purevmaa erdene 96650609 usultiin vitamin	\N	5029806932	1	0	\N	\N	\N	2026-03-07 16:30:05.51605+01	2026-03-25 09:36:14.838418+01	114	6
1198	seiko tseku 99075850 vitamin c	\N	5021199152	1	0	\N	\N	\N	2026-03-07 16:14:55.485881+01	2026-03-23 11:29:50.082959+01	95	6
1200	SARUUL 80189062 VIT C ХААНААС: 150000 САРУУЛ ХОРОЛСҮРЭН	\N	5275128447	1	0	\N	\N	\N	2026-03-07 16:14:55.525828+01	2026-03-23 11:30:07.32924+01	95	6
1201	Золжаргал 99330742 cetaphil lotion	\N	5519055717	1	0	\N	\N	\N	2026-03-07 16:15:44.274979+01	2026-03-23 12:05:37.293152+01	111	6
1175	enkhjargal joy 881-16582 buurtsagnii tos 54500.lacto 77000. anua 2	\N	5007959995	1	0	\N	\N	\N	2026-03-07 00:02:47.32503+01	2026-03-24 05:24:17.13161+01	94	6
1218	seiko tseku 99076850 tin tin 2	\N	5021199152	2	0	\N	\N	\N	2026-03-07 16:30:05.522184+01	2026-03-25 09:36:16.491601+01	114	6
3572	Delguurt Lacto Jelly	\N	5044019334	17	0	\N	\N	\N	2026-03-27 11:44:15.52635+01	2026-03-27 11:44:21.913846+01	99	4
1206	happy call 88099786 Одмаа	\N	5175263328	1	0	\N	\N	\N	2026-03-07 16:23:45.854419+01	2026-03-25 09:40:27.895005+01	96	6
3604	Э.Батжаргал 9938-0999 Камут Enzume эслэг	\N	5897008150	1	0	\N	\N	\N	2026-03-27 18:34:43.841464+01	2026-03-27 18:34:43.84149+01	182	4
3605	Oyu 69666889 Kamut Hool zadlagch	\N	5020198841	1	0	\N	\N	\N	2026-03-27 18:34:43.850142+01	2026-03-27 18:34:43.850162+01	182	4
1351	tenten vita 89402055	\N	5720979817	1	0	\N	2026-03-28	\N	2026-03-08 15:03:34.31399+01	2026-03-28 10:31:30.248019+01	114	3
1223	Undral Lkh 99061052 scotch-brite sticker ХААНААС: 340000 УНДРАЛ ЛХАМДАШ	\N	340004030573	1	0	\N	\N	\N	2026-03-07 16:37:50.120852+01	2026-03-20 06:22:17.603705+01	112	1
1224	SHOTCH BRITE. 99108000 ХААНААС: 150000 МӨНХТУЯА ӨДИЙХҮҮ	\N	2705013242	1	0	\N	\N	\N	2026-03-07 16:38:15.160377+01	2026-03-20 06:22:18.923889+01	112	1
1225	EB -hog tuudeg stuker, Tuuguu Tseveendorj, 9908375 ХААНААС: 040000 ЭРДЭНЭТӨГС ЦЭВЭЭНДОРЖ	\N	435006673	1	0	\N	\N	\N	2026-03-07 16:38:15.167108+01	2026-03-20 06:22:21.296389+01	112	1
1212	budmaa bud 86045152 tos2rtoi	\N	5920038078	1	0	\N	\N	\N	2026-03-07 16:29:16.797792+01	2026-03-24 05:24:19.580453+01	94	6
1214	Narangerel Boldbaatar, 86066436, hunsnii tos	\N	5070711379	1	0	\N	\N	\N	2026-03-07 16:29:16.808594+01	2026-03-24 05:24:24.104463+01	94	5
1204	munkhjargal sh,99613265,happycall togoo	\N	5046431619	1	0	\N	\N	\N	2026-03-07 16:23:45.840315+01	2026-03-24 05:26:04.677412+01	96	5
1226	Nasaa ts 99075446 hog avagch	\N	5022848030	1	0	\N	\N	\N	2026-03-07 16:38:15.173015+01	2026-03-20 06:22:23.523938+01	112	1
1345	ЭНХ-УНДРАХ, 99093286, skincure innerlab 2 sh	\N	5024168530	2	0	\N	\N	\N	2026-03-08 14:53:40.445477+01	2026-03-24 05:30:25.92778+01	113	6
1196	Brave SP 99956622 coffee ХААНААС: 320000 СУМЪЯАМЯГМАР БЯМБАСҮРЭН	\N	5003764707	1	0	\N	\N	\N	2026-03-07 16:13:45.365819+01	2026-03-24 05:31:59.136805+01	118	6
1193	doogii sh 99009839 starbucks 3ni torol	\N	5131044181	1	0	\N	\N	\N	2026-03-07 16:13:36.088426+01	2026-03-24 05:32:06.106915+01	118	5
1227	А.Ариунзул 99756701 хог авдаг стикер	\N	5117030493	1	0	\N	2026-03-25	\N	2026-03-07 16:38:15.17826+01	2026-03-25 10:15:45.499123+01	112	3
1215	Ten vitamin 99036237 Bolormaa	\N	5015208510	1	0	\N	2026-03-26	\N	2026-03-07 16:30:05.502294+01	2026-03-26 04:46:51.612419+01	114	3
1219	Oyunaa ze 88106006 ten ten 2	\N	5020590996	2	0	\N	2026-03-26	\N	2026-03-07 16:30:05.528036+01	2026-03-26 08:11:41.146523+01	114	3
1195	g.namuundari 99940498 starbucks coffee	\N	5001720421	1	0	\N	2026-03-26	\N	2026-03-07 16:13:36.112107+01	2026-03-26 08:15:01.353882+01	118	3
1194	MM:khishgee 89359655 starbucks 3 torol (ХААН БАНК ХААНААС: 520000 ХИШИГЖАРГАЛ БАТЦАГААН	\N	110027543490	1	0	\N	2026-03-26	\N	2026-03-07 16:13:36.107733+01	2026-03-26 10:10:51.412068+01	118	3
1208	lollipop 80020030 pagmadulam	\N	5005389095	1	0	\N	2026-03-26	\N	2026-03-07 16:25:25.20125+01	2026-03-26 10:18:59.636372+01	97	3
1229	ErdeneOchir Odnoo 99325155 Sulwhasoo	\N	5011790657	1	0	\N	\N	\N	2026-03-07 18:05:17.546013+01	2026-03-27 04:59:13.862743+01	119	4
1673	99850856 GUA MARAL WHOO BAGTS 1SH ХААНААС: 150000 ГУАМАРАЛ ШАГДАРСҮРЭН	\N	4315117457	1	0	\N	\N	\N	2026-03-12 11:27:24.04705+01	2026-03-20 06:52:04.072819+01	155	1
2654	EB -SE Azjargal 99351885 Саван Costco ХААНААС: 040000 АЗЖАРГАЛ ЭРДЭНЭ-ОЧИР	\N	407185577	1	0	\N	\N	\N	2026-03-20 07:33:51.753656+01	2026-03-20 07:33:51.753711+01	207	4
2655	MYAGMARSUREN MUNKHZUL 88018001 GARIIN SAVAN ХААНААС: 150000 МӨНХЗУЛ МЯГМАРСҮРЭН	\N	1109078744	1	0	\N	\N	\N	2026-03-20 07:33:51.76172+01	2026-03-20 07:33:51.761747+01	207	4
1317	sunny flower 99858884 sulwhasoo set	\N	5026518176	1	0	Han Uul 3r horoo altai hothonii urd goviin zam daguu Hos dali apartment, 53.3.2 219 toot. 99858884	\N	\N	2026-03-08 13:28:35.594899+01	2026-03-27 05:39:52.042753+01	119	4
1361	davkaa eegii 88068963 lactovit 200shirhegtei	\N	5087219822	1	0	\N	\N	\N	2026-03-08 15:28:24.924334+01	2026-03-23 10:47:46.308018+01	89	5
1360	88070594 ashigt bakter ХААНААС: 320000 ДУЛАМСҮРЭН БАЯРМАГНАЙ	\N	5005632565	1	0	\N	\N	\N	2026-03-08 15:28:24.921257+01	2026-03-23 10:47:48.242177+01	89	6
1259	Sulwhasoo 99990483	\N	5176429023	3	0	\N	2026-03-26	\N	2026-03-07 18:05:17.687758+01	2026-03-27 05:40:10.127975+01	119	7
1352	bolortsetseg gankhuyag 99675666 vit.C	\N	5033123676	1	0	\N	\N	\N	2026-03-08 15:07:21.735098+01	2026-03-23 11:30:09.734916+01	95	6
3388	altanzul bnd 95033337 CLIO cusion 23 nomer	\N	5675522310	1	0	\N	\N	\N	2026-03-24 18:41:47.274116+01	2026-03-24 18:41:47.274137+01	280	4
1353	VIT C ЖАМГАН УНДАРМАА 99037582 ХААНААС: 150000 УНДАРМАА ЖАМГАН	\N	1805132890	1	0	\N	\N	\N	2026-03-08 15:07:21.741414+01	2026-03-23 11:30:14.003502+01	95	5
1354	ЭНХ-УНДРАХ, 99093286, vit C 2 sh	\N	5024168530	2	0	\N	\N	\N	2026-03-08 15:07:21.74559+01	2026-03-23 11:30:16.096233+01	95	6
1263	purevmaa erdene 96650609 er har set oims	\N	5029806932	1	0	\N	\N	\N	2026-03-07 19:40:11.615427+01	2026-03-24 05:27:40.611547+01	102	6
1262	89119928 OIMA TSAGAAN SOCKTOP ХААНААС: 390000 ЦОГОО СОЛОНГО	\N	8000190819	1	0	\N	\N	\N	2026-03-07 19:40:11.608812+01	2026-03-24 05:27:42.63658+01	102	6
1359	oyun erdene 90005520 lacto 200sh	\N	5942057802	1	0	\N	2026-03-24	\N	2026-03-08 15:28:24.91866+01	2026-03-24 06:26:39.310917+01	89	3
3389	Clio 23,  99731377 Zolgerel ХААНААС: 340000 ЗОЛГЭРЭЛ БАЯРМӨНХ	\N	140100148453	1	0	\N	\N	\N	2026-03-24 18:41:47.283947+01	2026-03-24 18:41:47.283966+01	280	4
3390	Binderya 88062009 23	\N	5070176077	1	0	\N	\N	\N	2026-03-24 18:41:47.290663+01	2026-03-24 18:41:47.290713+01	280	4
1258	ENKHJARGAL JAGAA 88115183 TSEVERLEGCH HOOS HOS ХААНААС: 150000 ЭНХЖАРГАЛ БАДАРЧ	\N	3055198899	1	0	\N	\N	\N	2026-03-07 18:05:17.684345+01	2026-03-27 05:40:13.018656+01	119	7
1257	narantuya angarag 99997810 sulwashoo tseverle	\N	5041061594	2	0	\N	\N	\N	2026-03-07 18:05:17.679803+01	2026-03-27 05:40:31.058803+01	119	7
1256	Na Namuun 89695333 sulwhasoo 2 shirheg	\N	5172028660	2	0	\N	\N	\N	2026-03-07 18:05:17.675541+01	2026-03-27 05:40:33.46164+01	119	7
1254	Ундрал Ш. 2 хос sulwhasoo	\N	5132028351	2	0	\N	\N	\N	2026-03-07 18:05:17.667609+01	2026-03-27 05:40:37.847296+01	119	7
1252	Oyun Erdene, 99948985, sulwhasoo тос, гел 2г	\N	5034905562	2	0	\N	\N	\N	2026-03-07 18:05:17.662188+01	2026-03-27 05:40:41.564671+01	119	7
1251	Энхмаа Г. 99993028 sulwhasoo 2hos 2sh ХААНААС: 500000 Энхмаа Ганбат	\N	99106028911	2	0	\N	\N	\N	2026-03-07 18:05:17.658992+01	2026-03-27 05:40:43.74046+01	119	7
1250	Gerelee Gege 96208154 shulwhasoo	\N	5540281331	1	0	\N	\N	\N	2026-03-07 18:05:17.654726+01	2026-03-27 05:40:45.030618+01	119	7
1249	Dairiihvv Dairii 99230709 Sulwnasoo	\N	5133169302	1	0	\N	\N	\N	2026-03-07 18:05:17.651114+01	2026-03-27 05:40:47.387835+01	119	7
1248	lily lily 80831800 sulwhasoo	\N	5093111387	1	0	Эрдэнэтийн тахинд тавиулна	\N	\N	2026-03-07 18:05:17.647063+01	2026-03-27 05:40:49.737973+01	119	7
1247	degiNSD 99991012 nuur tseverlegch	\N	5003419818	1	0	\N	\N	\N	2026-03-07 18:05:17.644045+01	2026-03-27 05:40:51.71185+01	119	7
1246	я.энхцэцэг 89297313 faom cleansing oil	\N	5005517993	1	0	схд 19 р хороо 21р хороолол чингэс соосэ их сургуулийн замын эсрэг талд 27р байр 7давхар 48 тоот	\N	\N	2026-03-07 18:05:17.640492+01	2026-03-27 05:40:53.729198+01	119	7
1245	SH BEBESHA 88164727 SULWHASOO SET ХААНААС: 150000 БАТЦЭЦЭГ ШОНИУ	\N	1705188440	1	0	\N	\N	\N	2026-03-07 18:05:17.636113+01	2026-03-27 05:40:55.822162+01	119	7
1244	MUNGUN MUNGUU 80204040 FOAM+OIL ХААНААС: 150000 МӨНГӨНЧИМЭГ АМАР	\N	1175107428	1	0	\N	\N	\N	2026-03-07 18:05:17.631112+01	2026-03-27 05:41:00.869513+01	119	7
1243	Урнаа.Ж 90860611 sulwhasoo	\N	5381091758	1	0	Тэнгэр плаза дээрээс Сүхбаатар аймгийн унаанд тавиулна. 90860611	\N	\N	2026-03-07 18:05:17.625126+01	2026-03-27 05:41:02.379066+01	119	7
1242	OYUN-ERDENE ERDENEBAATAR, 88065216, SULWHASOO ХААНААС: 150000 ОЮУН-ЭРДЭНЭ ЭРДЭНЭБААТАР	\N	3005109720	1	0	\N	\N	\N	2026-03-07 18:05:17.620133+01	2026-03-27 05:41:03.960761+01	119	7
1241	Undral Lkh 99061052 sulwhasoo set ХААНААС: 340000 УНДРАЛ ЛХАМДАШ	\N	340004030573	1	0	\N	\N	\N	2026-03-07 18:05:17.614802+01	2026-03-27 05:41:06.474944+01	119	7
1240	Zulaa Zuzu Sulwhasoo set 88052465 99082465	\N	5007140274	1	0	\N	\N	\N	2026-03-07 18:05:17.608463+01	2026-03-27 05:41:07.900429+01	119	7
1239	GANAA BATBAYAR 99291282.SULWHASOO SET ХААНААС: 150000 ГАНСҮХ БАТБАЯР	\N	2209244264	1	0	\N	\N	\N	2026-03-07 18:05:17.601346+01	2026-03-27 05:41:15.206583+01	119	7
1238	bolorerdene 99297475 sulwhaso hos	\N	5093026003	1	0	\N	\N	\N	2026-03-07 18:05:17.596223+01	2026-03-27 05:41:16.76194+01	119	7
1237	solongo soko	\N	5014329262	1	0	\N	\N	\N	2026-03-07 18:05:17.591671+01	2026-03-27 05:41:18.791524+01	119	7
1236	onon enkhtsag, 88006017, sulwhasoo	\N	5028485931	1	0	\N	\N	\N	2026-03-07 18:05:17.584961+01	2026-03-27 05:41:20.680932+01	119	7
1235	Capaana-88081740-Sulwhasoo set	\N	5032467507	1	0	\N	\N	\N	2026-03-07 18:05:17.581486+01	2026-03-27 05:41:22.77716+01	119	7
1234	munguntsetseg yagaan 88881985 sulwhasoo set	\N	5028250136	1	0	\N	\N	\N	2026-03-07 18:05:17.575417+01	2026-03-27 05:41:25.246147+01	119	7
1233	EB -Г.Уянга, 99748223, Sulwhasoo cleansing oil, fo ХААНААС: 040000 УЯНГА ГАЛТБААТАР	\N	499379072	1	0	\N	\N	\N	2026-03-07 18:05:17.570102+01	2026-03-27 05:41:27.083147+01	119	7
1358	Намуун М. (99793702) 200 shirhegtei probiotic	\N	5041604544	1	0	Sukhbaatar duureg 6r khoroo 37r bair 9 davhar. Muis 2-n ard 2r tsetserlegiin hajiu taliin bair. 99793702. Bairan deer ireed  zalgaarai🥰	2026-03-27	\N	2026-03-08 15:28:24.908751+01	2026-03-27 11:10:25.250086+01	89	2
1362	Liora Nomin 99158765 Lacto fit200	\N	5076350235	2	0	\N	2026-03-25	\N	2026-03-08 15:28:24.9275+01	2026-03-25 09:58:32.199871+01	89	3
3573	Delguurt Coffee ayga set	\N	5044019334	1	0	\N	\N	\N	2026-03-27 11:45:06.403132+01	2026-03-27 11:45:13.36404+01	195	4
3606	нанами сх 88179797 kamut enzyme	\N	5031846870	1	0	\N	\N	\N	2026-03-27 18:34:43.854084+01	2026-03-27 18:34:43.854101+01	182	4
3607	kamut 89377377 hool zadlagch	\N	5025402311	1	0	\N	\N	\N	2026-03-27 18:34:43.859916+01	2026-03-27 18:34:43.859932+01	182	4
1348	oat chia 89402055	\N	5720979817	1	0	\N	2026-03-28	\N	2026-03-08 14:58:15.974556+01	2026-03-28 10:31:13.916422+01	81	3
1231	sulwhasoo hos	\N	5031782575	1	0	6 р бичил хороолол 25 байр 2 орц 61 тоот	\N	\N	2026-03-07 18:05:17.559078+01	2026-03-27 05:41:31.210239+01	119	7
1386	ganaa maral 88113241	\N	5309644269	1	0	\N	\N	\N	2026-03-09 04:16:51.066445+01	2026-03-27 05:39:10.855759+01	119	4
2656	sawan khishigdelger 99044789	\N	5376097554	1	0	\N	\N	\N	2026-03-20 07:33:51.767888+01	2026-03-20 07:33:51.767912+01	207	4
1858	EB -Оюунжаргал мянгандаш 88020411 Su:m37 mist ХААНААС: 040000 ОЮУНЖАРГАЛ МЯНГАНДАШ	\N	495054157	1	0	\N	\N	\N	2026-03-14 09:17:00.836029+01	2026-03-20 06:57:49.019422+01	163	1
1731	EB -99843381 su:m37 essence mist ХААНААС: 040000 ЭНХЗУЛ ЧИМЭДЦЭРЭН	\N	461017834	1	0	БЗД 1хороо голдэн вилл хотхон 104 байр 4 давхарт 402тоот код:001041 утас 99843381	\N	\N	2026-03-12 12:53:34.236104+01	2026-03-20 06:56:58.093401+01	163	1
1385	EB -Энхтуяа-с илгээв 94100662 нүүр цэвэрлэгч SULWH ХААНААС: 040000 ЭНХТУЯА ЭНЭБИШ	\N	440001490	1	0	\N	\N	\N	2026-03-09 04:16:51.062379+01	2026-03-27 05:39:12.881525+01	119	4
1384	МАНДАХАА МАНДАХАА 85015000 SULWHASOO UGAAGCH HUUS, ХААНААС: 150000 ЭНХМАНДАХ БАТБОЛД	\N	3055117777	1	0	дарханы унаанд тавиулах	\N	\N	2026-03-09 04:16:51.059918+01	2026-03-27 05:39:15.395676+01	119	4
1365	sulwnasoo 99057990	\N	5001074747	2	0	\N	\N	\N	2026-03-08 16:06:05.889599+01	2026-03-27 05:39:17.65439+01	119	4
1310	Gerelee Gege 96208154 shulwhasoo	\N	5540281331	1	0	\N	\N	\N	2026-03-08 13:28:35.561429+01	2026-03-27 05:40:07.980545+01	119	7
1409	Odnoo So 88598787 inner lab collagen 2 shirhe	\N	5025503817	2	0	\N	2026-03-27	\N	2026-03-09 05:06:56.906303+01	2026-03-27 07:57:41.249969+01	113	3
3574	Delguurt Nike tsunh	\N	5044019334	7	0	\N	\N	\N	2026-03-27 11:46:06.148071+01	2026-03-27 11:46:13.664978+01	90	4
1399	Ulzii Ulzii 96455960 vit c	\N	5021418097	1	0	\N	2026-03-28	\N	2026-03-09 04:52:23.535663+01	2026-03-28 03:53:22.936281+01	95	3
2816	Huuhdiin mask 5068055514	\N	5068055514	1	0	\N	\N	\N	2026-03-20 10:33:16.192156+01	2026-03-28 07:22:17.721269+01	179	2
1396	over chia ur 99045411	\N	5120191999	1	0	Erdenet 99045411	\N	\N	2026-03-09 04:43:11.820132+01	2026-03-23 11:26:03.451605+01	81	6
2657	baka bakaya 88004906 lion sawan	\N	5048300810	1	0	\N	\N	\N	2026-03-20 07:33:51.773201+01	2026-03-20 07:33:51.773227+01	207	4
2658	Ulziibayar ulzii 99031058 гарын шингэн саван	\N	5114348657	1	0	\N	\N	\N	2026-03-20 07:33:51.781053+01	2026-03-20 07:33:51.781099+01	207	4
2659	sawan nyamka 88017048	\N	5037123275	1	0	\N	\N	\N	2026-03-20 07:33:51.787666+01	2026-03-20 07:33:51.78772+01	207	4
2660	Ta.Gantuya gariin sawan 96058033	\N	5009380688	1	0	\N	\N	\N	2026-03-20 07:33:51.79182+01	2026-03-20 07:33:51.791838+01	207	4
2706	Ж.Буянхишиг утас:98022229 bags	\N	5495323351	1	0	\N	\N	\N	2026-03-20 08:01:13.980065+01	2026-03-20 08:01:13.980084+01	213	4
2707	OCHIR NARAA 99074285, НҮҮР БУДАЛТЫН БАГС 1 ШИРХЭГ ХААНААС: 150000 НАРАНДЭЛГЭР ОЧИРВААНЬ	\N	3155123272	1	0	\N	\N	\N	2026-03-20 08:01:13.990187+01	2026-03-20 08:01:13.990207+01	213	4
2708	Uranchimeg Urnaa 99135005 нүүр будалтын багс	\N	5434584452	1	0	\N	\N	\N	2026-03-20 08:01:13.995916+01	2026-03-20 08:01:13.995935+01	213	4
1391	uuriintsolmon uuree, 99317202,cetaphil lotion	\N	5664543672	1	0	\N	2026-03-24	\N	2026-03-09 04:21:12.398094+01	2026-03-24 11:44:52.474441+01	110	3
3391	Mishka Mishka (99093484) CLIO cushion 23	\N	5014159276	1	0	\N	\N	\N	2026-03-24 18:41:47.298672+01	2026-03-24 18:41:47.298726+01	280	4
2709	88087237 НҮҮР БУДАЛТЫН БАГС ХААНААС: 150000 ОТГОНСҮРЭН ДОНЛИГ	\N	3455187361	1	0	\N	\N	\N	2026-03-20 08:01:14.005535+01	2026-03-20 08:01:14.005554+01	213	4
1411	Munkhochir Shinegerel 99088755 Ten ten-2sh	\N	5099358181	2	0	\N	\N	\N	2026-03-09 05:09:36.251188+01	2026-03-25 09:36:33.55843+01	114	6
2732	DR.G BLACK SNAIL CREAM ODKO DASHDONDOV 96362898 ХААНААС: 150000 ОДБАЯР ДАШДОНДОВ	\N	1701074471	1	0	\N	\N	\N	2026-03-20 08:05:03.409275+01	2026-03-20 08:05:03.409289+01	230	4
2733	oyundari 88101496 DR.G хар эмгэн хумстай тос	\N	5167821114	1	0	\N	\N	\N	2026-03-20 08:05:03.413121+01	2026-03-20 08:05:03.413131+01	230	4
2734	80900775 naran tsatsral DR.G black snail 1sh	\N	5057025706	1	0	\N	\N	\N	2026-03-20 08:05:03.421881+01	2026-03-20 08:05:03.421908+01	230	4
2735	EB -emgen humsnii kom 99762428 ХААНААС: 040000 ГАНТУЯА НАСАНТОГТОХ	\N	467012303	1	0	\N	\N	\N	2026-03-20 08:05:03.432953+01	2026-03-20 08:05:03.432984+01	230	4
2736	khaliun DR.G tos 2 shirheg	\N	5024681189	2	0	\N	\N	\N	2026-03-20 08:05:03.44497+01	2026-03-20 08:05:03.444996+01	230	4
1401	vit c 99045411	\N	5120191999	1	0	Erdenet 99045411	\N	\N	2026-03-09 04:52:23.546087+01	2026-03-23 11:30:21.946897+01	95	5
2738	bolor boogii 96961929 Kirkland ultra clean gel bok ХААНААС: 340000 БОЛОP МАНЬБАДPАХ	\N	102100083112	1	0	\N	\N	\N	2026-03-20 08:12:12.575207+01	2026-03-20 08:12:12.575228+01	208	4
2739	EB -Kirkland wok, 88084451 Oyungerel Baatar ХААНААС: 040000 ОЮУНГЭРЭЛ БААТАР	\N	404240623	1	0	\N	\N	\N	2026-03-20 08:12:12.58444+01	2026-03-20 08:12:12.584459+01	208	4
2740	unuruu unuruu90222242 vok ХААНААС: 340000 ӨНӨРСАЙХАН БАЯРХҮҮ	\N	312900042941	1	0	\N	\N	\N	2026-03-20 08:12:12.588789+01	2026-03-20 08:12:12.588805+01	208	4
1405	Б.Цэрэнлхагва 99138019 lacto fit	\N	5731099376	1	0	\N	\N	\N	2026-03-09 04:58:19.432093+01	2026-03-23 10:47:35.319904+01	89	6
1397	naraa bn 99308291 prana organic	\N	5041234571	1	0	\N	\N	\N	2026-03-09 04:43:11.826778+01	2026-03-23 11:26:01.102225+01	81	5
1363	cetaphil lotion+umnuh uldegdel	\N	5041061594	1	0	\N	\N	\N	2026-03-08 15:30:23.145779+01	2026-03-23 12:05:35.406329+01	111	6
1349	shoulders shampoo 89402055	\N	5720979817	1	0	\N	2026-03-28	\N	2026-03-08 15:00:33.782931+01	2026-03-28 10:31:24.079246+01	88	3
1406	Uchka/89102023/Adidas tsunh har	\N	5131464297	1	0	\N	\N	\N	2026-03-09 05:00:59.362331+01	2026-03-25 09:50:15.847256+01	123	6
1402	nike tsunh 89402055	\N	5720979817	1	0	\N	2026-03-28	\N	2026-03-09 04:55:36.134104+01	2026-03-28 10:31:36.571654+01	90	3
1115	3Ш тогоо   88280788  Д.Сувд-Эрдэнэ.	\N	5916935166	3	0	\N	2026-03-28	\N	2026-03-06 22:12:43.712416+01	2026-03-28 10:43:36.57404+01	96	3
3684	99314544 adidas ket 230 saiz	\N	5055254784	1	0	\N	\N	\N	2026-03-29 17:46:57.678232+02	2026-03-29 17:46:57.678258+02	311	4
1383	Munkhochir Shinegerel 99088755 sulwhasoo	\N	5099358181	1	0	\N	\N	\N	2026-03-09 04:16:51.054993+01	2026-03-25 10:02:43.57661+01	119	6
3697	Zulaa Zul 99821180 samsonite saaral	\N	5006397414	1	56000	\N	\N	\N	2026-03-29 18:56:24.580033+02	2026-03-29 18:56:29.851004+02	315	7
1366	Choimrog Enhtuwshin 99370112 tsagaan 230	\N	5048100991	1	0	Сэлэнгэ аймаг сайхан сум (хөтөл)	\N	\N	2026-03-09 03:06:20.873954+01	2026-03-24 05:27:38.812708+01	102	6
2030	amgalan munkhtuya 99077114 sulwhasoo  clean	\N	5003196720	1	0	\N	\N	\N	2026-03-15 13:34:23.985821+01	2026-03-27 05:36:49.350258+01	119	4
1388	sulwhasoo2sh 99978587 dlgtselteng	\N	5727362277	2	0	\N	2026-03-26	\N	2026-03-09 04:16:51.073096+01	2026-03-26 04:51:39.560296+01	119	3
1390	Tuvshuu 89864486 Sulwhasoo tseverlegch set2sh	\N	5622248871	2	0	\N	\N	\N	2026-03-09 04:16:51.084+01	2026-03-27 05:39:01.790569+01	119	4
1389	88059592 undarmaa davaasuren sulwhasoo 2 hos	\N	5037604175	2	0	\N	\N	\N	2026-03-09 04:16:51.078354+01	2026-03-27 05:39:03.407847+01	119	4
3700	99901095 saaral chemodan	\N	5026745187	1	56000	\N	\N	\N	2026-03-29 18:58:51.030586+02	2026-03-29 19:02:28.821669+02	315	7
1404	lacto fit 88036089	\N	5035383984	1	0	Бзд 19р хороо 16р хороолол дэвжих өргөө б блок 15 тоот	\N	\N	2026-03-09 04:58:19.428511+01	2026-03-23 10:47:37.509263+01	89	6
2148	Uuganaa Ichinnorow, 88047054, SU:M37 mist	\N	5040032109	1	0	\N	\N	\N	2026-03-16 04:42:58.90562+01	2026-03-20 06:58:04.438309+01	163	1
2045	EB -Lhagvasuren Erdenesugar 99043335, Shuniin mask ХААНААС: 040000 ЭРДЭНЭСУГАР ЛХАГВАСҮРЭН	\N	403166217	1	0	\N	\N	\N	2026-03-16 03:41:01.116242+01	2026-03-20 07:09:40.026491+01	188	1
2046	шөнийн маск Содоо	\N	5029246049	1	0	\N	\N	\N	2026-03-16 03:41:01.126435+01	2026-03-20 07:09:41.44503+01	188	1
2661	gereltuya gereltuya 88334575 ten ten vitamin	\N	5039723394	1	0	\N	\N	\N	2026-03-20 07:36:40.193511+01	2026-03-20 07:36:40.193547+01	205	4
1458	Сарка.С 88962255 vit C	\N	5403831261	1	0	\N	2026-03-24	\N	2026-03-10 09:00:34.407017+01	2026-03-24 06:58:29.144764+01	95	3
2662	en gunn 99819855 tenten 100sh	\N	5435028460	1	0	\N	\N	\N	2026-03-20 07:36:40.206836+01	2026-03-20 07:36:40.206855+01	205	4
2663	99828322 TenTen Mulit vit	\N	5025600639	1	0	\N	\N	\N	2026-03-20 07:36:40.212642+01	2026-03-20 07:36:40.212658+01	205	4
2710	Dr.G tos Saikhanbayar Ariunaa 99153382	\N	5027235222	1	0	\N	\N	\N	2026-03-20 08:05:03.240521+01	2026-03-20 08:05:03.240542+01	230	4
1444	norjinsuren bold 99257218 Overnight Oat&Chia ХААНААС: 340000 НОРЖИНСҮРЭН БОЛД	\N	102900299998	1	0	\N	\N	\N	2026-03-10 08:29:32.700249+01	2026-03-23 11:25:54.692749+01	81	5
1453	Oyunsukh darizav 99046303 ten ten vitamin 2sh	\N	5056039458	2	0	\N	\N	\N	2026-03-10 08:56:37.345375+01	2026-03-25 09:34:50.706502+01	114	6
1446	tenten 1sh 99009391	\N	5076104405	1	0	\N	2026-03-27	\N	2026-03-10 08:56:37.315655+01	2026-03-27 08:41:01.738349+01	114	3
1456	99935689-Д.Ариунаа vitamin C	\N	5094671100	1	0	Erdenet hot-99935689	2026-03-27	\N	2026-03-10 09:00:34.38198+01	2026-03-27 10:58:54.476602+01	95	2
1443	munkhgerel 99192911 chiaoatment	\N	5026350483	1	0	\N	\N	\N	2026-03-10 08:29:32.694839+01	2026-03-23 11:25:58.076553+01	81	5
1146	EB -Munkhzul Zulaa 94491818 lacto fit ХААНААС: 040000 МӨНХЗУЛ ОТГОНСҮРЭН	\N	463086798	1	0	\N	2026-03-24	\N	2026-03-06 23:41:02.971173+01	2026-03-24 07:59:58.948544+01	89	3
3575	Delguurt Mcvities bichen	\N	5044019334	2	0	\N	\N	\N	2026-03-27 11:47:13.427373+01	2026-03-27 11:47:20.346673+01	100	4
1442	citaphil lotion 99050015	\N	5133081620	1	0	\N	\N	\N	2026-03-10 08:24:06.525028+01	2026-03-23 12:04:31.778597+01	110	5
1417	KHONGORZUL ZT 95096088 LACTO*2, CETAPHIL CREAM* 1 ХААНААС: 150000 ХОНГОРЗУЛ ЗОРИГТ	\N	2015117418	1	0	\N	\N	\N	2026-03-09 05:21:31.15716+01	2026-03-23 12:06:21.149658+01	101	6
3392	ganaa maral 88113241 clio 23nomer	\N	5042379796	1	0	\N	\N	\N	2026-03-24 18:41:47.30743+01	2026-03-24 18:41:47.307454+01	280	4
1400	EB -vitamin C battsetseg bayarsaikhan 99890015 ХААНААС: 040000 БАТЦЭЦЭГ БАЯРСАЙХАН	\N	403133546	1	0	Дарханы унаанд тавих	2026-03-24	\N	2026-03-09 04:52:23.543157+01	2026-03-24 11:09:44.97597+01	95	2
3393	CLIO CUSION #23 TSETSEGTUYA ХААНААС: 150000 ????????? ?????	\N	1245122547	1	0	\N	\N	\N	2026-03-24 18:41:47.314271+01	2026-03-24 18:41:47.314296+01	280	4
1424	Б.Болор 89890805 ten ten 1ш	\N	5599023097	1	0	\N	\N	\N	2026-03-09 05:28:30.181761+01	2026-03-25 09:34:28.114326+01	114	6
3609	AVEENO BODY WASH- ARVAITAI- DOLGORMAA 99897099 ХААНААС: 150000 ДОЛГОРМАА ТҮВШИНЖАРГАЛ	\N	3009295006	1	0	\N	\N	\N	2026-03-27 18:59:36.508457+01	2026-03-27 18:59:36.508493+01	248	4
1425	Erdenejargal 89060583 - Ten ten usultiin 1	\N	5300430505	1	0	\N	\N	\N	2026-03-09 05:28:30.194375+01	2026-03-25 09:34:31.698102+01	114	5
1450	EB -Жавзандулам 99630899 Ten ten витамин ХААНААС: 040000 ЖАВЗАНДУЛАМ ЧОЙЖИНЖАВ	\N	452601752	1	0	\N	\N	\N	2026-03-10 08:56:37.337443+01	2026-03-25 09:34:44.659278+01	114	6
1451	М.Нандин-Эрдэнэ 99883358 ten ten 2ш	\N	5093082944	2	0	\N	\N	\N	2026-03-10 08:56:37.3413+01	2026-03-25 09:34:46.75089+01	114	6
1452	tenten2, 88039474 Nomin nomik	\N	5315343286	2	0	Өвөрхангай аймаг, Арвайхээр сум орох унаанд тавих.	\N	\N	2026-03-10 08:56:37.343617+01	2026-03-25 09:34:48.719763+01	114	6
1454	ten ten 94948204-3 хайрцаг	\N	5026478266	3	0	\N	\N	\N	2026-03-10 08:56:37.347994+01	2026-03-25 09:34:53.179024+01	114	6
1413	khuu urgaa 80034444, ten ten, 2 sh	\N	5585416982	2	0	\N	\N	\N	2026-03-09 05:09:36.266544+01	2026-03-25 09:36:37.321293+01	114	6
1416	Shuree Batbayar 91119265 Ten Ten bitamin ХААНААС: 340000 ШҮРЭНЦЭЦЭГ БАТБАЯР	\N	202501864438	2	0	\N	\N	\N	2026-03-09 05:18:41.745646+01	2026-03-25 09:36:40.20095+01	114	6
1419	Munkhchimeg Munkhjargal 99090816 Ten ten ХААНААС: 300000 МӨНХЧИМЭГ МӨНХЖАРГАЛ	\N	3011006180	1	0	\N	\N	\N	2026-03-09 05:28:30.155936+01	2026-03-25 09:36:41.760013+01	114	6
1420	ONOKO ONON 88880226 TENTEN-1 ХААНААС: 150000 ОНОНЧИМЭГ ОРГОДОЛ	\N	1605123986	1	0	\N	\N	\N	2026-03-09 05:28:30.162508+01	2026-03-25 09:36:45.202616+01	114	6
1421	EB -Ganchimeg Jamiyan 99126956 Ten ten vitamin ХААНААС: 040000 ГАНЧИМЭГ ЖАМЪЯН	\N	410034344	1	0	\N	\N	\N	2026-03-09 05:28:30.166917+01	2026-03-25 09:36:47.280414+01	114	6
1426	EB -adidass 2 sh tsunh  utas 91919192 ХААНААС: 040000 МӨНХЖАРГАЛ ДАГДАН	\N	440000764	2	0	\N	\N	\N	2026-03-09 05:31:01.843135+01	2026-03-25 09:50:19.013156+01	123	6
2032	tsewerlgeenii bagtsa 99103802	\N	5404800809	1	0	\N	\N	\N	2026-03-15 13:34:24.004811+01	2026-03-25 10:00:32.104248+01	119	6
1449	Nyamsuren Baatarsuren 96568778 Ten ten 1sh	\N	5085174959	1	0	\N	2026-03-26	\N	2026-03-10 08:56:37.333167+01	2026-03-26 11:55:22.419052+01	114	3
1447	Bdsh Byambaa.89035809.ten ten 1	\N	5021472009	1	0	ХУД.23р хороо.Мандала гарден.1487-105.10давхар.89035809	\N	\N	2026-03-10 08:56:37.32362+01	2026-03-25 09:34:36.166488+01	114	6
2033	bolortsetseg gankhuyag 99675666 faom oil -2ш	\N	5033123676	2	0	\N	\N	\N	2026-03-15 13:34:24.013433+01	2026-03-27 05:36:43.876976+01	119	4
2031	91912671 duka duka sulwhasoo hos tseverlgech	\N	5064786809	1	0	\N	\N	\N	2026-03-15 13:34:23.999593+01	2026-03-27 05:36:46.248848+01	119	4
1437	2set uchral 91238008 sulwhasoo	\N	5169076131	2	0	\N	\N	\N	2026-03-10 08:15:17.295953+01	2026-03-27 05:37:41.6719+01	119	7
1436	99099903 sulwhasoo tseverlegch	\N	5404264346	1	0	\N	\N	\N	2026-03-10 08:15:17.291362+01	2026-03-27 05:37:43.998797+01	119	7
1435	Oyunsukh darizav 99046303 Sulwasoo	\N	5056039458	1	0	\N	\N	\N	2026-03-10 08:15:17.286429+01	2026-03-27 05:37:45.887291+01	119	7
1434	set uchral 91238008 sulwhasoo	\N	5169076131	1	0	\N	\N	\N	2026-03-10 08:15:17.27838+01	2026-03-27 05:37:48.405869+01	119	7
1433	undra undraa 91068606 sulwhasoo set	\N	5000859067	1	0	\N	\N	\N	2026-03-10 08:15:17.271588+01	2026-03-27 05:37:50.363407+01	119	7
1432	nomin batmunkh,99025365-sulwhasoo set	\N	5063433219	1	0	\N	\N	\N	2026-03-10 08:15:17.265773+01	2026-03-27 05:37:52.311131+01	119	7
1431	Сарка.С 88962255 sulwhaso cleansing oil foam	\N	5403831261	1	0	\N	\N	\N	2026-03-10 08:15:17.259219+01	2026-03-27 05:37:54.475876+01	119	7
1429	99052614 Цэцэгмаа дамба нүүр цэвэрлэгч тосны	\N	5735130891	1	0	\N	\N	\N	2026-03-10 08:15:17.250343+01	2026-03-27 05:38:56.384075+01	119	4
1428	tselmuun battsengel sulwhasoo	\N	5011331525	1	0	\N	\N	\N	2026-03-10 08:15:17.245213+01	2026-03-27 05:38:58.128266+01	119	4
1427	sainaa 99659917 ХААНААС: 340000 САЙНЖАРГАЛ БАТСАЙХАН	\N	104900048798	1	0	\N	\N	\N	2026-03-10 08:15:17.232319+01	2026-03-27 05:39:00.454073+01	119	4
1468	Сарка С. 88962255 lactofit 200shirheg	\N	5403831261	1	0	\N	2026-03-24	\N	2026-03-10 09:13:46.194284+01	2026-03-24 06:58:23.168423+01	89	3
2153	Batsukh Baasansuren94745959 Essence mist-1sh Essen ХААНААС: 340000 БААСАНСҮРЭН БАТСҮХ	\N	181001853865	1	0	\N	\N	\N	2026-03-16 04:42:58.935036+01	2026-03-20 06:58:16.973922+01	163	1
2015	nj jargal 88095730 sistema sav	\N	5570031952	1	0	\N	2026-03-24	\N	2026-03-15 12:56:43.347394+01	2026-03-24 08:29:53.416427+01	185	3
2047	GB CHANTSAL 88035030 SUWHASO MASK ХААНААС: 150000 ЧАНЦАЛДАВАА ГАНБААТАР	\N	1109019976	1	0	\N	\N	\N	2026-03-16 03:41:01.136844+01	2026-03-20 07:09:43.216488+01	188	1
2048	bolortsetseg gankhuyag 99675666 sulwhaso mask	\N	5033123676	1	0	\N	\N	\N	2026-03-16 03:41:01.141066+01	2026-03-20 07:09:44.571164+01	188	1
2049	dirol crystal 96091525, sulw shunu	\N	5720516021	1	0	\N	\N	\N	2026-03-16 03:41:01.162001+01	2026-03-20 07:09:47.609001+01	188	1
2050	91912671 duka duka sulwhasoo shoniin mask	\N	5064786809	1	0	\N	\N	\N	2026-03-16 03:41:01.189292+01	2026-03-20 07:09:48.922369+01	188	1
1304	Б. Эрдэнэчимэг 93007111 аялал сэт	\N	5720714181	1	0	Бзд 16-р хороо 16 хороолол 9 байр 3р орц 4 давхар 39тоот	2026-03-27	\N	2026-03-08 05:04:08.70574+01	2026-03-27 10:55:02.656433+01	122	2
1467	LACTOFIT 99903586 ХААНААС: 150000 ХАЛИУН ЖАРГАЛСАЙХАН	\N	2709021794	1	0	\N	2026-03-27	\N	2026-03-10 09:13:46.182856+01	2026-03-27 11:10:58.88482+01	89	3
3576	Delguurt Podwolk XL	\N	5044019334	11	0	\N	\N	\N	2026-03-27 11:49:11.504464+01	2026-03-27 11:49:21.368748+01	77	4
2016	Gerel Badral-91004511. Sistema	\N	5070024273	1	0	\N	\N	\N	2026-03-15 12:56:43.354165+01	2026-03-23 11:31:27.763296+01	185	6
1466	Ц.ОЮУН-ЭРДЭНЭ 99002551 CETHAPIL LOTION ХААНААС: 150000 ОЮУН-ЭРДЭНЭ ЦАГААНБАНДИ	\N	4305208889	1	0	\N	\N	\N	2026-03-10 09:11:12.495238+01	2026-03-23 12:05:33.001782+01	111	6
1414	МАНДАХАА МАНДАХАА  85015000 CETAPHIL TOS1, LOTION2 ХААНААС: 150000 ЭНХМАНДАХ БАТБОЛД	\N	3055117777	1	0	дарханы унаанд тавиулах	2026-03-27	\N	2026-03-09 05:14:26.468506+01	2026-03-27 11:59:23.38141+01	101	5
1492	Ж. ДОНСМАА 88073005 LACTOFIT, VITAMIN C ХААНААС: 150000 ДОНСМАА ЖАМБИЙ	\N	1705275814	1	0	\N	2026-03-24	\N	2026-03-10 17:38:49.758782+01	2026-03-24 09:26:09.352386+01	95	3
1491	Ж. ДОНСМАА 88073005 LACTOFIT, VITAMIN C ХААНААС: 150000 ДОНСМАА ЖАМБИЙ	\N	1705275814	1	0	\N	2026-03-24	\N	2026-03-10 17:38:07.208327+01	2026-03-24 09:26:11.433432+01	89	3
1415	МАНДАХАА МАНДАХАА  85015000 CETAPHIL TOS1, LOTION2 ХААНААС: 150000 ЭНХМАНДАХ БАТБОЛД	\N	3055117777	2	0	дарханы унаанд тавиулах	2026-03-27	\N	2026-03-09 05:16:42.195024+01	2026-03-27 11:59:25.667561+01	110	5
3610	Lkhagvajargal nyamsuren Lion savan 99067427	\N	5700228366	1	0	\N	\N	\N	2026-03-27 19:01:08.261979+01	2026-03-27 19:01:08.262032+01	207	4
3638	m altu 99080927 o hui ultimite cushion 01	\N	5060005966	1	0	\N	\N	\N	2026-03-28 01:46:03.747748+01	2026-03-28 01:46:03.747767+01	244	4
1486	ZolzayaZolushka 99177119 Inner lab Collegen 2sh ХААНААС: 320000 ЗОЛЗАЯА ДОРЖПАЛАМ	\N	5005770962	2	0	\N	\N	\N	2026-03-10 15:11:56.456595+01	2026-03-24 05:30:12.557211+01	113	6
3394	cliokill cover 23nomer ariuka ariuk 80097445	\N	5030475610	1	0	\N	\N	\N	2026-03-24 18:41:47.319947+01	2026-03-24 18:41:47.319966+01	280	4
3425	Erka Chuka-99296687 hiaven260	\N	5070337785	1	0	\N	\N	\N	2026-03-25 02:27:14.62783+01	2026-03-25 02:27:14.627847+01	285	4
1072	badam b 88662267 happycall	\N	5592086464	1	0	Баянгол дүүрэг 17р хороо 38а 1202 тоот	2026-03-25	\N	2026-03-06 19:10:35.802386+01	2026-03-25 06:41:29.979398+01	96	3
1481	hairuuliin tavag/Ulzii Saikhan/99068400/	\N	5041133083	1	0	\N	\N	\N	2026-03-10 09:28:00.475631+01	2026-03-25 09:40:22.205423+01	96	6
2664	EB -Nasaa Nyamdorj, 91080121, NutCluster Dark Choc ХААНААС: 040000 НАСАНТОГТОХ НЯМДОРЖ	\N	415102550	1	0	\N	\N	\N	2026-03-20 07:38:33.66405+01	2026-03-25 09:48:52.950077+01	157	6
1479	Saruul zaya 99901833 adidas tsunh	\N	5029462402	1	0	\N	\N	\N	2026-03-10 09:25:10.626402+01	2026-03-25 09:50:21.476027+01	123	6
1485	North 280s -2sh 230-1sh 99045411	\N	5120191999	3	0	Erdenet 99045411	\N	\N	2026-03-10 09:52:59.443238+01	2026-03-25 10:12:50.842565+01	126	6
1480	munhgerel 99192911 adidas tsunh	\N	5026350483	1	0	\N	\N	\N	2026-03-10 09:25:10.633051+01	2026-03-25 09:50:31.156843+01	123	1
1472	naku naku 99040748 nf хар таавчик size 260	\N	5007422689	1	0	\N	\N	\N	2026-03-10 09:23:15.493447+01	2026-03-25 10:06:04.751104+01	126	6
1483	Otgontsesteg Lamjav 280-2sh	\N	5055185059.0	2	0	\N	\N	\N	2026-03-10 09:36:10.274162+01	2026-03-25 10:06:46.959243+01	126	6
1473	80192320 Northface 43 Har taavchig	\N	5301722893	1	0	\N	\N	\N	2026-03-10 09:23:15.498981+01	2026-03-25 10:07:20.279054+01	126	6
1477	sarangerel enkhmend 98115799 north uglash40	\N	5312000148	1	0	\N	\N	\N	2026-03-10 09:23:15.523038+01	2026-03-20 06:41:33.083942+01	126	1
1478	НАРАНТУЯА-с Nortce tabchik 25 size beij	\N	5044019334	1	0	\N	\N	\N	2026-03-10 09:23:15.529197+01	2026-03-20 06:41:34.474587+01	126	1
1490	sarangerel enkhmend uglaash solilt	\N	5312000148	1	0	\N	\N	\N	2026-03-10 15:31:07.464665+01	2026-03-20 06:43:50.019315+01	129	1
1489	EB -Chimegsanaa 88881487 tsagaan 250-2, 300-2 The ХААНААС: 040000 ЧИМЭГСАНАА АЛТАНГЭРЭЛ	\N	431063481	4	0	\N	\N	\N	2026-03-10 15:31:07.458132+01	2026-03-20 06:43:51.853237+01	129	1
1475	TRF=007581762533-**********XX6061-ATM406>Ulaanbaat АМАРЖАРГАЛ ДҮГЭРЭЭ 96051845 ХАР 23	\N	5009606856	1	0	\N	\N	\N	2026-03-10 09:23:15.510415+01	2026-03-25 10:07:46.565039+01	126	6
1487	TRF=007581754441-**********XX6061-ATM406>Ulaanbaat АМАРЖАРГАЛ ДҮГЭРЭЭ 96051845 ХАР 245	\N	5009606856	1	0	\N	\N	\N	2026-03-10 15:18:42.301287+01	2026-03-25 10:10:08.114495+01	127	6
1476	north face saaral ungu size 42 утас 90151208	\N	5305972601	1	0	\N	\N	\N	2026-03-10 09:23:15.51641+01	2026-03-25 10:13:17.180455+01	126	6
1471	91953060  Nortn Face har 41	\N	5030210880	1	0	\N	\N	\N	2026-03-10 09:23:15.485125+01	2026-03-25 10:13:39.958912+01	126	6
1474	88993663 ankhaa ankhaa northface 260 har	\N	5301391938	1	0	khan uul duureg 17 horoo kingtower 132-271toot 2 orts 9 davkhar	\N	\N	2026-03-10 09:23:15.505274+01	2026-03-25 10:05:31.210056+01	126	6
1498	tseene-sulwhasoo hos tseverlegch-3sh	\N	5068032234	3	0	\N	\N	\N	2026-03-11 06:55:03.261795+01	2026-03-27 05:37:30.139388+01	119	7
1497	EB -enkhchimeg enkhuush, 93131868, sulwhasoo foam, ХААНААС: 040000 ЭНХЧИМЭГ ГАНБААТАР	\N	459009272	2	0	\N	\N	\N	2026-03-11 06:55:03.242986+01	2026-03-27 05:37:32.156074+01	119	7
1496	Doogii doogii,91111331, sulwashoo cleaningset	\N	5019322829	2	0	\N	\N	\N	2026-03-11 06:55:03.234207+01	2026-03-27 05:37:34.599368+01	119	7
1495	bujinee munkhbat 99795313 sulwhasoo set	\N	5648068274	1	0	\N	\N	\N	2026-03-11 06:55:03.213065+01	2026-03-27 05:37:36.586277+01	119	7
1494	sulwhasoo set 99149615	\N	5030350996	1	0	\N	\N	\N	2026-03-11 06:55:03.207832+01	2026-03-27 05:37:38.445289+01	119	7
1493	Tserenbat Naranmandakh 99029979	\N	5109059570	1	0	\N	\N	\N	2026-03-11 06:55:03.182178+01	2026-03-27 05:37:39.856441+01	119	7
1043	NARAA CH, 86599229, CHIA AND OAT ХААНААС: 150000 НАРМӨНХ ЧУЛУУНБААТАР	\N	1505017851	1	0	\N	2026-03-24	\N	2026-03-06 06:59:48.327483+01	2026-03-24 08:44:59.324194+01	81	3
2017	nasaa ts 99075446 hoolni sav	\N	5022848030	1	0	\N	2026-03-24	\N	2026-03-15 12:56:47.255774+01	2026-03-24 05:41:42.990637+01	185	3
2087	цэрэндорж мөнхзаяа 99043437 уруулын сэт+кошло	\N	5020701483	1	0	\N	\N	\N	2026-03-16 04:01:56.078014+01	2026-03-20 06:53:30.647176+01	155	1
2088	Jagaa2 99904129 uruuliin set	\N	5135621984	1	0	\N	\N	\N	2026-03-16 04:01:56.089407+01	2026-03-20 06:53:32.619343+01	155	1
2089	Chimeg alt 99065008 whoo uruul set	\N	5059554455	1	0	\N	\N	\N	2026-03-16 04:01:56.101065+01	2026-03-20 06:53:34.092608+01	155	1
2665	undrah uugii 90086699 sormuus budag	\N	5029580719	1	0	\N	\N	\N	2026-03-20 07:45:46.154615+01	2026-03-20 07:45:46.154668+01	228	4
2666	91090133 ohui mascara	\N	5032486870	1	0	\N	\N	\N	2026-03-20 07:45:46.166574+01	2026-03-20 07:45:46.166592+01	228	4
2052	азаа ганболд 99247444 sulwhasoo mask	\N	5046350831	1	0	zuunharaa 99247444	\N	\N	2026-03-16 03:41:01.221514+01	2026-03-20 07:09:52.180263+01	188	1
1521	tenten 1sh 99149615	\N	5030350996	1	0	\N	2026-03-27	\N	2026-03-11 08:30:25.115412+01	2026-03-27 11:13:04.851787+01	114	3
3577	Delguurt Podwolk L	\N	5044019334.0	10	0	\N	\N	\N	2026-03-27 11:50:19.781571+01	2026-03-27 11:50:19.78159+01	77	4
2090	Одончимэг Одноо 88015388 history of uruuliin set ХААНААС: 320000 ОДОНЧИМЭГ ЭНХБАЯР	\N	5002411130	1	0	\N	\N	\N	2026-03-16 04:01:56.106305+01	2026-03-20 06:53:36.05363+01	155	1
2091	BAASKA 80224656 THE WOO BALM SET ХААНААС: 150000 БААСАНХҮҮ САМБУУНЯМ	\N	2209161728	1	0	\N	\N	\N	2026-03-16 04:01:56.112748+01	2026-03-20 06:53:38.176849+01	155	1
2092	EB -dumka2 80130077 ХААНААС: 040000 ДУЛАМХАНД ДАВААДУЛАМ	\N	475076245	1	0	\N	\N	\N	2026-03-16 04:01:56.120281+01	2026-03-20 06:53:40.20138+01	155	1
2018	oyun erdene 90005520 sistema	\N	5942057802	1	0	\N	2026-03-24	\N	2026-03-15 12:56:47.261259+01	2026-03-24 06:26:30.936987+01	185	3
1525	Batsukh Baasansuren 94745959, Ten Ten ХААНААС: 340000 ТЭМҮҮЛЭН МӨНХЭРДЭНЭ	\N	181000168598	1	0	\N	\N	\N	2026-03-11 08:30:25.131861+01	2026-03-25 09:35:22.674411+01	114	6
1526	TEN TEN SHAGDAR TSENDSUREN 99377347 ХААНААС: 150000 ЦЭНДСҮРЭН ШАГДАР	\N	1105719967	1	0	\N	\N	\N	2026-03-11 08:30:25.141481+01	2026-03-25 09:35:24.624764+01	114	6
1527	EB -Muugii Tse 99084990 tenten1 ХААНААС: 040000 МӨНХЦЭЦЭГ ЦЭДЭНЖАВ	\N	401073433	1	0	\N	\N	\N	2026-03-11 08:30:25.147856+01	2026-03-25 09:35:28.536429+01	114	6
1509	chimedsuren vanganjal 99004518 aylal	\N	5045596106	1	0	\N	\N	\N	2026-03-11 08:12:39.397738+01	2026-03-25 09:42:23.41303+01	122	6
1508	BosooMunguntuul91915274  aylaliin set 6 hunii	\N	5009068894	1	0	\N	\N	\N	2026-03-11 08:12:39.388637+01	2026-03-25 09:42:25.586396+01	122	6
1519	хог түүгч 91000529 Bulga Sj	\N	5037233211	1	0	\N	\N	\N	2026-03-11 08:27:44.766495+01	2026-03-25 09:48:03.854804+01	112	6
1518	EB -Отгонцэцэг-с илгээв Hog tuugch.88874888 ХААНААС: 040000 ОТГОНЦЭЦЭГ ГОТОВ	\N	822006685	1	0	\N	\N	\N	2026-03-11 08:27:44.756315+01	2026-03-25 09:48:07.389577+01	112	6
2034	Zaya 88888255 anua serum 1	\N	4325111981	1	0	Сэлэнгэ аймаг, Сүхбаатар сум, аймгийн төв унаанд тавиулнаа 88888255	\N	\N	2026-03-16 03:13:15.329558+01	2026-03-16 03:13:15.346303+01	149	6
3611	Unurflower 91915155 scrubbing bubbles ХААНААС: 320000 ӨНӨРЦЭЦЭГ САМПИЛ	\N	5001153152	1	0	\N	\N	\N	2026-03-27 19:03:00.481563+01	2026-03-27 19:03:00.481606+01	249	4
1522	Мөөгий Б. 89920434 ten ten 1.	\N	5026610159	1	0	\N	2026-03-30	\N	2026-03-11 08:30:25.11924+01	2026-03-30 06:56:27.279913+02	114	3
2099	baasanhuubaska 96061116.em tursik XL.	\N	5069203518	1	0	\N	\N	\N	2026-03-16 04:12:02.286312+01	2026-03-16 04:12:02.286331+01	159	4
2100	Ochirmaa Lkhagvasuren 99794040 S  Elle 5 хос турсик ХААНААС: 320000 ОЧИРМАА ЛХАГВАСҮРЭН	\N	5005921601	1	0	\N	\N	\N	2026-03-16 04:12:02.304655+01	2026-03-16 04:12:02.304705+01	159	4
2514	t.otgonjargal 90001636 sum chigahvleh set	\N	5800715650	1	0	\N	\N	\N	2026-03-19 05:02:18.267158+01	2026-03-20 06:58:44.111365+01	163	1
2051	EB -SE Azjargal 99351885 Шөнө маск ХААНААС: 040000 АЗЖАРГАЛ ЭРДЭНЭ-ОЧИР	\N	407185577	1	0	\N	\N	\N	2026-03-16 03:41:01.210993+01	2026-03-20 07:09:50.767396+01	188	1
2053	EB -daesy soko 89074879 untlagiin mask ХААНААС: 040000 СОЛОНГО ГАНТУЛГА	\N	456124058	1	0	\N	\N	\N	2026-03-16 03:41:01.228191+01	2026-03-20 07:09:53.853652+01	188	1
2054	Oyun Erdene 88093708 sulwhasoo shunu maska	\N	5173031138	1	0	\N	\N	\N	2026-03-16 03:41:01.233526+01	2026-03-20 07:09:55.158866+01	188	1
2055	budmaa bud 86045152 shoniin mask	\N	5920038078	1	0	\N	\N	\N	2026-03-16 03:41:01.242369+01	2026-03-20 07:09:57.197267+01	188	1
2056	shunii mask	\N	5404800809	1	0	\N	\N	\N	2026-03-16 03:41:01.248633+01	2026-03-20 07:09:58.589469+01	188	1
2057	Энхзул Х.90156063.sulwahoo shoniin mask	\N	5952069065	1	0	\N	\N	\N	2026-03-16 03:41:01.259879+01	2026-03-20 07:10:00.536011+01	188	1
2059	Batsukh Baasansuren 94745959 Sulwhasoo mask ХААНААС: 340000 БААСАНСҮРЭН БАТСҮХ	\N	181001853865	1	0	\N	\N	\N	2026-03-16 03:41:01.30058+01	2026-03-20 07:10:03.383252+01	188	1
2060	boloroo bolor 99810864  mask ХААНААС: 340000 БОЛОРТУЯА НЯМДОРЖ	\N	104400333106	1	0	\N	\N	\N	2026-03-16 03:41:01.315269+01	2026-03-20 07:10:05.085456+01	188	1
2061	Buyanaa 91914945 shuniin mask 2sh	\N	5035304059	1	0	\N	\N	\N	2026-03-16 03:41:01.325188+01	2026-03-20 07:10:06.266389+01	188	1
2062	TSELMEG BAYARTSENGEL 99799398 SULWHASOO SLEEPING M ХААНААС: 150000 ЦЭЛМЭГ БАЯРЦЭНГЭЛ	\N	3005124885	1	0	\N	\N	\N	2026-03-16 03:41:01.335997+01	2026-03-20 07:10:08.032425+01	188	1
2063	tselmuun battsengel mask shuniin	\N	5011331525	1	0	\N	\N	\N	2026-03-16 03:41:01.339889+01	2026-03-20 07:10:10.199886+01	188	1
2064	Ариунтуяа 88090280, sulwhasoo overnight mask	\N	5044040649	1	0	\N	\N	\N	2026-03-16 03:41:01.343532+01	2026-03-20 07:10:11.389983+01	188	1
2065	Б.Бурмаа 88806631	\N	5063254195	1	0	\N	\N	\N	2026-03-16 03:41:01.354019+01	2026-03-20 07:10:13.098539+01	188	1
2066	baka bakaya 88004906 sulwhasoo mask	\N	5048300810	1	0	\N	\N	\N	2026-03-16 03:41:01.358233+01	2026-03-20 07:10:14.611945+01	188	1
2067	Munkhzul zulaa 88086230 untlagin mask	\N	5026421934	1	0	\N	\N	\N	2026-03-16 03:41:01.362331+01	2026-03-20 07:10:17.058107+01	188	1
2069	odgerel myagmar 9666622 sulwhasoo mask	\N	5057661174	1	0	\N	\N	\N	2026-03-16 03:41:01.399863+01	2026-03-20 07:10:23.889542+01	188	1
2070	Bolortuya Tuya 88084649	\N	5405250047	1	0	\N	\N	\N	2026-03-16 03:41:01.411286+01	2026-03-20 07:10:24.955305+01	188	1
2072	Б.Гоо 99905399 overnight vitalizingmask 2sh+2	\N	5311129244	2	0	\N	\N	\N	2026-03-16 03:41:01.428016+01	2026-03-20 07:10:28.508326+01	188	1
2073	crystal crystal 95343471 sleeping mask2	\N	5094138104	2	0	\N	\N	\N	2026-03-16 03:41:01.439818+01	2026-03-20 07:10:29.775545+01	188	1
2074	88106971 shuniin mask shulwhasoo	\N	5042299811	2	0	\N	\N	\N	2026-03-16 03:41:01.458954+01	2026-03-20 07:10:31.843874+01	188	1
2075	Tuul Tuul, 99069896, Sulwhasoo nigth mask-2sh	\N	5070224342	2	0	\N	\N	\N	2026-03-16 03:41:01.464801+01	2026-03-20 07:10:33.558119+01	188	1
2076	88087237 SULWHASOO MASK 3 ХААНААС: 150000 ОТГОНСҮРЭН ДОНЛИГ	\N	3455187361	3	0	\N	\N	\N	2026-03-16 03:41:01.470552+01	2026-03-20 07:10:36.495459+01	188	1
2079	bolortsetseg gankhuyag sulwhasoo serum-3ш	\N	5033123676	3	0	\N	\N	\N	2026-03-16 03:49:30.209258+01	2026-03-20 06:48:01.352638+01	153	1
1603	Uyanga margad ohui ten set 1	\N	5045441404	1	0	\N	\N	\N	2026-03-11 09:59:49.328001+01	2026-03-21 16:17:39.879284+01	140	1
1583	99107210 Coffee mashine 	\N	5057188864	1	0	Khan-Uul 24-r khoroo HunnuTower 1401-4toot\n99107210	\N	\N	2026-03-11 09:47:19.884367+01	2026-03-11 09:47:19.884386+01	139	4
1032	A.Deegii 99278960 chia urtei ovyos	\N	5301840986	1	0	Баянгол дүүрэг, 32-р хороо, korea town 2 45a байр, 170 тоот	2026-03-24	\N	2026-03-06 06:59:41.171661+01	2026-03-24 10:28:32.445202+01	81	2
2078	Ganaa Ganaa 99061501 sulwhasoo serum 2sh	\N	5055157815	2	0	\N	\N	\N	2026-03-16 03:49:30.201856+01	2026-03-20 06:48:03.145203+01	153	1
2077	91912671 sulwhasoo serum	\N	5064786809	1	0	\N	\N	\N	2026-03-16 03:49:30.190087+01	2026-03-20 06:48:04.580193+01	153	1
3578	Delguurt aylaliin set	\N	5044019334	25	0	\N	\N	\N	2026-03-27 11:52:00.626597+01	2026-03-27 11:52:10.590667+01	122	4
3639	01,Ohui cushion Suvd Suvd-88127049	\N	5920494917	1	0	\N	\N	\N	2026-03-28 01:46:03.751483+01	2026-03-28 01:46:03.751502+01	244	4
1712	MYAGMARSUREN MUNKHZUL 88018001 SU:M37 TSEVERLEH BA ХААНААС: 150000 МӨНХЗУЛ МЯГМАРСҮРЭН	\N	1109078744	1	3600	\N	2026-03-28	\N	2026-03-12 12:19:41.128716+01	2026-03-28 07:26:29.747899+01	160	3
2019	sistema hoolni sav 99086713	\N	5003384282	1	0	\N	\N	\N	2026-03-15 12:56:51.433224+01	2026-03-23 11:31:22.079094+01	185	6
2093	99012591, vonbee tsai	\N	5084001114	1	0	\N	\N	\N	2026-03-16 04:05:43.708975+01	2026-03-16 04:05:48.237211+01	189	1
3395	clio cushion 23,21 utas-99069196 ХААНААС: 340000 ЦЭЦЭГБАДАМ ЦОГБАДРАХ	\N	360000186972	1	0	\N	\N	\N	2026-03-24 18:41:47.324439+01	2026-03-24 18:41:47.324456+01	280	4
2108	amgalan munkhtuya 99077114 ohui sun cream	\N	5003196720	1	0	\N	\N	\N	2026-03-16 04:24:34.692732+01	2026-03-16 04:24:34.692754+01	173	4
1566	99107210 NF43 tawchik	\N	5057188864	1	0	Khan-Uul 24-r khoroo HunnuTower 1401-4toot\n99107210	\N	\N	2026-03-11 08:55:41.737459+01	2026-03-20 06:41:42.395248+01	126	1
1578	odko dk, 88804236, Togoo 1,tenten 1	\N	5015393077	1	0	\N	\N	\N	2026-03-11 09:29:36.685429+01	2026-03-25 09:35:39.806395+01	114	6
3678	Д.Хандармаа salomon 37size	\N	5005658486	1	0	\N	\N	\N	2026-03-28 08:28:26.684415+01	2026-03-28 08:28:26.69213+01	236	7
1608	Uyanga margad cethapil lotion hos  	\N	5045441404	1	0	\N	2026-03-28	\N	2026-03-11 10:36:44.255254+01	2026-03-28 08:31:38.604382+01	111	3
3691	buurtsag tos 88662730	\N	5033116727	1	0	\N	\N	\N	2026-03-29 18:27:50.333079+02	2026-03-29 18:27:50.333161+02	94	4
1565	Narantuya 99105858  size 43	\N	5163116399	1	0	\N	\N	\N	2026-03-11 08:55:41.731986+01	2026-03-20 06:41:40.894396+01	126	1
1580	Bolortuya Tuya 88084649 Maxim 2sh	\N	5405250047	2	0	\N	\N	\N	2026-03-11 09:35:52.171119+01	2026-03-25 09:31:44.718842+01	138	6
1585	Omega 2ш Tenten 2ш MoogiiMarlaa 88854190	\N	5006612218	2	0	\N	\N	\N	2026-03-11 09:52:32.181179+01	2026-03-25 09:34:05.681538+01	114	6
1571	manduu bsk99201917,tenten vit	\N	5312970967	2	0	\N	\N	\N	2026-03-11 08:59:44.791166+01	2026-03-25 09:35:34.660259+01	114	6
1577	odko dk, 88804236, Togoo 1,tenten 1	\N	5015393077	1	0	\N	\N	\N	2026-03-11 09:28:57.278253+01	2026-03-25 09:40:10.576342+01	96	6
1569	Enhjargal Buynbadrah,togoo,88115166	\N	5832349415	1	0	\N	\N	\N	2026-03-11 08:57:58.194925+01	2026-03-25 09:40:18.873273+01	96	6
1713	AZAASI AZ 99051077, SU: M37 NUUR TSEVERLEGCH BAGTS ХААНААС: 150000 АЗЖАРГАЛ МӨНХ-ЭРДЭНЭ	\N	1205052009	1	3600	\N	\N	\N	2026-03-12 12:19:41.133066+01	2026-03-25 10:34:42.652559+01	160	6
1711	99012591, SU:M37 nuur tseverleh set	\N	5084001114	1	3600	\N	\N	\N	2026-03-12 12:19:41.12452+01	2026-03-25 10:34:51.168588+01	160	6
1710	gombotungaa, 91013063, su;m цэвэрлэгч	\N	5750207812	1	3600	\N	\N	\N	2026-03-12 12:19:41.113665+01	2026-03-25 10:34:54.660449+01	160	6
1567	Oyungerel Baatarjav, north 42sm 99280170	\N	5007126453	1	0	\N	\N	\N	2026-03-11 08:55:41.740927+01	2026-03-20 06:41:44.574202+01	126	1
1568	North face uglaash har 43 , 99252007 Ariuk ba	\N	5029178666	1	0	\N	\N	\N	2026-03-11 08:55:41.745794+01	2026-03-20 06:41:46.795174+01	126	1
1709	Monkhtuya Ochirkhuyag 99786070 SU:M37 set	\N	5007520551	1	3600	\N	\N	\N	2026-03-12 12:16:41.242197+01	2026-03-25 10:34:58.156657+01	160	6
1579	ичко бат-очир 99515918 ten ten 3g zahialaw	\N	5068153634	3	0	Баянгол дүүрэг 20-р хороо эрин хороолол 53/10-р байр 1р орц 6 давхар 30тоот код #5311	\N	\N	2026-03-11 09:32:25.669549+01	2026-03-25 09:34:17.443614+01	114	5
1582	Bdsh Byambaa.89035809.Dolce gusto	\N	5021472009	1	0	ХУД.23р хороо.Мандала гарден.1487-105.10давхар.89035809	\N	\N	2026-03-11 09:47:19.873195+01	2026-03-11 09:47:19.873223+01	139	4
1563	Bdsh Byambaa.89035809.STARBUCKS COFFEE	\N	5021472009	1	0	ХУД.23р хороо.Мандала гарден.1487-105.10давхар.89035809	\N	\N	2026-03-11 08:48:07.539338+01	2026-03-24 05:31:54.339613+01	118	6
1574	Nomin stsngoo 98117531 sulwhaso 7set	\N	5065242111	7	0	\N	\N	\N	2026-03-11 09:17:11.145118+01	2026-03-27 05:37:28.052115+01	119	7
1587	99828322 OHUI teni set	\N	5025600639	1	0	\N	\N	\N	2026-03-11 09:59:49.234206+01	2026-03-20 06:46:32.751387+01	140	1
1588	Munkhsuren Uldoldokh 99054170 ohui lucury set	\N	5076731991	1	0	\N	\N	\N	2026-03-11 09:59:49.239899+01	2026-03-20 06:46:34.147569+01	140	1
1589	set first luxury uyangaboldbaatar 99019949	\N	5217091033	1	0	\N	\N	\N	2026-03-11 09:59:49.244065+01	2026-03-20 06:46:35.780932+01	140	1
1591	seiko tseku 99076850 ohui set	\N	5021199152	1	0	\N	\N	\N	2026-03-11 09:59:49.256392+01	2026-03-20 06:46:39.37665+01	140	1
1592	Б.Байгал 95686229 ohui teni set ХААНААС: 340000 БАЙГАЛМАА БАТОЧИР	\N	160700031369	1	0	\N	\N	\N	2026-03-11 09:59:49.261046+01	2026-03-20 06:46:41.596966+01	140	1
1593	DUDU DULGUUN 89092432 ХААНААС: 150000 ДӨЛГӨӨН ЗУЛ	\N	1805237307	1	0	\N	\N	\N	2026-03-11 09:59:49.266968+01	2026-03-20 06:46:43.674258+01	140	1
1594	Bo.Bolormaa 99406921 Ohui luxury set	\N	5056051410	1	0	\N	\N	\N	2026-03-11 09:59:49.273481+01	2026-03-20 06:46:45.725515+01	140	1
1595	norjinsuren bold 99257218 Ohui luxury set ХААНААС: 340000 НОРЖИНСҮРЭН БОЛД	\N	102900299998	1	0	\N	\N	\N	2026-03-11 09:59:49.280887+01	2026-03-20 06:46:47.405634+01	140	1
1596	99912615, М. Энхцэцэг, ohui set	\N	5219264518	1	0	\N	\N	\N	2026-03-11 09:59:49.2906+01	2026-03-20 06:46:49.528317+01	140	1
1597	Ts.Gantuya nvvrnii budag set 96058033	\N	5009380688	1	0	\N	\N	\N	2026-03-11 09:59:49.29836+01	2026-03-20 06:46:51.091368+01	140	1
1598	EB -Tumurbaatar Bolortuya 80851890 ХААНААС: 040000 БОЛОРТУЯА ТӨМӨРБААТАР	\N	434012569	1	0	\N	\N	\N	2026-03-11 09:59:49.304233+01	2026-03-20 06:46:53.150746+01	140	1
1599	Capaana-88081740-luxury set	\N	5032467507	1	0	\N	\N	\N	2026-03-11 09:59:49.310128+01	2026-03-20 06:46:54.770947+01	140	1
1600	Ж. Буянхишиг tel:98022229 ohui teni set	\N	5495323351	1	0	\N	\N	\N	2026-03-11 09:59:49.315463+01	2026-03-20 06:46:56.831362+01	140	1
1601	zeeree khurlee 89458077 ohui bagts	\N	5315241467	1	0	\N	\N	\N	2026-03-11 09:59:49.318723+01	2026-03-20 06:46:58.279214+01	140	1
1602	Monkhtuya Ochirkhuyag 99786070 Ohui set	\N	5007520551	1	0	\N	\N	\N	2026-03-11 09:59:49.322858+01	2026-03-20 06:47:00.709424+01	140	1
1604	teni 10 ohu altaa 91164989	\N	5076165232	10	0	\N	\N	\N	2026-03-11 10:01:16.941976+01	2026-03-20 06:47:04.365391+01	140	1
1607	EB -chonos batbayar 88092721 ohui set ХААНААС: 040000 ОЮУН-ЭРДЭНЭ БАТБАЯР	\N	495058209	1	0	\N	\N	\N	2026-03-11 10:22:03.664409+01	2026-03-20 06:47:06.676495+01	140	1
1634	Munkhochir Shinegerel 99088755 serum 3sh	\N	5099358181	3	0	\N	\N	\N	2026-03-12 10:48:27.936618+01	2026-03-20 06:48:33.035619+01	153	1
1633	EB -Ganchimeg Jamiyan 99126956 Sulwashoo serum 3ш ХААНААС: 040000 ГАНЧИМЭГ ЖАМЪЯН	\N	410034344	3	0	\N	\N	\N	2026-03-12 10:48:27.933071+01	2026-03-20 06:48:34.956464+01	153	1
1632	gombosuren rolom 89007081 sulwhasoo serum	\N	5075310941	2	0	\N	\N	\N	2026-03-12 10:48:27.929893+01	2026-03-20 06:48:36.809504+01	153	1
1631	Ө.Энхтуул 90660303 2 серум	\N	5312085351	2	0	\N	\N	\N	2026-03-12 10:48:27.926154+01	2026-03-20 06:48:38.76342+01	153	1
1630	tselmuun battsengel serum*2	\N	5011331525	2	0	\N	\N	\N	2026-03-12 10:48:27.921001+01	2026-03-20 06:48:40.82859+01	153	1
1629	dirol crystal 96091525, sulw rej. serum 2 sh	\N	5720516021	2	0	\N	\N	\N	2026-03-12 10:48:27.917638+01	2026-03-20 06:48:42.465293+01	153	1
1628	Б.Болор 99003112 sulwhasoo 2sh concent.serum	\N	5114248993	2	0	\N	\N	\N	2026-03-12 10:48:27.915575+01	2026-03-20 06:48:44.743994+01	153	1
1626	nka nka 99883496 serum 2sh	\N	5021273933	2	0	\N	\N	\N	2026-03-12 10:48:27.910244+01	2026-03-20 06:48:51.036216+01	153	1
1625	Dairiihvv Dairii 99230709 Cerym	\N	5133169302	1	0	\N	\N	\N	2026-03-12 10:48:27.9055+01	2026-03-20 06:48:52.799364+01	153	1
1624	EB -Kaka kaka 99099174 serum ХААНААС: 040000 СОЛЬСҮРЭН ГҮРРАГЧАА	\N	412040443	1	0	\N	\N	\N	2026-03-12 10:48:27.900576+01	2026-03-20 06:48:54.456059+01	153	1
1623	AZAASI AZ 99051077, SULWHASOO SERUM 1 ХААНААС: 150000 АЗЖАРГАЛ МӨНХ-ЭРДЭНЭ	\N	1205052009	1	0	\N	\N	\N	2026-03-12 10:48:27.896957+01	2026-03-20 06:48:56.397985+01	153	1
1627	jargalsaikhan tugsuu 88009903 sulwhasoo serum	\N	5019489992	2	0	Схд 1-хороолол 34 б байр 5 орц 148 тоот	\N	\N	2026-03-12 10:48:27.913229+01	2026-03-20 06:48:48.621361+01	153	1
1621	EB -89078220_boloro bolochko_serum sulwhasoo ХААНААС: 040000 БОЛОРМАА ӨРГӨМӨЛ	\N	436006545	1	0	\N	\N	\N	2026-03-12 10:48:27.881967+01	2026-03-20 06:48:58.38164+01	153	1
3396	EB -99363596-Baaska Tgt AHC cream ХААНААС: 040000 БААСАНЦЭЦЭГ МӨНХБАТ	\N	423108786	1	0	\N	\N	\N	2026-03-25 01:02:18.972167+01	2026-03-25 01:02:18.972215+01	251	4
1656	Э. Мөнх-ургамал 88690001 Aynii set 1sh	\N	5420312574	1	0	\N	\N	\N	2026-03-12 11:18:25.190378+01	2026-03-25 09:42:16.523247+01	122	6
1655	tuya tuya 99401353 аялалын 6хүний сет	\N	5055404866	1	0	\N	\N	\N	2026-03-12 11:18:25.186928+01	2026-03-25 09:42:18.502316+01	122	6
1654	AYLALIIN SET 88699269 ХААНААС: 150000 БЯМБАДОЛГОР ЦЭРЭНПИЛ	\N	1305155758	1	0	\N	\N	\N	2026-03-12 11:18:25.174653+01	2026-03-25 09:42:20.471885+01	122	6
1640	guujuulagch 99149615	\N	5030350996	1	3200	\N	2026-03-27	\N	2026-03-12 10:57:59.455183+01	2026-03-27 11:13:02.32605+01	154	3
3646	Unurflower 91915155 ohui lip coral duo set	\N	5174001419	1	0	\N	\N	\N	2026-03-28 04:44:09.718976+01	2026-03-28 04:44:09.71902+01	194	4
2083	baka bakaya 88004906 sum37 guijuulagch	\N	5048300810	1	3200	\N	\N	\N	2026-03-16 03:54:29.403181+01	2026-03-25 10:29:37.297096+01	154	1
2082	М.Батцэцэг 99110531 гуужуулагч сэт	\N	5011813598	1	3200	\N	\N	\N	2026-03-16 03:54:29.399001+01	2026-03-25 10:29:43.524382+01	154	1
2081	Гуужуулагч багц..95183999..Muugii Munhzul fs	\N	5032684656	1	3200	\N	\N	\N	2026-03-16 03:54:29.394775+01	2026-03-25 10:29:51.29199+01	154	1
2080	Jagaa2 99904129 SU:M guujuulagcht set	\N	5135621984	1	3200	\N	\N	\N	2026-03-16 03:54:29.376421+01	2026-03-25 10:30:00.6928+01	154	1
1653	EB -Lhagvasuren Erdenesugar 99043335, Whoo guujuul ХААНААС: 040000 ЭРДЭНЭСУГАР ЛХАГВАСҮРЭН	\N	403166217	1	3200	\N	\N	\N	2026-03-12 11:15:33.455987+01	2026-03-25 10:30:26.768502+01	154	1
1652	narantuya angarag 99997810 whoo	\N	5041061594	1	3200	\N	\N	\N	2026-03-12 11:15:33.446042+01	2026-03-25 10:30:37.543874+01	154	1
1651	99012591, SU:M37 guujuulagch set	\N	5084001114	1	3200	\N	\N	\N	2026-03-12 11:10:03.071861+01	2026-03-25 10:30:41.913804+01	154	1
1650	Naagii Lkhagva SUM guujuulagch 99041979 ХААНААС: 340000 НАРАНТУЯА ЛХАГВА	\N	141200042007	1	3200	\N	\N	\N	2026-03-12 11:10:03.061183+01	2026-03-25 10:30:45.566894+01	154	6
1649	bolor boogii 96961929 suum peeling gel ХААНААС: 340000 БОЛОP МАНЬБАДPАХ	\N	102100083112	1	3200	\N	\N	\N	2026-03-12 11:10:03.014617+01	2026-03-25 10:30:49.242755+01	154	6
2102	Б.Гоо 99905399 ногоо сэгсрэгч	\N	5311129244	1	0	\N	\N	\N	2026-03-16 04:16:44.512433+01	2026-03-16 04:16:44.512453+01	168	4
2058	SULWHASOO OVERNIGHT 85245016 МӨӨГИЙ ЭНХЭЭ ХААНААС: 150000 МӨНХТУНГАЛАГ ЭНХЖАРГАЛ	\N	1205308741	1	0	\N	\N	\N	2026-03-16 03:41:01.278672+01	2026-03-20 07:10:02.071646+01	188	1
1648	sayrangul baynjargal 80072353 suim guujuulagc	\N	5041207977	1	3200	\N	\N	\N	2026-03-12 11:10:02.976791+01	2026-03-25 10:31:02.006044+01	154	6
1647	dirol crystal 96091525, su:m peeling set	\N	5720516021	1	3200	\N	\N	\N	2026-03-12 11:10:02.940732+01	2026-03-25 10:31:05.318312+01	154	6
1646	sumi guujuulagch  10 sh altaa 91164989	\N	5076165232	10	3200	\N	\N	\N	2026-03-12 10:58:08.641896+01	2026-03-25 10:31:10.130298+01	154	6
1645	ganbaatar Munkhtuya 99256279, sum guuj	\N	5009178284	4	3200	\N	\N	\N	2026-03-12 10:58:05.221038+01	2026-03-25 10:31:14.385339+01	154	5
1644	Н.НАРАНЦАЦРАЛ88078833 guujuulagch set	\N	5029662900	1	3200	\N	\N	\N	2026-03-12 10:57:59.479721+01	2026-03-25 10:31:19.214854+01	154	6
1643	95259970 su:m 37	\N	5026671724	1	3200	\N	\N	\N	2026-03-12 10:57:59.47205+01	2026-03-25 10:31:24.762259+01	154	6
1642	Urjinkhand M  88082270  Peeling Gel + Cl wate	\N	5495135175	1	3200	\N	\N	\N	2026-03-12 10:57:59.465778+01	2026-03-25 10:31:27.757812+01	154	6
1641	ЮумааЮмаа 99869537 Sum set 1shirheg	\N	5077196815	1	3200	\N	\N	\N	2026-03-12 10:57:59.460208+01	2026-03-25 10:31:30.736755+01	154	6
1639	Цокоо Цог+99197343+SU:M37'	\N	5027726184	1	3200	\N	\N	\N	2026-03-12 10:57:59.450633+01	2026-03-25 10:31:39.626377+01	154	6
1638	72509447 Orhontuul oogii Su:m peeling gel	\N	5020950316	1	3200	\N	\N	\N	2026-03-12 10:57:59.446957+01	2026-03-25 10:31:49.575787+01	154	6
1616	Ж. ДОНСМАА 88073005 НҮҮР ЦЭВЭРЛЭГЧ СЕТ ХААНААС: 150000 ДОНСМАА ЖАМБИЙ	\N	1705275814	1	0	\N	2026-03-26	\N	2026-03-12 10:39:56.376588+01	2026-03-26 04:57:58.20526+01	119	3
1620	Э. Мөнх-ургамал 88690001 cleansing foam 2sh	\N	5420312574	2	0	\N	\N	\N	2026-03-12 10:39:56.395456+01	2026-03-27 05:37:09.276786+01	119	7
1615	EB -battsetseg bd. 99091286. sulwhasoo oil foam ХААНААС: 040000 БАТЦЭЦЭГ БАТ-ЭРДЭНЭ	\N	405068069	1	0	\N	2026-03-26	\N	2026-03-12 10:39:56.371522+01	2026-03-26 08:05:05.084577+01	119	3
1619	Odgerel Tumennasan 88932209 Sulwa хөөсөн цэвэ	\N	5925047432	2	0	\N	\N	\N	2026-03-12 10:39:56.389144+01	2026-03-27 05:37:11.190518+01	119	7
1618	nka nka 99883496 hoostei set 2sh	\N	5021273933	2	0	\N	\N	\N	2026-03-12 10:39:56.385043+01	2026-03-27 05:37:12.994846+01	119	4
1617	Ж.Энхээ 99072776 н хөөс	\N	5084062510	1	0	\N	\N	\N	2026-03-12 10:39:56.380861+01	2026-03-27 05:37:14.678561+01	119	4
1613	TSEWERLEGCH SET 88699269 ХААНААС: 150000 БЯМБАДОЛГОР ЦЭРЭНПИЛ	\N	1305155758	1	0	\N	\N	\N	2026-03-12 10:39:56.360434+01	2026-03-27 05:37:23.032696+01	119	7
1612	Ж.Буянхишиг утас:98022229 sulhwhaso tsevrlgch	\N	5495323351	1	0	\N	\N	\N	2026-03-12 10:39:56.345055+01	2026-03-27 05:37:26.122893+01	119	7
2667	99828322 Сормуусны будаг	\N	5025600639	1	0	\N	\N	\N	2026-03-20 07:45:46.17319+01	2026-03-20 07:45:46.173211+01	228	4
2711	Oyunsuvd 99994113 DR.G black snail -1shirheg	\N	5094405671	1	0	\N	\N	\N	2026-03-20 08:05:03.255776+01	2026-03-20 08:05:03.255792+01	230	4
2021	khunaa jagaa 99001229 sistema sav ayanii sav	\N	5753393780	1	0	\N	\N	\N	2026-03-15 12:59:30.549674+01	2026-03-23 11:31:17.057522+01	185	6
3397	Purevjargal Pjl 88096635 DG coffee 36sh-tei	\N	5706090102	1	0	\N	\N	\N	2026-03-25 01:50:12.836345+01	2026-03-25 01:50:12.836375+01	281	4
1691	80813331 Nut clusters	\N	5003977384	1	0	\N	\N	\N	2026-03-12 11:52:28.686595+01	2026-03-25 09:49:04.288203+01	157	6
1694	Oyko Oyko 96093373 er puma trusik XL	\N	5034116512	1	0	Баянгол дүүргийн 33-р хороо 64-р байр 33 тоот	\N	\N	2026-03-12 12:05:23.026948+01	2026-03-12 12:05:23.026969+01	158	4
3579	Delguurt kamut hool zadlagch	\N	5044019334	8	0	\N	\N	\N	2026-03-27 11:53:21.869046+01	2026-03-27 11:53:30.106035+01	182	4
3612	Э.Батжаргал 9938-0999 жорлон ариу.ч үнэртүүлэ	\N	5897008150	1	0	\N	\N	\N	2026-03-27 19:03:00.499796+01	2026-03-27 19:03:00.499814+01	249	4
1658	СОЛО СОЛОНГО 88077970 THE WHOO URUULIIN BUDAG BAGT ХААНААС: 150000 СОЛОНГО БАТ-ЭРДЭНЭ	\N	2025166925	1	0	\N	\N	\N	2026-03-12 11:27:23.941578+01	2026-03-20 06:51:37.134273+01	155	1
1659	ONOKO 88004674 THE WHOO LIP BALM SET ХААНААС: 040000 ОНОН ДАШБОЛД	\N	426001039	1	0	\N	\N	\N	2026-03-12 11:27:23.957477+01	2026-03-20 06:51:38.424576+01	155	1
1692	Otgoo Jargal, 99723599 Puma tursik-M	\N	5022162289	1	0	\N	\N	\N	2026-03-12 12:05:23.012126+01	2026-03-12 12:05:23.012166+01	158	4
1695	ӨӨЖИГ ӨЛЗИЙ 99084331 PUMA ER TURSIK XXL ХААНААС: 150000 ӨЛЗИЙХҮҮ МЯГМАР	\N	4005104796	1	0	\N	\N	\N	2026-03-12 12:05:23.031242+01	2026-03-12 12:05:23.031261+01	158	4
1696	venus 99067943 bandaash m-1, xl-1 puma	\N	5075317823	2	0	\N	\N	\N	2026-03-12 12:05:26.874226+01	2026-03-12 12:05:26.874245+01	158	4
1697	Zulaa Zul 99821180 tvrsik em M	\N	5006397414	1	0	\N	\N	\N	2026-03-12 12:07:49.552103+01	2026-03-12 12:07:49.552119+01	159	4
1698	99768669 elle tursik L	\N	5037414447	1	0	\N	\N	\N	2026-03-12 12:07:49.55889+01	2026-03-12 12:07:49.55891+01	159	4
1699	OINBILEG MOONSHINE ELLE M ХААНААС: 150000 ОЙНБИЛЭГ НЭМЭХБАЯР	\N	5649062999	1	0	\N	\N	\N	2026-03-12 12:07:49.563813+01	2026-03-12 12:07:49.563834+01	159	4
1660	Eegiie khuyagaa 86090708 the whoo	\N	5070222708	1	0	\N	\N	\N	2026-03-12 11:27:23.964441+01	2026-03-20 06:51:40.06391+01	155	1
1701	ENKHUUSH 99907015 ELLE 5HOS TURSIK- SIZE-S ХААНААС: 150000 ЭНХЦЭЦЭГ ДАВААЖАВ	\N	1175185778	1	0	\N	\N	\N	2026-03-12 12:07:49.574107+01	2026-03-12 12:07:49.574127+01	159	4
1702	99374377  ELLA турсик ХЛ раз	\N	5119016524	1	0	\N	\N	\N	2026-03-12 12:07:49.579931+01	2026-03-12 12:07:49.579953+01	159	4
1704	Elle 5 tursik M size 88177551 Odgerel och	\N	5022159720	1	0	\N	\N	\N	2026-03-12 12:10:29.318517+01	2026-03-12 12:10:29.318538+01	159	4
1705	Эрдэнэчулуун 91019123 L size	\N	5025980143	1	0	\N	\N	\N	2026-03-12 12:10:29.324483+01	2026-03-12 12:10:29.324505+01	159	4
1706	ELLE TURSIK SIZE-L. ЖАРГАЛ ЖАРГАЛ 89927899 ХААНААС: 150000 ЖАРГАЛ БАЯРАА	\N	1105417927	1	0	\N	\N	\N	2026-03-12 12:10:29.330501+01	2026-03-12 12:10:29.330521+01	159	4
1707	enkh chuluun 80659988 XL	\N	5079122422	1	0	\N	\N	\N	2026-03-12 12:10:29.337483+01	2026-03-12 12:10:29.337502+01	159	4
2103	tsolmon tsogbaatar 94005775 ногоо хатаагч	\N	5173103820	1	0	\N	\N	\N	2026-03-16 04:16:44.529875+01	2026-03-16 04:16:44.529896+01	168	4
1661	Лхагвадоржийн Цэцэгбаяр 88009169 the whoo u/s	\N	5100136769	1	0	\N	\N	\N	2026-03-12 11:27:23.97067+01	2026-03-20 06:51:42.453519+01	155	1
1662	Ц.Нарка Ц.Нарка урлийн блам 99769026	\N	5014094294	1	0	\N	\N	\N	2026-03-12 11:27:23.976367+01	2026-03-20 06:51:44.882941+01	155	1
1663	Dolgorsuren Sugar 86100262 uruulin set	\N	5019060791	1	0	\N	\N	\N	2026-03-12 11:27:23.982006+01	2026-03-20 06:51:47.049214+01	155	1
1664	ganchimeg.g 99069307 whoo set	\N	5109010668	1	0	\N	\N	\N	2026-03-12 11:27:23.992652+01	2026-03-20 06:51:48.471519+01	155	1
1665	Gerelzul Zula 99074607 whoo bagts uruul	\N	5001551371	1	0	\N	\N	\N	2026-03-12 11:27:23.999019+01	2026-03-20 06:51:49.855213+01	155	1
1666	E.J 88096017 whoo lip set	\N	5026467118	1	0	\N	\N	\N	2026-03-12 11:27:24.010077+01	2026-03-20 06:51:51.858653+01	155	1
1667	Bayarmaa Bayarjargal 88047842 the whoo lipset ХААНААС: 340000 БАЯРМАА БАЯРЖАРГАЛ	\N	102800520691	1	0	\N	\N	\N	2026-03-12 11:27:24.016154+01	2026-03-20 06:51:53.220621+01	155	1
1669	Ариузаяа Мөнхбаатар 80686767 кошлоктой уруулы	\N	5076330604	1	0	\N	\N	\N	2026-03-12 11:27:24.028578+01	2026-03-20 06:51:56.711962+01	155	1
1671	Onoltuya, Damdinsuren, 88080598, кош/уруулын	\N	5420121012	1	0	\N	\N	\N	2026-03-12 11:27:24.039463+01	2026-03-20 06:52:00.037054+01	155	1
1672	У.Эрдэнэтуул-90115502. Уруулын сет	\N	5022394072	1	0	\N	\N	\N	2026-03-12 11:27:24.043161+01	2026-03-20 06:52:02.107875+01	155	1
1674	Tsegy Jigee 89145288 THE WHOO lips	\N	5111181382	1	0	\N	\N	\N	2026-03-12 11:27:24.052371+01	2026-03-20 06:52:06.171717+01	155	1
1675	PUUJEE PUUJEE 95183956 THE WHOO LIP BLAM LIPSTICK ХААНААС: 150000 ПҮРЭВСҮРЭН БАЯРМАГНАЙ	\N	8365109621	1	0	\N	\N	\N	2026-03-12 11:27:24.056885+01	2026-03-20 06:52:08.05603+01	155	1
1676	zeeree khurlee 89458077 whoo blam set	\N	5315241467	1	0	\N	\N	\N	2026-03-12 11:27:24.059432+01	2026-03-20 06:52:10.133971+01	155	1
1677	Purevtseren Ayurzana 88376601 bagtsiin burdel	\N	5133427491	1	0	\N	\N	\N	2026-03-12 11:27:24.062758+01	2026-03-20 06:52:48.492825+01	155	1
1678	BosooMunguntuul91915274 uruuliin set	\N	5009068894	1	0	\N	\N	\N	2026-03-12 11:27:24.068589+01	2026-03-20 06:52:50.022639+01	155	1
1679	gari dagva, 99058181 mini set Balm budag	\N	5019031023	1	0	\N	\N	\N	2026-03-12 11:27:24.077533+01	2026-03-20 06:52:52.031128+01	155	1
1680	Dairiihvv Dairii 99230709 Rose cet	\N	5133169302	1	0	\N	\N	\N	2026-03-12 11:27:24.085616+01	2026-03-20 06:52:53.532215+01	155	1
1681	Nyamsuren Baatarsuren 96568778 Whoo багц	\N	5306070135	1	0	\N	\N	\N	2026-03-12 11:27:24.090242+01	2026-03-20 06:52:55.482511+01	155	1
1682	Чимгээ Алтанчимэг 96013272 Уруул өнгөлгч багц	\N	5022315205	1	0	\N	\N	\N	2026-03-12 11:27:24.094375+01	2026-03-20 06:52:56.746467+01	155	1
1683	88013593 THE WHOO ROSE ХААНААС: 150000 МАНДАХ ГАНХУЯГ	\N	6105116792	1	0	\N	\N	\N	2026-03-12 11:27:24.117358+01	2026-03-20 06:53:03.361869+01	155	1
1684	уруул өнгөлөгч, балзам. А.Энхзаяа 89795955	\N	5509001502	1	0	\N	\N	\N	2026-03-12 11:27:24.133035+01	2026-03-20 06:53:04.723243+01	155	1
1685	EB -T oyun Oyunchimeg,99050006, уруул өнгалөгч сэт ХААНААС: 040000 ОЮУНЧИМЭГ ТҮВДЭНБЯМБА	\N	2622001223	2	0	\N	\N	\N	2026-03-12 11:27:24.14541+01	2026-03-20 06:53:06.261024+01	155	1
1686	88065776 УРУУЛЫН СЭТ 3Ш ХААНААС: 150000 ЭНХТҮВШИН ИЧИНХОРЛОО	\N	1609322533	3	0	\N	\N	\N	2026-03-12 11:27:24.151346+01	2026-03-20 06:53:08.487049+01	155	1
1688	EB -Lhagvasuren Erdenesugar 99043335, Whoo uruulii ХААНААС: 040000 ЭРДЭНЭСУГАР ЛХАГВАСҮРЭН	\N	403166217	1	0	\N	\N	\N	2026-03-12 11:29:34.034178+01	2026-03-20 06:53:11.955656+01	155	1
2668	EB -95606868 perle perlita ohui mascara ХААНААС: 040000 СУВДАА ЖАМЪЯН	\N	473066458	1	0	\N	\N	\N	2026-03-20 07:45:46.185142+01	2026-03-20 07:45:46.185163+01	228	4
1037	В.Сарантуяа, 90668866 Prana Organic bio	\N	5167827456	1	0	Дорноговь аймаг Замын-Үүд	2026-03-24	\N	2026-03-06 06:59:41.203305+01	2026-03-24 10:32:56.172582+01	81	2
1255	буяндэлгэр батблд 89007881 юу 2ш	\N	5028666927	2	0	БЗД офицер батлан хамгаалах яамны баруун талын засмалаар тултал яваад баруун эргээд 95-р байр 11 -1104 тоот 91393431 руу залгах	\N	\N	2026-03-07 18:05:17.671094+01	2026-03-27 05:40:35.960512+01	119	7
1721	enhee jagaa 88107539 mist suin 3	\N	5006489861	1	0	\N	\N	\N	2026-03-12 12:53:34.179478+01	2026-03-20 06:56:37.488766+01	163	1
1722	99012591, SU:M37 essence mist set	\N	5084001114	1	0	\N	\N	\N	2026-03-12 12:53:34.188211+01	2026-03-20 06:56:38.758267+01	163	1
2669	Undrahzaya 99140393 sormus budag ХААНААС: 320000 УНДРАХЗАЯА ГАНХУЯГ	\N	5002604956	1	0	\N	\N	\N	2026-03-20 07:45:46.211346+01	2026-03-20 07:45:46.211365+01	228	4
2670	Ta.Gantuya O Hui sormuus budag 96058033	\N	5009380688	1	0	\N	\N	\N	2026-03-20 07:45:46.217068+01	2026-03-20 07:45:46.217088+01	228	4
2671	OHUI сормуусны будаг , 80640701	\N	5163485607	1	0	\N	\N	\N	2026-03-20 07:45:46.222213+01	2026-03-20 07:45:46.22223+01	228	4
2672	manduu bsk99201917,ohui dual mascara	\N	5312970967	1	0	\N	\N	\N	2026-03-20 07:45:46.227072+01	2026-03-20 07:45:46.227093+01	228	4
2712	EB -SE Azjargal 99351885 Dr.G тос ХААНААС: 040000 АЗЖАРГАЛ ЭРДЭНЭ-ОЧИР	\N	407185577	1	0	\N	\N	\N	2026-03-20 08:05:03.268379+01	2026-03-20 08:05:03.268399+01	230	4
2713	MYAGMARSUREN MUNKHZUL 88018001 DR.G TOS ХААНААС: 150000 МӨНХЗУЛ МЯГМАРСҮРЭН	\N	1109078744	1	0	\N	\N	\N	2026-03-20 08:05:03.27837+01	2026-03-20 08:05:03.278391+01	230	4
2714	Dr G tos 99252007 Ariuk ba	\N	5029178666	1	0	\N	\N	\N	2026-03-20 08:05:03.2921+01	2026-03-20 08:05:03.292117+01	230	4
2715	tselmuun battsengel DR.G tos	\N	5011331525	1	0	\N	\N	\N	2026-03-20 08:05:03.30185+01	2026-03-20 08:05:03.301868+01	230	4
2716	EB -perle perlita 95606868 dr.G tos ХААНААС: 040000 СУВДАА ЖАМЪЯН	\N	473066458	1	0	\N	\N	\N	2026-03-20 08:05:03.307431+01	2026-03-20 08:05:03.307449+01	230	4
2717	uuya bla 85186930	\N	5070508662	1	0	\N	\N	\N	2026-03-20 08:05:03.315875+01	2026-03-20 08:05:03.315899+01	230	4
2718	DR.G ЭМГЭН ХУМС ТОС BATTUMUR BATBAYAR 99147414 ХААНААС: 150000 ОЮУН-ЭРДЭНЭ ТӨМӨРБААТАР	\N	3205103285	1	0	\N	\N	\N	2026-03-20 08:05:03.332118+01	2026-03-20 08:05:03.332138+01	230	4
1720	EB -baigali gerel/ 96063999/ 1.8l head&shoulders ХААНААС: 040000 БАЙГАЛЬ ГЭРЭЛЦЭЦЭГ	\N	441008974	1	0	\N	\N	\N	2026-03-12 12:40:24.276904+01	2026-03-23 11:32:15.262109+01	88	5
1719	Doogii doogii,91111331,hog tuugch roller	\N	5019322829	1	0	\N	2026-03-27	\N	2026-03-12 12:37:43.122442+01	2026-03-27 09:47:45.263248+01	112	3
2106	Tungalag Mondgor 88201794 sklncure	\N	5033461491	1	0	\N	\N	\N	2026-03-16 04:20:37.817399+01	2026-03-24 05:30:03.90775+01	113	6
2105	EB -Inner lab collagen 80086845 ХААНААС: 040000 АЛТАНТОГОС БАВААСАН	\N	401082009	1	0	\N	\N	\N	2026-03-16 04:20:37.812404+01	2026-03-24 05:30:06.256507+01	113	6
2104	Inner Lab, 91916496	\N	5020575901	1	0	\N	\N	\N	2026-03-16 04:20:37.800499+01	2026-03-24 05:30:08.64891+01	113	6
1715	tsegmed tserengombo collagen ХААНААС: 340000 ЦЭГМЭД ЦЭРЭНГОМБО	\N	282500000289	1	0	\N	\N	\N	2026-03-12 12:25:48.389244+01	2026-03-24 05:30:10.521386+01	113	6
1741	oyunka altan 99844343 ten ten	\N	5312352931	1	0	\N	\N	\N	2026-03-12 12:55:36.222252+01	2026-03-25 09:33:57.706619+01	114	6
1723	SU:M37 mist set-89555883 tserenlkham tsend	\N	5743034347	1	0	\N	\N	\N	2026-03-12 12:53:34.193544+01	2026-03-20 06:56:40.086536+01	163	1
1724	shukitotsogt 99066634 su:m37 mist set	\N	5312887865	1	0	\N	\N	\N	2026-03-12 12:53:34.198222+01	2026-03-20 06:56:42.110877+01	163	1
1725	У.Эрдэнэтуул-90115502. Secret Essence mist	\N	5022394072	1	0	\N	\N	\N	2026-03-12 12:53:34.201385+01	2026-03-20 06:56:43.579671+01	163	1
2094	Batsukh Baasansuren 94745959  Limintoi tsai 2 lite ХААНААС: 340000 БААСАНСҮРЭН БАТСҮХ	\N	181001853865	1	0	\N	\N	\N	2026-03-16 04:07:37.001323+01	2026-03-16 04:07:37.00135+01	189	1
1726	MYAGMARSUREN MUNKHZUL 88018001 SU:M MIST ХААНААС: 150000 МӨНХЗУЛ МЯГМАРСҮРЭН	\N	1109078744	1	0	\N	\N	\N	2026-03-12 12:53:34.20794+01	2026-03-20 06:56:45.44613+01	163	1
1727	tselmuun battsengel mist	\N	5011331525	1	0	\N	\N	\N	2026-03-12 12:53:34.21433+01	2026-03-20 06:56:46.684075+01	163	1
1728	UUGII MELODY 96601033 ESSENCE MIST 3SH ХААНААС: 150000 УЯНГА ЭНХЖАРГАЛ	\N	1809072368	1	0	\N	\N	\N	2026-03-12 12:53:34.220567+01	2026-03-20 06:56:48.553772+01	163	1
1729	AZAASI AZ 99051077, MIST ХААНААС: 150000 АЗЖАРГАЛ МӨНХ-ЭРДЭНЭ	\N	1205052009	1	0	\N	\N	\N	2026-03-12 12:53:34.225005+01	2026-03-20 06:56:50.073003+01	163	1
3613	Zaya khr 94015600 sum mist	\N	5034524600	1	0	\N	\N	\N	2026-03-27 19:06:24.658428+01	2026-03-27 19:06:24.658473+01	163	4
1732	99828322 Шүршдэг мист	\N	5025600639	1	0	\N	\N	\N	2026-03-12 12:53:34.240149+01	2026-03-20 06:56:53.85603+01	163	1
1733	99048440 su:m mist Ганчимэг Ч ХААНААС: 320000 ГАНЧИМЭГ ЧОЙЖАМЦ	\N	5001162103	1	0	\N	\N	\N	2026-03-12 12:53:34.243813+01	2026-03-20 06:56:54.8104+01	163	1
1734	Dawaasuren Urnaa 94144124 SU:37 mist	\N	5021339566	1	0	\N	\N	\N	2026-03-12 12:53:34.249397+01	2026-03-20 06:56:56.084862+01	163	1
3614	Otgonsuren Nyamdavaa 80102733( essence mist)	\N	5171265681	1	0	\N	\N	\N	2026-03-27 19:06:24.667357+01	2026-03-27 19:06:24.667375+01	163	4
1735	MARALGUA CH 86020246 SUM 37 MIST ХААНААС: 390000 ЧУЛУУНХҮҮ МАРАЛГУА	\N	8000808000	1	0	\N	\N	\N	2026-03-12 12:53:34.255849+01	2026-03-20 06:57:03.258663+01	163	1
1736	Э. Мөнх-ургамал 88690001 essence mist 1sh	\N	5420312574	1	0	\N	\N	\N	2026-03-12 12:53:34.26151+01	2026-03-20 06:57:04.272241+01	163	1
2095	цэрэндорж мөнхзаяа99043437 цай	\N	5020701483	1	0	\N	\N	\N	2026-03-16 04:07:37.015134+01	2026-03-16 04:07:37.015151+01	189	1
2096	G.mandakhnar 88105279 Vonbee cetrion tsai	\N	5029909982	1	0	\N	\N	\N	2026-03-16 04:07:37.01892+01	2026-03-16 04:07:37.018933+01	189	1
1737	88013593 SUIM ESSENCE MIST ХААНААС: 150000 МАНДАХ ГАНХУЯГ	\N	6105116792	1	0	\N	\N	\N	2026-03-12 12:53:34.267655+01	2026-03-20 06:57:05.580318+01	163	1
1738	SU:M mist 99252007 Ariuk ba	\N	5029178666	1	0	\N	\N	\N	2026-03-12 12:53:34.273815+01	2026-03-20 06:57:06.987597+01	163	1
1739	EB -Сэргэлэн.C, 99180550, Sum essence mist-2ш ХААНААС: 040000 СЭРГЭЛЭН СОСОР	\N	824003871	2	0	\N	\N	\N	2026-03-12 12:53:34.278718+01	2026-03-20 06:57:09.048209+01	163	1
2022	khunaa jagaa 99001229 sistema sav ayanii sav	\N	5753393780	1	0	\N	\N	\N	2026-03-15 13:00:24.215551+01	2026-03-25 09:42:14.144113+01	122	6
1716	Buyna Buyna 85857907 overnigth chi&oat	\N	5863270491	1	0	\N	2026-03-25	\N	2026-03-12 12:28:09.342224+01	2026-03-25 10:40:39.925974+01	81	3
2345	bolormaabolor 94247070ohui нар тос шөнө маск	\N	5026151273	1	0	Баянгол дүүрэг 17 хороо элиганс тоун 44с байр 9 давхар 43 тоот	\N	\N	2026-03-16 10:16:24.245383+01	2026-03-20 07:10:48.412109+01	188	1
1764	EB -Lhagvasuren Erdenesugar 99043335, Americano 1s ХААНААС: 040000 ЭРДЭНЭСУГАР ЛХАГВАСҮРЭН	\N	403166217	1	0	\N	2026-03-26	\N	2026-03-12 13:29:50.948872+01	2026-03-26 06:11:40.858119+01	83	3
1253	99247444 азаа ганболд sulwhasoo 2set	\N	5046350831	2	0	zuunharaa 99247444	\N	\N	2026-03-07 18:05:17.664949+01	2026-03-27 05:40:39.835374+01	119	7
3399	ts.gantuya Stakan 2sh 96058033	\N	5009380688	2	0	\N	\N	\N	2026-03-25 01:56:40.248978+01	2026-03-25 01:56:40.249005+01	282	4
2023	ЦОЛМОН АЛТАНЗУЛ 92076161 ХӨӨС ОЙЛ, 3 Ш СЕРИУМ ХААНААС: 150000 АЛТАНЗУЛ ЦОЛМОН	\N	4005125727	3	0	\N	\N	\N	2026-03-15 13:05:07.571578+01	2026-03-20 06:48:06.30846+01	153	1
1813	Gereltsatsral 99901004 sulwhasoo serum	\N	5753359692	1	0	\N	\N	\N	2026-03-13 11:04:30.542908+01	2026-03-20 06:48:13.040853+01	153	1
1812	EB -sulwhaso serum 99077654 ХААНААС: 040000 БЯМБАЖАРГАЛ БАТСҮХ	\N	470027428	1	0	\N	\N	\N	2026-03-13 11:04:30.53727+01	2026-03-20 06:48:15.096853+01	153	1
1779	tuul tumurbaatar serum 5, 89116562	\N	5371146699	5	0	\N	\N	\N	2026-03-12 14:21:44.907451+01	2026-03-20 06:48:16.581241+01	153	1
1778	серум 5 ш 99192125 ХААНААС: 340000 БАТЧИМЭГ ЧУЛУУН	\N	103101865606	5	0	\N	\N	\N	2026-03-12 14:21:44.903158+01	2026-03-20 06:48:18.965152+01	153	1
1777	99012591, sulwhasoo serum 5sh	\N	5084001114	5	0	\N	\N	\N	2026-03-12 14:21:44.898625+01	2026-03-20 06:48:21.186411+01	153	1
1776	Otgoo Jargal, 99723599, sulwhasoo serum-5ш	\N	5022162289	5	0	\N	\N	\N	2026-03-12 14:21:44.892445+01	2026-03-20 06:48:23.558434+01	153	1
1211	EB -Солонго Батболд 99247226 prana овьёос 2 уут ХААНААС: 040000 СОЛОНГО БАТБОЛД	\N	461034465	2	0	Хаяг: ХУД 19-р хороо зайсан оргил Ub Town хотхон 83А байр 8 давхарт 32 тоот код нь 528731	2026-03-24	\N	2026-03-07 16:27:49.956951+01	2026-03-24 11:08:02.539317+01	81	2
2719	DrG khar emgen khums kom	\N	5027414631	1	0	\N	\N	\N	2026-03-20 08:05:03.337145+01	2026-03-20 08:05:03.337163+01	230	4
2720	Б.Түмэнжаргал 88860895 Dr.G tos	\N	5721132330	1	0	\N	\N	\N	2026-03-20 08:05:03.343022+01	2026-03-20 08:05:03.34304+01	230	4
2721	vandan bolortsetseg snail tos 99072019	\N	5890491665	1	0	\N	\N	\N	2026-03-20 08:05:03.347269+01	2026-03-20 08:05:03.347284+01	230	4
1818	uruuliin woo balzam sukhee khulan 88065177	\N	5034534299	1	0	\N	\N	\N	2026-03-13 11:12:27.485177+01	2026-03-20 06:53:15.972621+01	155	1
1819	The History of Whoo багц Enkhee Enkhee 861065	\N	5374209262	1	0	\N	\N	\N	2026-03-13 11:12:27.493768+01	2026-03-20 06:53:17.474618+01	155	1
2098	G.Mandakhnar 88105279 NUT CLUSTERS	\N	5029909982	1	0	\N	2026-03-27	\N	2026-03-16 04:09:19.196429+01	2026-03-27 07:35:48.762022+01	157	3
1820	EB -otgoo dorj, 99362048, the whoo ХААНААС: 040000 ОТГОН-ЭРДЭНЭ ДОРЖ	\N	407267549	1	0	\N	\N	\N	2026-03-13 11:12:27.49799+01	2026-03-20 06:53:18.926491+01	155	1
2109	Aagii Aagii 86703380 Narnii tos	\N	5405445638	1	0	\N	\N	\N	2026-03-16 04:24:34.70693+01	2026-03-16 04:24:34.706952+01	173	4
2110	99043338 Nar tos ohui	\N	5003617809	1	0	\N	\N	\N	2026-03-16 04:24:34.71576+01	2026-03-16 04:24:34.715778+01	173	4
2722	gereltuya gereltuya 88334575 drs, tos	\N	5039723394	1	0	\N	\N	\N	2026-03-20 08:05:03.353603+01	2026-03-20 08:05:03.353617+01	230	4
2112	Ts.Baigalimaa 99729724 ohui narnii tos	\N	5323059350	1	0	\N	\N	\N	2026-03-16 04:24:34.726168+01	2026-03-16 04:24:34.726188+01	173	4
1793	EB -Lhagvasuren Erdenesugar 99043335, coffee mashi ХААНААС: 040000 ЭРДЭНЭСУГАР ЛХАГВАСҮРЭН	\N	403166217	1	0	\N	\N	\N	2026-03-12 14:58:44.448607+01	2026-03-12 14:58:44.448624+01	139	4
1821	Munkhtuul byamba 99203150 whoo lipstisk	\N	5176203312	1	0	\N	\N	\N	2026-03-13 11:12:27.501493+01	2026-03-20 06:53:20.310535+01	155	1
3438	96443535 clio23 6ш, 21 4ш, ganchuluu ganzaya	\N	5370031177	6	0	\N	\N	\N	2026-03-25 02:46:13.655771+01	2026-03-25 02:46:13.655793+01	280	4
1774	Ариунаа Жавзмаа 80006665 MAXIM кофе	\N	5234001309	1	0	\N	\N	\N	2026-03-12 14:18:29.302917+01	2026-03-25 09:31:39.746873+01	138	6
1783	hairuuliin tavag 99071656	\N	5311088896	1	0	\N	\N	\N	2026-03-12 14:31:44.849579+01	2026-03-25 09:40:08.096+01	96	6
3615	Ichko adiyabazar 88297008 sum 37 mist	\N	5604017388	1	0	\N	\N	\N	2026-03-27 19:06:24.672387+01	2026-03-27 19:06:24.672407+01	163	4
1766	EB -baigali gerel/ 96063999/ Cetaphil moust lotion ХААНААС: 040000 БАЙГАЛЬ ГЭРЭЛЦЭЦЭГ	\N	441008974	1	0	\N	\N	\N	2026-03-12 13:33:01.810956+01	2026-03-23 12:05:29.086339+01	111	6
2111	A.Zaya 80940312 narnii tos kom	\N	5749582128	1	0	ulaanhuaran sky residence 1 .226r bair 2dawhart 17 toot	\N	\N	2026-03-16 04:24:34.721236+01	2026-03-16 04:24:34.721254+01	173	4
2085	Buyanaa 91914945 lacto	\N	5035304059	1	0	\N	\N	\N	2026-03-16 03:58:57.208274+01	2026-03-24 05:26:42.963656+01	99	6
1786	ten ten shar ungutei 2sh	\N	5020771789	2	0	\N	2026-03-28	\N	2026-03-12 14:42:28.30502+01	2026-03-28 04:11:22.712509+01	114	3
1784	NANDIN-ERDENE BATMUNKH 99235561 GVILTIIN HANTAAZ ХААНААС: 150000 НАНДИН-ЭРДЭНЭ БАТМӨНХ	\N	1505005124	1	0	\N	\N	\N	2026-03-12 14:39:17.693264+01	2026-03-20 06:21:39.411218+01	108	1
2107	94088066 inner	\N	5014330175	1	0	\N	\N	\N	2026-03-16 04:20:37.821792+01	2026-03-24 05:30:02.052353+01	113	6
3695	Vanni alchuur saaral 88063236	\N	5315268025	1	0	\N	\N	\N	2026-03-29 18:45:28.198747+02	2026-03-29 18:45:28.198767+02	237	4
1799	ZAYA,88888255, 8SH ZAXIALGA ХААНААС: 150000 БАТЗАЯА РАВДАН	\N	4325111981	1	0	Сэлэнгэ аймаг, Сүхбаатар сум, аймгийн төв унаанд тавиулнаа 88888255	\N	\N	2026-03-12 15:09:37.813623+01	2026-03-20 06:53:14.120377+01	155	1
3679	cetaphil dan mak puje	\N	5028896917	1	0	\N	\N	\N	2026-03-28 09:27:15.634205+01	2026-03-28 09:27:19.254419+01	110	3
1817	peeling gel 2 shirheg sukhee khulan 88065177	\N	5034534299	2	3200	\N	\N	\N	2026-03-13 11:08:52.888978+01	2026-03-25 10:30:07.915044+01	154	1
1815	ganaaganaa, 99196569, sum guujuulagch	\N	5007607738	1	3200	\N	\N	\N	2026-03-13 11:08:52.872991+01	2026-03-25 10:30:20.497097+01	154	1
1765	EB -Lhagvasuren Erdenesugar 99043335, Latte 1sh ХААНААС: 040000 ЭРДЭНЭСУГАР ЛХАГВАСҮРЭН	\N	403166217	1	0	\N	2026-03-26	\N	2026-03-12 13:30:56.56178+01	2026-03-26 06:10:40.604341+01	118	3
1811	khishgee kh, 99995778, sulwhaso ugaagch*2	\N	5926017519	2	0	\N	\N	\N	2026-03-13 11:00:32.336132+01	2026-03-27 05:36:53.360581+01	119	4
1773	У.Эрдэнэтуул-90115502. Adidas tsunh	\N	5022394072	1	0	\N	\N	\N	2026-03-12 14:15:53.046939+01	2026-03-20 06:40:09.873565+01	123	1
1810	gantuya 99060060 sulwhasoo hos 2 sh	\N	5007332444	2	0	\N	\N	\N	2026-03-13 11:00:32.329469+01	2026-03-27 05:36:57.229222+01	119	4
1809	Badamtsetseg 88035529 цэвэрлэгч хосоороо	\N	5059123790	1	0	\N	\N	\N	2026-03-13 11:00:32.319581+01	2026-03-27 05:37:05.042615+01	119	7
1770	Dune De 99191757 TNFace 39/240 saaral uglaash	\N	5301460971	1	0	\N	\N	\N	2026-03-12 13:54:42.300643+01	2026-03-20 06:41:48.569661+01	126	1
1771	Doogii doogii,91111331,TNF sz:43 beige	\N	5019322829	1	0	\N	\N	\N	2026-03-12 13:54:42.308878+01	2026-03-20 06:41:51.097225+01	126	1
1772	Dolgorsuren Sugar86100262 size41har northface	\N	5304708751	1	0	\N	\N	\N	2026-03-12 13:54:42.315279+01	2026-03-20 06:41:52.708893+01	126	1
1767	MM:ohui luxury set 88074507 (ХААН БАНК МӨНХДАЛАЙ У ХААНААС: 210000 ХИШИГБУЯН ХҮДЭР	\N	2102996964	1	0	\N	\N	\N	2026-03-12 13:41:08.032083+01	2026-03-20 06:47:08.958475+01	140	1
1808	odchimeg ochkoo 99377669 sulwhasoo	\N	5045525146	1	0	\N	\N	\N	2026-03-13 11:00:32.302319+01	2026-03-27 05:37:07.647249+01	119	7
2674	ANAR SHINEKHUU 99929962 MEZCLAR KREM, MOGOIN HORTO ХААНААС: 150000 ИВЭЭЛ АМАРТҮВШИН	\N	2715152716	1	0	\N	\N	\N	2026-03-20 07:50:31.479924+01	2026-03-20 07:50:31.479945+01	227	4
2723	Ulziibayar ulzii 99031058 Dr.G тос	\N	5114348657	1	0	\N	\N	\N	2026-03-20 08:05:03.356384+01	2026-03-20 08:05:03.356397+01	230	4
1835	pantene shampoo giigii giigii94090991	\N	5025635095	1	0	\N	\N	\N	2026-03-14 09:11:03.666454+01	2026-03-23 11:33:16.858335+01	106	6
1828	Kh tuul nogoo segsregch	\N	5007523325	1	0	\N	\N	\N	2026-03-13 11:31:47.464159+01	2026-03-13 11:31:47.464188+01	168	4
1829	Zaya Ganbaatar nogoo segsregch 96960169	\N	5064155397	1	0	\N	\N	\N	2026-03-13 11:31:47.472601+01	2026-03-13 11:31:47.472621+01	168	4
3400	Bolortuya Tuya 88084649	\N	5405250047	1	0	\N	\N	\N	2026-03-25 01:58:52.132652+01	2026-03-25 01:58:52.132673+01	212	4
3401	Uuree Purewgerel 96808662	\N	5041063251	1	0	\N	\N	\N	2026-03-25 01:58:52.143648+01	2026-03-25 01:58:52.143668+01	212	4
1693	khuukhnee batdorj 99079467 puma tursik XL	\N	5003747442	1	0	Хан уул дүүрэг, 19 р хороо шинэ мөрөөдөл 24 р байр 3 р орц 37 тоот	\N	\N	2026-03-12 12:05:23.020418+01	2026-03-12 12:05:23.020437+01	158	4
1830	zulaa gankhuyag 99028651 Хар чавга	\N	5003588377	1	0	\N	\N	\N	2026-03-14 09:09:30.544228+01	2026-03-14 09:09:30.544254+01	169	4
1831	Bolortuya Sukhee 99078219 har chawga	\N	5630321307	1	0	\N	\N	\N	2026-03-14 09:09:30.554022+01	2026-03-14 09:09:30.554039+01	169	4
1832	EB -dolgorjav dogoo chavga 88815597 ХААНААС: 040000 ДОЛГОРЖАВ ХАШБААТАР	\N	410036258	1	0	\N	\N	\N	2026-03-14 09:09:30.560868+01	2026-03-14 09:09:30.560885+01	169	4
1833	99984588 Хар чавга 2 уут	\N	5011004075	2	0	\N	\N	\N	2026-03-14 09:09:30.56476+01	2026-03-14 09:09:30.56478+01	169	4
3428	Tse.Enkhmaa 99119702 Altlag MK 235	\N	5003954152	1	0	\N	\N	\N	2026-03-25 02:30:53.515481+01	2026-03-25 02:30:53.5155+01	274	4
3429	altlag 235 oyodansran 99362469	\N	5094503032	1	0	\N	\N	\N	2026-03-25 02:30:53.534611+01	2026-03-25 02:30:53.534628+01	274	4
3439	96443535 clio23 6ш, 21 4ш, ganchuluu ganzaya	\N	5370031177	4	0	\N	\N	\N	2026-03-25 02:46:51.481377+01	2026-03-25 02:46:51.481397+01	279	4
1834	2уут хар чавга Alinaa Nyamjargal	\N	5166211950	2	0	1р хорооллын Мөнгөнгүүрийн урд талын 2р байр 5р орц 1давхарт код 7890#	\N	\N	2026-03-14 09:09:30.568226+01	2026-03-14 09:09:30.568242+01	169	4
1822	Г. Отгонбаяр 99357555 lip balm lip gloss	\N	5093075299	1	0	\N	\N	\N	2026-03-13 11:12:27.505425+01	2026-03-20 06:53:22.275881+01	155	1
1823	88096317 whoo lip balm set	\N	5022485256	1	0	\N	\N	\N	2026-03-13 11:12:27.510769+01	2026-03-20 06:53:24.615669+01	155	1
1824	dolgion 99666990 the whoo uruul set	\N	5057066968	1	0	\N	\N	\N	2026-03-13 11:12:27.517251+01	2026-03-20 06:53:25.748883+01	155	1
1825	D Doogii 99154834 rose уруул будаг	\N	5011124155	2	0	\N	\N	\N	2026-03-13 11:12:27.522409+01	2026-03-20 06:53:27.141885+01	155	1
1837	Ж.Энхээ 99072776	\N	5084062510	1	0	\N	\N	\N	2026-03-14 09:17:00.71595+01	2026-03-20 06:57:13.455923+01	163	1
1838	мист 99328681	\N	5300344332	1	0	\N	\N	\N	2026-03-14 09:17:00.724088+01	2026-03-20 06:57:14.500229+01	163	1
1839	Su:m mist set Б.Байгал 95686229	\N	5005338040	1	0	\N	\N	\N	2026-03-14 09:17:00.72709+01	2026-03-20 06:57:15.796205+01	163	1
1840	SUM37 MIST 99850856 GUA MARAL ХААНААС: 150000 ГУАМАРАЛ ШАГДАРСҮРЭН	\N	4315117457	1	0	\N	\N	\N	2026-03-14 09:17:00.73029+01	2026-03-20 06:57:17.674584+01	163	1
1841	86060604 Аагий Аня. эссэнц мист	\N	5058128462	1	0	\N	\N	\N	2026-03-14 09:17:00.734188+01	2026-03-20 06:57:19.050321+01	163	1
1842	EB -sum essence serum 99077654 ХААНААС: 040000 БЯМБАЖАРГАЛ БАТСҮХ	\N	470027428	1	0	\N	\N	\N	2026-03-14 09:17:00.737175+01	2026-03-20 06:57:20.789929+01	163	1
1843	davkaa eegii88068963 Su:m30 serum	\N	5087219822	1	0	\N	\N	\N	2026-03-14 09:17:00.741237+01	2026-03-20 06:57:22.046581+01	163	1
1844	EB -88092721 chonos batbayar sum essense ХААНААС: 040000 ОЮУН-ЭРДЭНЭ БАТБАЯР	\N	495058209	1	0	\N	\N	\N	2026-03-14 09:17:00.74628+01	2026-03-20 06:57:24.084493+01	163	1
1845	EB -special set  эссэнц мист 99762428 ХААНААС: 040000 ГАНТУЯА НАСАНТОГТОХ	\N	467012303	1	0	\N	\N	\N	2026-03-14 09:17:00.750836+01	2026-03-20 06:57:27.553255+01	163	1
1846	Gereltsatsral 99901004  sum37 mist	\N	5753359692	1	0	\N	\N	\N	2026-03-14 09:17:00.755834+01	2026-03-20 06:57:29.32201+01	163	1
1847	3 ш мист 99192125 ХААНААС: 340000 БАТЧИМЭГ ЧУЛУУН	\N	103101865606	1	0	\N	\N	\N	2026-03-14 09:17:00.761441+01	2026-03-20 06:57:30.551042+01	163	1
1848	Nomin Enkhtsag 99114318, SUM mist	\N	5112013586	1	0	\N	\N	\N	2026-03-14 09:17:00.766308+01	2026-03-20 06:57:32.458969+01	163	1
1849	Цокоо Цог+99197343+Su:m37/mist	\N	5027726184	1	0	\N	\N	\N	2026-03-14 09:17:00.771068+01	2026-03-20 06:57:33.75394+01	163	1
1850	Ө.Энхтуул 90660303 мист	\N	5045574331	1	0	\N	\N	\N	2026-03-14 09:17:00.778171+01	2026-03-20 06:57:35.906013+01	163	1
1851	EB -Batsaikhan Munkhmaa 99001536 su:m mist ХААНААС: 040000 МӨНХМАА БАТСАЙХАН	\N	433043082	1	0	\N	\N	\N	2026-03-14 09:17:00.788454+01	2026-03-20 06:57:37.272396+01	163	1
1852	tsetsgee tsetseg sum mist 99182303	\N	5063739779	1	0	\N	\N	\N	2026-03-14 09:17:00.791757+01	2026-03-20 06:57:39.346362+01	163	1
1853	sum 37 88133511	\N	5070288396	1	0	\N	\N	\N	2026-03-14 09:17:00.796617+01	2026-03-20 06:57:40.819255+01	163	1
1854	Солонго Алтанцэцэг 99044037 essense mist	\N	5005115353	1	0	\N	\N	\N	2026-03-14 09:17:00.799954+01	2026-03-20 06:57:42.829243+01	163	1
1855	baka bakaya 88004906 sum37 mist	\N	5048300810	1	0	\N	\N	\N	2026-03-14 09:17:00.803259+01	2026-03-20 06:57:44.654579+01	163	1
1856	EB -Lhagvasuren Erdenesugar 99043335, SU:M mist ХААНААС: 040000 ЭРДЭНЭСУГАР ЛХАГВАСҮРЭН	\N	403166217	1	0	\N	\N	\N	2026-03-14 09:17:00.808119+01	2026-03-20 06:57:46.085286+01	163	1
1857	oyun-erdene 99068926 мист сет	\N	5034148817	1	0	\N	\N	\N	2026-03-14 09:17:00.815575+01	2026-03-20 06:57:47.790525+01	163	1
1860	TungaaTungaa 80816658 Su:m37(mist)	\N	5133508165	1	0	\N	\N	\N	2026-03-14 09:17:00.846838+01	2026-03-20 06:57:53.298256+01	163	1
1861	SUM37 essense mist norjinsuren bold 99257218 ХААНААС: 340000 НОРЖИНСҮРЭН БОЛД	\N	102900299998	1	0	\N	\N	\N	2026-03-14 09:17:00.852009+01	2026-03-20 06:57:54.707705+01	163	1
1859	b.naranjargal 91911941, sum mist	\N	5022620739	1	0	\N	\N	\N	2026-03-14 09:17:00.842543+01	2026-03-20 06:57:57.018063+01	163	1
1862	Ж.Буянхишиг утас:98022229 sum mist	\N	5495323351	1	0	\N	\N	\N	2026-03-14 09:17:00.856313+01	2026-03-20 06:58:02.070096+01	163	1
1863	BosooMunguntuul91915274 esinz mist	\N	5009068894	1	0	\N	\N	\N	2026-03-14 09:17:00.862216+01	2026-03-20 06:58:02.988916+01	163	1
1864	Bolor.A 99144767 ohui shampoo	\N	5055254003	1	0	\N	\N	\N	2026-03-14 09:23:34.135527+01	2026-03-20 07:03:19.345639+01	170	1
1865	Шатарчулуун Дашдондог 86071015 ohui shampune set ХААНААС: 320000 ШАТАРЧУЛУУН ДАШДОНДОГ	\N	5004539701	1	0	\N	\N	\N	2026-03-14 09:23:34.151428+01	2026-03-20 07:03:21.201401+01	170	1
1866	Oyun Erdene, 99948985, O HOI shampoo set	\N	5034905562	1	0	\N	\N	\N	2026-03-14 09:23:34.158268+01	2026-03-20 07:03:23.068103+01	170	1
1867	uchral chaak 88047048	\N	5031522356	1	0	\N	\N	\N	2026-03-14 09:23:34.162594+01	2026-03-20 07:03:27.460763+01	170	1
1869	TSELMUUN BATTSENGEL OHUI SHAMPOO ХААНААС: 150000 ЦЭЛМҮҮН БАТЦЭНГЭЛ	\N	3255156787	1	0	\N	\N	\N	2026-03-14 09:23:34.173444+01	2026-03-20 07:03:29.869977+01	170	1
1915	DDoogii 99154834 OHUI set	\N	5011124155	1	0	\N	\N	\N	2026-03-14 11:00:21.589544+01	2026-03-20 07:28:36.088394+01	174	1
1914	EB -Batsaikhan Munkhmaa 99001536 ohui set ХААНААС: 040000 МӨНХМАА БАТСАЙХАН	\N	433043082	1	0	\N	\N	\N	2026-03-14 11:00:21.583705+01	2026-03-20 07:28:37.755551+01	174	1
1912	Odontsetseg odko 88102747	\N	5007342011	1	0	\N	\N	\N	2026-03-14 11:00:21.573102+01	2026-03-20 07:28:41.21055+01	174	1
1911	EB -OyunErdene 99948985 ohui сэт ХААНААС: 040000 ОЮУН-ЭРДЭНЭ ЧАДРААБАЛ	\N	499401349	1	0	\N	\N	\N	2026-03-14 11:00:21.567772+01	2026-03-20 07:28:42.588947+01	174	1
2675	ANAR SHINEKHUU 99929962 MEZCLAR KREM, MOGOIN HORTO ХААНААС: 150000 ИВЭЭЛ АМАРТҮВШИН	\N	2715152716	1	0	\N	\N	\N	2026-03-20 07:50:42.072448+01	2026-03-20 07:50:42.072472+01	226	4
2741	tseene-99123697-kirkland vok	\N	5068032234	1	0	\N	\N	\N	2026-03-20 08:12:12.593242+01	2026-03-20 08:12:12.593264+01	208	4
1398	uuriintsolmon uuree, 99317202, cetaphil cream	\N	5664543672	1	0	\N	2026-03-24	\N	2026-03-09 04:45:50.305395+01	2026-03-24 11:44:50.376218+01	101	3
3552	Delguurt Cetaphil lotion Hos	\N	5044019334	13	0	\N	\N	\N	2026-03-27 05:46:42.484707+01	2026-03-27 05:51:39.54833+01	111	4
1876	OTGO KH 90077000 OHUI SHAMPOO 2 SH ХААНААС: 150000 ОТГОНЦЭЦЭГ ХАС-ОЧИР	\N	1755100257	2	0	схд 15 horoo 1r horoolol 23-173	\N	\N	2026-03-14 09:23:34.23484+01	2026-03-20 07:03:43.805633+01	170	1
1870	Аз од. 80198138. OHui shampo set	\N	5027073574	1	0	\N	\N	\N	2026-03-14 09:23:34.180909+01	2026-03-20 07:03:31.849091+01	170	1
1871	99880003 OHUI SHAMPOO ХААНААС: 150000 АРИУНЗАЯА ХҮРЭЛБААТАР	\N	3635107974	1	0	\N	\N	\N	2026-03-14 09:23:34.188004+01	2026-03-20 07:03:34.480077+01	170	1
1445	Г. Ганчимэг 99408747 CHIA&OUT	\N	5068304947	2	0	Дархан явах унаанд өгөх \n99408747	2026-03-27	\N	2026-03-10 08:29:32.706256+01	2026-03-27 11:56:11.833048+01	81	2
1882	EB -Цэвээн Б. 80490306 ohui narnii tos ХААНААС: 040000 ЦЭВЭЭН БАТТУЛГА	\N	821017958	1	0	\N	\N	\N	2026-03-14 10:45:51.383148+01	2026-03-14 10:45:51.38317+01	173	4
1883	chimeg erdene OHU sun set	\N	5029275478	1	0	\N	\N	\N	2026-03-14 10:45:51.392578+01	2026-03-14 10:45:51.392598+01	173	4
1884	EB -Lhagvasuren Erdenesugar 99043335, O HUI narnii ХААНААС: 040000 ЭРДЭНЭСУГАР ЛХАГВАСҮРЭН	\N	403166217	1	0	\N	\N	\N	2026-03-14 10:45:51.397286+01	2026-03-14 10:45:51.397314+01	173	4
1885	manduu bsk99201917,O Hui sunblack	\N	5312970967	1	0	\N	\N	\N	2026-03-14 10:45:51.406733+01	2026-03-14 10:45:51.406753+01	173	4
1872	б.наранчимэг 80022669. ohui shampoo	\N	5300925939	1	0	\N	\N	\N	2026-03-14 09:23:34.200371+01	2026-03-20 07:03:35.689851+01	170	1
1887	99828322 Нарны тос	\N	5025600639	1	0	\N	\N	\N	2026-03-14 10:45:51.420667+01	2026-03-14 10:45:51.420727+01	173	4
1888	tseene battsetseg 99063823	\N	5027666688	1	0	\N	\N	\N	2026-03-14 10:45:51.42719+01	2026-03-14 10:45:51.427215+01	173	4
1889	EB -оюунжаргал мянгандаш 88020411 ohui sun set ХААНААС: 040000 ОЮУНЖАРГАЛ МЯНГАНДАШ	\N	495054157	1	0	\N	\N	\N	2026-03-14 10:45:51.433642+01	2026-03-14 10:45:51.433663+01	173	4
1890	GANCHIMEG JAMIYAN 99126956 OHUI SUN BLACK ХААНААС: 150000 ОРГИЛСАЙХАН ДҮВЖИР	\N	1109043715	1	0	\N	\N	\N	2026-03-14 10:45:51.439198+01	2026-03-14 10:45:51.439221+01	173	4
1891	GANAA TUM..80079054 SUNCREAM ХААНААС: 040000 ГАНЧИМЭГ ТӨМӨРБААТАР	\N	495061730	1	0	\N	\N	\N	2026-03-14 10:45:51.445572+01	2026-03-14 10:45:51.445595+01	173	4
1892	ohui cet 99193252 Batnasan Ganzaya	\N	5019160923	1	0	\N	\N	\N	2026-03-14 10:45:51.451717+01	2026-03-14 10:45:51.451735+01	173	4
1894	tselmuun battsengel ohui narnii tos	\N	5011331525	1	0	\N	\N	\N	2026-03-14 10:45:51.460926+01	2026-03-14 10:45:51.460943+01	173	4
1895	OHUI narnii tos set norjinsuren bold 99257218 ХААНААС: 340000 НОРЖИНСҮРЭН БОЛД	\N	102900299998	1	0	\N	\N	\N	2026-03-14 10:45:51.464068+01	2026-03-14 10:45:51.464083+01	173	4
1896	EB -ohui narnii tos, 99178711 oyuka oyunjargal ХААНААС: 040000 ОЮУНЖАРГАЛ ДАРАМСҮРЭН	\N	430002145	1	0	\N	\N	\N	2026-03-14 10:45:51.472737+01	2026-03-14 10:45:51.472774+01	173	4
1897	hulan dulguun 80109003 ohui day shield sun bl	\N	5030419576	1	0	\N	\N	\N	2026-03-14 10:45:51.479516+01	2026-03-14 10:45:51.479539+01	173	4
1899	Solongo baya 91113493 narnii tos	\N	5023464392	1	0	\N	\N	\N	2026-03-14 10:45:51.49594+01	2026-03-14 10:45:51.495963+01	173	4
1900	bolortuya rentsen 99043207 Ohui set narnii	\N	5041294949	1	0	\N	\N	\N	2026-03-14 10:45:51.500353+01	2026-03-14 10:45:51.500376+01	173	4
1901	Цокоо Цок+99197343+Ohui/narnitos	\N	5027726184	1	0	\N	\N	\N	2026-03-14 10:45:51.504448+01	2026-03-14 10:45:51.50447+01	173	4
1902	BosooMunguntuul91915274 OHU narnii tos	\N	5009068894	1	0	\N	\N	\N	2026-03-14 10:45:51.510363+01	2026-03-14 10:45:51.510387+01	173	4
1904	NARMANDAKH MIIGAA 99727762 OHUI NARNII TOS KOM ХААНААС: 150000 МЯГМАРСҮРЭН НАРМАНДАХ	\N	1245149647	1	0	\N	\N	\N	2026-03-14 10:45:51.527315+01	2026-03-14 10:45:51.527337+01	173	4
1905	oyun-erden purevsure 2ш99068926нарны тос сет	\N	5034148817	2	0	\N	\N	\N	2026-03-14 10:45:51.534132+01	2026-03-14 10:45:51.534154+01	173	4
1906	EB -Сэргэлэн.С, 99180550, special set sun cream-2ш ХААНААС: 040000 СЭРГЭЛЭН СОСОР	\N	824003871	2	0	\N	\N	\N	2026-03-14 10:45:51.541527+01	2026-03-14 10:45:51.541546+01	173	4
1907	kh odnoo, 91223398, 2 сет нарны тос	\N	5006182942	2	0	\N	\N	\N	2026-03-14 10:45:51.546298+01	2026-03-14 10:45:51.546318+01	173	4
1908	EB -Nasaa Nyamdorj, 91080121, Ohui sun set-2 ХААНААС: 040000 НАСАНТОГТОХ НЯМДОРЖ	\N	415102550	2	0	\N	\N	\N	2026-03-14 10:45:51.551252+01	2026-03-14 10:45:51.551275+01	173	4
1909	SUNCREAM2 DLG TSELTENG 99978587 ХААНААС: 150000 ДӨЛГӨӨН ОКТЯБРЬ	\N	1105106334	2	0	\N	\N	\N	2026-03-14 10:45:51.555085+01	2026-03-14 10:45:51.555106+01	173	4
1873	ДОЛГИОН 99666990 ohui shampoon set	\N	5057066968	1	0	\N	\N	\N	2026-03-14 09:23:34.20954+01	2026-03-20 07:03:37.822018+01	170	1
3402	Mishka 96630013 bb lab 2 sh	\N	5019235368	2	0	\N	\N	\N	2026-03-25 02:03:47.061225+01	2026-03-25 02:03:47.061253+01	283	4
3430	Anhaa tuya 91912418 235 mk ХААНААС: 340000 АНАР ЗАЯАЖАРГАЛ	\N	102400433454	1	0	\N	\N	\N	2026-03-25 02:32:53.079766+01	2026-03-25 02:32:53.079788+01	273	4
1880	Цэрмаа Бямба 99648520 Ten ten витамин	\N	5037530279	1	0	\N	\N	\N	2026-03-14 10:08:43.549275+01	2026-03-25 09:33:35.23622+01	114	6
1879	anujin batjargal 80090330 ten ten 1	\N	5720420816	1	0	\N	\N	\N	2026-03-14 10:08:43.5399+01	2026-03-25 09:33:39.521133+01	114	6
1878	Huuska tulga 99117774 Ten ten 1	\N	5131204330	1	0	\N	\N	\N	2026-03-14 10:08:43.530217+01	2026-03-25 09:33:42.450011+01	114	6
1874	EB -Batsaikhan Munkhmaa 99001536 ohui shampoo ХААНААС: 040000 МӨНХМАА БАТСАЙХАН	\N	433043082	1	0	\N	\N	\N	2026-03-14 09:23:34.216145+01	2026-03-20 07:03:39.72448+01	170	1
1581	Ulziinaran Amgalan,88552599,ten ten 4 shirheg	\N	5029165192	4	0	\N	\N	\N	2026-03-11 09:41:39.31504+01	2026-03-25 09:34:08.686248+01	114	6
1221	Misheel tenten 4shirheg	\N	5014159902	4	0	\N	\N	\N	2026-03-07 16:30:57.852849+01	2026-03-25 09:36:30.195843+01	114	6
1913	94237740 nomio.nomio ohuiset nogoon	\N	5068305420	1	0	Darkhan unaand tawiulna	\N	\N	2026-03-14 11:00:21.57826+01	2026-03-20 07:28:39.149796+01	174	1
1740	EB -battsetseg bd. 99091286. ten ten usult 1 sh ХААНААС: 040000 БАТЦЭЦЭГ БАТ-ЭРДЭНЭ	\N	405068069	1	0	\N	2026-03-26	\N	2026-03-12 12:55:36.214994+01	2026-03-26 08:05:02.414581+01	114	3
1920	altantsetseg mishigdorj 99143691 OHUI kom	\N	5113076635	1	0	BGD Narnii khoroolol 11bair 8toot	\N	\N	2026-03-14 11:00:21.614792+01	2026-03-20 07:28:27.66489+01	174	1
3328	Yandag Muugii 88110897 Stanley 2 in 1 tereg	\N	5011143430	1	0	\N	\N	\N	2026-03-24 12:49:40.46136+01	2026-03-24 12:49:40.461399+01	197	4
3403	OHUI age recovery injigeesh 96670725	\N	5113087036	1	0	\N	\N	\N	2026-03-25 02:07:07.587885+01	2026-03-25 02:07:07.587908+01	259	4
1932	Zaya Ganbaatar 96960169 maxsim ХААНААС: 320000 АРИУНЗАЯА ГАНБААТАР	\N	5005901224	2	0	\N	\N	\N	2026-03-14 11:16:36.266674+01	2026-03-25 09:31:37.111549+01	138	6
1947	Anya 99040865omego	\N	5011372186	1	0	\N	\N	\N	2026-03-15 12:05:49.008304+01	2026-03-25 09:37:52.346452+01	181	6
1948	san nari omega b/mores 99036264	\N	5720828235	1	0	\N	\N	\N	2026-03-15 12:05:49.02343+01	2026-03-25 09:37:54.720188+01	181	6
1949	80900775 blackmore omega 3	\N	5057025706	1	0	\N	\N	\N	2026-03-15 12:05:49.031336+01	2026-03-25 09:37:56.799934+01	181	6
1950	Purevtseren Ayurzana 88376601 omego3	\N	5133427491	1	0	\N	\N	\N	2026-03-15 12:05:49.03725+01	2026-03-25 09:37:58.587275+01	181	6
1952	davaadulam Lha 96021246, omega	\N	5033091802	1	0	\N	\N	\N	2026-03-15 12:05:49.049848+01	2026-03-25 09:38:04.300242+01	181	6
1953	TSELMUUN BATTSENGEL OMEGA ХААНААС: 150000 ЦЭЛМҮҮН БАТЦЭНГЭЛ	\N	3255156787	1	0	\N	\N	\N	2026-03-15 12:05:49.05331+01	2026-03-25 09:38:07.864902+01	181	6
1954	Б.Эрхэмбаяр 99221220 omega3 ХААНААС: 320000 ЭРХЭМБАЯР БЯМБАСАН	\N	5006072160	1	0	\N	\N	\N	2026-03-15 12:05:49.059162+01	2026-03-25 09:38:09.574428+01	181	6
1934	ТЭГШЭЭ БАЯРМАА 99256221 STURBUCKS COFFEE 3 TOROL ХААНААС: 150000 БАЯРМАА ТЭГШЭЭ	\N	2705182438	1	0	\N	2026-03-25	\N	2026-03-14 11:21:55.291093+01	2026-03-25 10:21:54.474291+01	118	3
1942	OHUI 2ш Alinaa Nyamjargal 99186978	\N	5166211950	2	0	1р хорооллын Мөнгөнгүүрийн урд талын 2р байр 5р орц 1давхарт код 7890#	\N	\N	2026-03-14 11:36:05.299564+01	2026-03-20 07:27:47.037566+01	174	1
1944	ariunchimeg erdenebileg 89008575,puma tsunh	\N	5270380745	1	0	\N	\N	\N	2026-03-14 11:50:43.329392+01	2026-03-14 11:50:43.329412+01	177	4
1941	OCHIR NARAA, 99074285, OHUI COM 2 ШИРХЭГ ХААНААС: 150000 НАРАНДЭЛГЭР ОЧИРВААНЬ	\N	3155123272	2	0	\N	\N	\N	2026-03-14 11:36:05.283448+01	2026-03-20 07:27:49.281371+01	174	1
1940	oyun-erdene 99068926 хөгшрөлтийн эсрэг ком 2ш	\N	5034148817	2	0	\N	\N	\N	2026-03-14 11:36:05.276286+01	2026-03-20 07:27:50.66099+01	174	1
1939	Tsetsee tsets 99248879 Ohuo kom 2 shirheg	\N	5866028265	2	0	\N	\N	\N	2026-03-14 11:36:05.268637+01	2026-03-20 07:27:52.371938+01	174	1
1929	Badamtsetseg 88035529 Ohui bagts	\N	5059123790	1	0	\N	\N	\N	2026-03-14 11:00:21.663325+01	2026-03-20 07:27:54.245916+01	174	1
1930	Гэрэлтуяа Чулуунбаатар 99036273 ohui nuurnii com ХААНААС: 320000 ГЭРЭЛТУЯА ЧУЛУУНБААТАР	\N	5005801120	1	0	\N	\N	\N	2026-03-14 11:00:21.667566+01	2026-03-20 07:27:55.646266+01	174	1
1931	zj jaagii 99980555 юу	\N	5029683884	1	0	\N	\N	\N	2026-03-14 11:00:21.675047+01	2026-03-20 07:27:57.002919+01	174	1
1938	Ж.Энхээ 99072776	\N	5084062510	2	0	\N	\N	\N	2026-03-14 11:36:05.259977+01	2026-03-20 07:27:59.178402+01	174	1
1928	prime advincer pro OHUI hugshrult set norjinsuren ХААНААС: 340000 НОРЖИНСҮРЭН БОЛД	\N	102900299998	1	0	\N	\N	\N	2026-03-14 11:00:21.657506+01	2026-03-20 07:28:13.158558+01	174	1
1927	Sarangerel Sugar 99398439  OHUI kom	\N	5046158151	1	0	\N	\N	\N	2026-03-14 11:00:21.650902+01	2026-03-20 07:28:14.337852+01	174	1
1926	80079054, PRIME ADV. SET ХААНААС: 040000 ГАНЧИМЭГ ТӨМӨРБААТАР	\N	495061730	1	0	\N	\N	\N	2026-03-14 11:00:21.644834+01	2026-03-20 07:28:16.296438+01	174	1
1925	ЦЭЦЭГМААдамба 99052614 нүүрний ком	\N	5735130891	1	0	\N	\N	\N	2026-03-14 11:00:21.639868+01	2026-03-20 07:28:18.228941+01	174	1
1924	Ninj Te 89190288, OHUI set	\N	5301350425	1	0	\N	\N	\N	2026-03-14 11:00:21.635426+01	2026-03-20 07:28:20.327949+01	174	1
1923	EB -Оюунжаргал мянгандаш 88020411 ohui prime advan ХААНААС: 040000 ОЮУНЖАРГАЛ МЯНГАНДАШ	\N	495054157	1	0	\N	\N	\N	2026-03-14 11:00:21.629209+01	2026-03-20 07:28:22.021992+01	174	1
1922	NARMANDAKH MIIGAA 99727762 OHUI KOM ХААНААС: 150000 МЯГМАРСҮРЭН НАРМАНДАХ	\N	1245149647	1	0	\N	\N	\N	2026-03-14 11:00:21.62231+01	2026-03-20 07:28:23.428667+01	174	1
1921	Ж.Энхээ99072776	\N	5084062510	1	0	\N	\N	\N	2026-03-14 11:00:21.618791+01	2026-03-20 07:28:26.026794+01	174	1
1918	Byambasuren Vanganjil 99197558, OHUI	\N	5045519121	1	0	\N	\N	\N	2026-03-14 11:00:21.607301+01	2026-03-20 07:28:30.936214+01	174	1
1917	BAAGII2 8949 4411 OHUI NOGOON ХААНААС: 150000 БАДАМЦЭЦЭГ ЦОГТНАРАН	\N	1165173166	1	0	\N	\N	\N	2026-03-14 11:00:21.603564+01	2026-03-20 07:28:32.439816+01	174	1
1916	Tsetsgee tsetseg ohui set 99182303	\N	5063739779	1	0	\N	\N	\N	2026-03-14 11:00:21.596966+01	2026-03-20 07:28:34.195956+01	174	1
2676	MYAGMARSUREN MUNKHZUL 88018001 TSAI ХААНААС: 150000 МӨНХЗУЛ МЯГМАРСҮРЭН	\N	1109078744	1	0	\N	\N	\N	2026-03-20 07:52:20.73774+01	2026-03-20 07:52:20.737763+01	217	4
2025	Bolortuya Sukhee 99078219 prana organic	\N	5630321307	1	0	\N	\N	\N	2026-03-15 13:08:35.994144+01	2026-03-23 11:25:38.040544+01	81	5
1955	omego 88004770 p muugii munkhgerel	\N	5031633544	1	0	\N	\N	\N	2026-03-15 12:05:49.063452+01	2026-03-20 07:06:09.163912+01	181	1
1956	Misheel 99199291 omega	\N	5014159902	1	0	\N	\N	\N	2026-03-15 12:05:49.068312+01	2026-03-20 07:06:10.771673+01	181	1
1957	Naraa Ch, 86599229, Omega-3 Australia	\N	5041201090	1	0	\N	\N	\N	2026-03-15 12:05:49.072498+01	2026-03-20 07:06:13.013981+01	181	1
1958	Chimdee dashbold omega 88111003	\N	5753180488	1	0	\N	\N	\N	2026-03-15 12:05:49.08102+01	2026-03-20 07:06:14.437038+01	181	1
1959	А.Энхзаяа 89795955   omega 3	\N	5509001502	1	0	\N	\N	\N	2026-03-15 12:05:49.088655+01	2026-03-20 07:06:15.596286+01	181	1
1960	BosooMunguntuul91915274 Omigo 3	\N	5009068894	1	0	\N	\N	\N	2026-03-15 12:05:49.09928+01	2026-03-20 07:06:17.151964+01	181	1
1961	nogi enkh 99839092 omega	\N	5014144306	1	0	\N	\N	\N	2026-03-15 12:05:49.110627+01	2026-03-20 07:06:19.143224+01	181	1
1962	Zaya khr 94015600 omega-3	\N	5034524600	1	0	\N	\N	\N	2026-03-15 12:05:49.121235+01	2026-03-20 07:06:20.582258+01	181	1
1963	Narantungalag Tsolmon -99147834- omega 3	\N	5370089571	1	0	\N	\N	\N	2026-03-15 12:05:49.128299+01	2026-03-20 07:06:22.048481+01	181	1
1964	GINA GINA, 99095120, OMEGA 3 ХААНААС: 150000 ГАНЧИМЭГ САНЖАА	\N	2719321363	1	0	\N	\N	\N	2026-03-15 12:05:49.134417+01	2026-03-20 07:06:23.740194+01	181	1
1965	99912615, М. Энхцэцэг, omega-3 blackmores	\N	5219264518	1	0	\N	\N	\N	2026-03-15 12:05:49.140652+01	2026-03-20 07:06:25.05912+01	181	1
1966	omega Bulga Sj 91000529	\N	5037233211	1	0	\N	\N	\N	2026-03-15 12:05:49.146088+01	2026-03-20 07:06:28.292217+01	181	1
2035	narantuya angarag 99997810 shuniin mask	\N	5041061594	1	0	\N	\N	\N	2026-03-16 03:41:00.976805+01	2026-03-20 07:09:20.596455+01	188	1
2036	Цокоо Цог+99197343+Sulwhasomask	\N	5027726184	1	0	\N	\N	\N	2026-03-16 03:41:01.015254+01	2026-03-20 07:09:21.53764+01	188	1
1945	Gereltsatsral 99901004  Berry Fairy	\N	5753359692	1	0	\N	\N	\N	2026-03-14 11:52:42.299404+01	2026-03-23 11:25:41.048353+01	81	6
1967	99107210 Omega	\N	5057188864	1	0	Khan-Uul 24-r khoroo HunnuTower 1401-4toot\n99107210	\N	\N	2026-03-15 12:05:49.152506+01	2026-03-20 07:06:29.860927+01	181	1
2677	EB -Su mist, 88084451 Oyungerel Baatar ХААНААС: 040000 ОЮУНГЭРЭЛ БААТАР	\N	404240623	1	0	\N	\N	\N	2026-03-20 07:54:27.098903+01	2026-03-20 07:54:27.098926+01	163	4
2678	Flowers Flowers 91900094 mist	\N	5064040136	1	0	\N	\N	\N	2026-03-20 07:54:27.110462+01	2026-03-20 07:54:27.110481+01	163	4
3404	EB -99363596-Baaska Tgt OHUI set ХААНААС: 040000 БААСАНЦЭЦЭГ МӨНХБАТ	\N	423108786	1	0	\N	\N	\N	2026-03-25 02:07:07.595784+01	2026-03-25 02:07:07.595803+01	259	4
2003	Enkhee Enkhee Нүүрс ус задлагч 86106510	\N	5374209262	1	0	\N	\N	\N	2026-03-15 12:26:16.774185+01	2026-03-25 09:30:07.369633+01	182	6
2002	chimgee jargal 99266888 kamut	\N	5081038411	1	0	\N	\N	\N	2026-03-15 12:23:21.403972+01	2026-03-25 09:30:09.424822+01	182	6
2000	NARMANDAH GANHUYAG 88052382 NVVRS US ZADLAGCH ХААНААС: 150000 НАРМАНДАХ ГАНХУЯГ	\N	3105163428	1	0	\N	\N	\N	2026-03-15 12:23:10.594433+01	2026-03-25 09:30:14.295773+01	182	6
1998	89119928 KAMUT ХААНААС: 390000 ЦОГОО СОЛОНГО	\N	8000190819	1	0	\N	\N	\N	2026-03-15 12:23:07.634257+01	2026-03-25 09:30:20.011297+01	182	6
1997	EB -tseegii davaatseren 88114210 kamut enzyme ХААНААС: 040000 ТҮВШИНСАНАА ШИЖИРБААТАР	\N	2612221474	1	0	\N	\N	\N	2026-03-15 12:23:07.630474+01	2026-03-25 09:30:22.050861+01	182	6
1996	EB -Чимэгтөр-с илгээв ХААНААС: 040000 ЧИМЭГТӨР ТӨРБАТ	\N	824003802	1	0	\N	\N	\N	2026-03-15 12:23:07.62438+01	2026-03-25 09:30:24.176135+01	182	6
1995	хоол задлагч Nyamkhorol Bazar 99972850	\N	5040099787	1	0	\N	\N	\N	2026-03-15 12:23:07.615468+01	2026-03-25 09:30:45.143146+01	182	6
1992	hool zadlagch Ariuk ba 99252007	\N	5029178666	1	0	\N	\N	\N	2026-03-15 12:23:03.850775+01	2026-03-25 09:30:55.39756+01	182	6
1991	NA ARIUNA 99111452 KAMUT ESLEG ХААНААС: 150000 АРИУНТУЯА НАНСАЛ	\N	1701151876	1	0	\N	\N	\N	2026-03-15 12:23:03.847275+01	2026-03-25 09:30:58.591623+01	182	6
1990	boma boma 99762002 n/us zadlagch	\N	5034497438	1	0	\N	\N	\N	2026-03-15 12:23:03.837035+01	2026-03-25 09:31:02.354752+01	182	6
1816	88047546 Tsolmon battsooj guujuulagch set	\N	5063411648	1	3200	Бгд 4р хороо ханбүргэдэйн хашаан доторх 3р байр 3р орц 46 тоот орцны код 8690#	\N	\N	2026-03-13 11:08:52.88199+01	2026-03-25 10:30:14.048802+01	154	1
1999	Д.Ариунаа-99935689 KAMUT-Enzyme hool zadlagch	\N	5094671100	1	0	Erdenet hot-99935689	2026-03-27	\N	2026-03-15 12:23:10.587196+01	2026-03-27 10:58:52.215752+01	182	2
2001	REY _ENKH-89110713- KAMUT ENZYME X2 ХААНААС: 150000 УНДРАЛ ЭНХБАТ	\N	1105061893	2	0	Сүхбаатар дүүрэг, 8 хороо, цэнтрал тауэр 14 давхарт, рэсэпшнд үлдээх	\N	\N	2026-03-15 12:23:14.075184+01	2026-03-25 09:30:11.450792+01	182	6
2005	EB -Batsaikhan Munkhmaa 99001536 Sulhwasoo serum 5 ХААНААС: 040000 МӨНХМАА БАТСАЙХАН	\N	433043082	5	0	\N	\N	\N	2026-03-15 12:31:10.148542+01	2026-03-20 06:48:07.52253+01	153	1
1989	91115974 puma er tursik XL	\N	5025872058	1	0	\N	\N	\N	2026-03-15 12:13:02.344998+01	2026-03-15 12:13:02.345017+01	158	4
3554	Delguurt Cetaphil lotion Dan	\N	5044019334	9	0	\N	\N	\N	2026-03-27 06:09:05.246435+01	2026-03-27 06:09:10.952987+01	110	4
1993	нунтаг ислэг 89402055	\N	5720979817	1	0	\N	2026-03-28	\N	2026-03-15 12:23:03.855818+01	2026-03-28 10:30:57.529496+01	182	3
1986	89119928 SULWHASOO SERUM 7 SH ХААНААС: 390000 ЦОГОО СОЛОНГО	\N	8000190819	7	0	\N	\N	\N	2026-03-15 12:11:02.047147+01	2026-03-20 06:48:09.222307+01	153	1
2026	GANCHIMEG JAMIYAN 99126956 OHUI SHAMPOO CONDITIONE ХААНААС: 150000 ОРГИЛСАЙХАН ДҮВЖИР	\N	1109043715	1	0	\N	\N	\N	2026-03-15 13:12:06.975217+01	2026-03-20 07:03:45.601645+01	170	1
1987	badam b 88662267 L tursik	\N	5592086464	1	0	Баянгол дүүрэг 17р хороо 38а 1202 тоот	\N	\N	2026-03-15 12:13:02.328363+01	2026-03-15 12:13:02.328384+01	158	4
1968	uranchimeg uugii 99066962 omega	\N	5030183446	1	0	\N	\N	\N	2026-03-15 12:05:49.158395+01	2026-03-20 07:06:31.388111+01	181	1
1969	Omega 3 gerelt-od erdene-ochir 99067211	\N	5003382808	2	0	\N	\N	\N	2026-03-15 12:05:55.741546+01	2026-03-20 07:06:33.657827+01	181	1
1970	Omega 2ш Tenten 2ш MoogiiMarlaa 88854190	\N	5006612218	2	0	\N	\N	\N	2026-03-15 12:06:05.063721+01	2026-03-20 07:06:35.187334+01	181	1
1971	shukitotsogt 99066634 blackmorris omega3	\N	5009110441	1	0	\N	\N	\N	2026-03-15 12:06:12.398785+01	2026-03-20 07:06:37.384497+01	181	1
1972	ГАНБААТАР ГАНБАА, 99869998,АВСТРАЛ ОМЕГА3 ХААНААС: 150000 ГАНБААТАР НЯМДАВАА	\N	3050004975	1	0	\N	\N	\N	2026-03-15 12:06:12.406337+01	2026-03-20 07:06:42.163585+01	181	1
1973	99012591, omega-3	\N	5084001114	1	0	\N	\N	\N	2026-03-15 12:06:12.411818+01	2026-03-20 07:06:43.261848+01	181	1
1974	99051436, blackmores, Батцэцэг Ганбат	\N	5070632215	1	0	\N	\N	\N	2026-03-15 12:06:12.41734+01	2026-03-20 07:06:44.957129+01	181	1
1975	Buyna Buynaa 85857907 Blackmores omega	\N	5863270491	1	0	\N	\N	\N	2026-03-15 12:06:12.423838+01	2026-03-20 07:06:46.341338+01	181	1
1976	shinchuul 99470601 omega 3	\N	5619729515	1	0	\N	\N	\N	2026-03-15 12:06:12.429408+01	2026-03-20 07:06:55.205643+01	181	1
1977	EB -Buya natsagdorj 99104214 blackmores ХААНААС: 040000 БУЯНЖАРГАЛ НАЦАГДОРЖ	\N	499404696	1	0	\N	\N	\N	2026-03-15 12:06:12.435135+01	2026-03-20 07:06:56.469272+01	181	1
1978	EB -odmaa odmaa omega2shil 88883305 ХААНААС: 040000 ОДМАА ГАНБАТ	\N	407251759	2	0	\N	\N	\N	2026-03-15 12:06:20.53923+01	2026-03-20 07:06:58.268025+01	181	1
1979	Boloroo Munkh 99075276 omega-3, 2pcs	\N	5042189343	2	0	\N	\N	\N	2026-03-15 12:06:20.547998+01	2026-03-20 07:07:02.920727+01	181	1
1980	omega-3 2 shirxeg	\N	5003977384	2	0	\N	\N	\N	2026-03-15 12:06:20.552543+01	2026-03-20 07:07:04.542538+01	181	1
1981	tuul tumurbaatar omega3, 89116562	\N	5371146699	3	0	\N	\N	\N	2026-03-15 12:06:28.482001+01	2026-03-20 07:07:06.97554+01	181	1
1982	Omega 88024130	\N	5102098732	1	0	\N	\N	\N	2026-03-15 12:06:35.239012+01	2026-03-20 07:07:08.232633+01	181	1
1983	omega Х.Мийгаа 91240411	\N	5990562760	1	0	\N	\N	\N	2026-03-15 12:06:35.244945+01	2026-03-20 07:07:13.375277+01	181	1
1985	EB -otgoo dorj, 99362048, black mores omega3 ХААНААС: 040000 ОТГОН-ЭРДЭНЭ ДОРЖ	\N	407267549	1	0	\N	\N	\N	2026-03-15 12:06:35.2539+01	2026-03-20 07:07:16.03852+01	181	1
2037	amgalan munkhtuya 99077114  sulwhasoo mask	\N	5003196720	1	0	\N	\N	\N	2026-03-16 03:41:01.020587+01	2026-03-20 07:09:22.863741+01	188	1
2038	Oyun Erdene, 99948985, sulwhasoo mask	\N	5034905562	1	0	\N	\N	\N	2026-03-16 03:41:01.028955+01	2026-03-20 07:09:24.53387+01	188	1
2039	Uuganaa Ichinnorow, 88047054, sulwhasoo mask	\N	5040032109	1	0	\N	\N	\N	2026-03-16 03:41:01.040309+01	2026-03-20 07:09:25.813045+01	188	1
2040	CH MUNKHTSETSEG 94001664 SULWHASOOOVERNIGHT VITALI ХААНААС: 150000 МӨНХЦЭЦЭГ ЧИНБАТ	\N	1105421519	1	0	\N	\N	\N	2026-03-16 03:41:01.052507+01	2026-03-20 07:09:27.359845+01	188	1
2041	сул шөнө маск 99192125	\N	5030312156	1	0	\N	\N	\N	2026-03-16 03:41:01.063269+01	2026-03-20 07:09:28.382947+01	188	1
2042	chimeg erdene mask	\N	5029275478	1	0	\N	\N	\N	2026-03-16 03:41:01.079513+01	2026-03-20 07:09:29.756613+01	188	1
2043	96622262 шөнийн маск (tosoo ulzii)	\N	5007592775	1	0	\N	\N	\N	2026-03-16 03:41:01.088026+01	2026-03-20 07:09:34.054775+01	188	1
2044	ЭНХ-УНДРАХ 99093286 sulhwasoo night mask 2 sh	\N	5024168530	1	0	\N	\N	\N	2026-03-16 03:41:01.097373+01	2026-03-20 07:09:38.800749+01	188	1
2113	BACHIKO BATSUKH 88129322 OHUI NARNII TOS ХААНААС: 150000 БАТЧИМЭГ БАТСҮХ	\N	3405110465	1	0	\N	\N	\N	2026-03-16 04:24:34.730738+01	2026-03-16 04:24:34.730757+01	173	4
2114	UNDRAL PUREVJARGAL 80080883 OHUI SUN BLACK SET ХААНААС: 390000 ПҮРЭВЖАРГАЛ УНДРАЛ	\N	8000089383	1	0	\N	\N	\N	2026-03-16 04:24:34.739134+01	2026-03-16 04:24:34.739154+01	173	4
2115	цэрэндорж мөнхзаяа 99043437 гарны тос	\N	5020701483	1	0	\N	\N	\N	2026-03-16 04:24:34.752546+01	2026-03-16 04:24:34.752576+01	173	4
2116	GANAA GAN NAR SET ХААНААС: 150000 ГАНЧИМЭГ ДОЛЖИН	\N	1175181261	1	0	\N	\N	\N	2026-03-16 04:24:34.767654+01	2026-03-16 04:24:34.767714+01	173	4
2118	Ts.Oyunbileg.91711595.ohui narnii tos set	\N	5034503601	1	0	\N	\N	\N	2026-03-16 04:24:34.7961+01	2026-03-16 04:24:34.796124+01	173	4
2119	sunshine sun,80595993,ohui narni set	\N	5020601490	1	0	\N	\N	\N	2026-03-16 04:24:34.804597+01	2026-03-16 04:24:34.804618+01	173	4
2120	99112602, En Guun, OHUI sunscreen set	\N	5079006641	1	0	\N	\N	\N	2026-03-16 04:24:34.812028+01	2026-03-16 04:24:34.812052+01	173	4
2121	АЛТАНЗУЛ ЗУЛАА 88081208 OHUI SPECIAL SET ХААНААС: 390000 ЖАГДАГСҮРЭН АЛТАНЗУЛ	\N	8001850919	1	0	\N	\N	\N	2026-03-16 04:24:34.826727+01	2026-03-16 04:24:34.82675+01	173	4
2122	DoogiiDash 88208059 OHU narni tos bagts	\N	5914233793	1	0	\N	\N	\N	2026-03-16 04:24:34.833957+01	2026-03-16 04:24:34.833977+01	173	4
2123	Нарангоо Мишээл 98778777 ohui нарны тосны баг	\N	5622442573	1	0	\N	\N	\N	2026-03-16 04:24:34.846388+01	2026-03-16 04:24:34.846419+01	173	4
2124	chinbat tuya 99149848 narnii tos set	\N	5108246448	1	0	\N	\N	\N	2026-03-16 04:24:34.849984+01	2026-03-16 04:24:34.850006+01	173	4
2125	orkhon naiman 99008893 ohui narnii tos ХААНААС: 340000 ОРХОН НАЙМАН	\N	360000179352	1	0	\N	\N	\N	2026-03-16 04:24:34.853204+01	2026-03-16 04:24:34.853219+01	173	4
2126	davkaa eegii88068963 ohui narnii tos	\N	5300895379	1	0	\N	\N	\N	2026-03-16 04:24:34.858012+01	2026-03-16 04:24:34.858033+01	173	4
2127	Khulan Bat-Ochir 88098584 Narnii tos O HUI	\N	5040104030	1	0	\N	\N	\N	2026-03-16 04:24:34.862827+01	2026-03-16 04:24:34.862848+01	173	4
2128	SHGANSUWD 99252878 OHUI NARNII TOS ХААНААС: 150000 ГАНСУВД ШАГДАР	\N	1820000896	1	0	\N	\N	\N	2026-03-16 04:24:34.868957+01	2026-03-16 04:24:34.869102+01	173	4
2129	EB -ohui narnii tos 99865959 bilgee mb ХААНААС: 040000 МӨНХБИЛЭГ САЙНБИЛЭГ	\N	470002875	1	0	\N	\N	\N	2026-03-16 04:24:34.875213+01	2026-03-16 04:24:34.875232+01	173	4
2130	G.Mandakhnar 88105279 OHUI narnii tos	\N	5029909982	1	0	\N	\N	\N	2026-03-16 04:24:34.896947+01	2026-03-16 04:24:34.896968+01	173	4
2149	Б.Гоо 99905399 Сум эссенз мист special set	\N	5311129244	1	0	\N	\N	\N	2026-03-16 04:42:58.915181+01	2026-03-20 06:58:06.572944+01	163	1
2150	Badamtsetseg 88035529 SU:M37 mist	\N	5059123790	1	0	\N	\N	\N	2026-03-16 04:42:58.919904+01	2026-03-20 06:58:08.239331+01	163	1
2141	Ganbaatar Munkhtuya PRIME	\N	5009178284	3	0	\N	\N	\N	2026-03-16 04:32:22.043001+01	2026-03-20 07:27:45.858487+01	174	1
2152	Su:m37 Secret #Essence # Mist	\N	5173031138	1	0	\N	\N	\N	2026-03-16 04:42:58.931636+01	2026-03-20 06:58:12.901791+01	163	1
2135	EB -99123228 ХААНААС: 040000 УУГАНБАЯР НАМНАНСҮРЭН narnii tos	\N	405052020	2	0	\N	\N	\N	2026-03-16 04:26:43.395511+01	2026-03-16 04:26:43.395539+01	173	4
2136	EB -onon enkhtsag, 88006017, ohui narnii tos 2sh ХААНААС: 040000 ОНОН ЭНХЦАГ	\N	416062295	2	0	\N	\N	\N	2026-03-16 04:26:43.403224+01	2026-03-16 04:26:43.403243+01	173	4
2137	Narni tos 2sh 95183999. Muugii Munhzul..fs	\N	5032684656	2	0	\N	\N	\N	2026-03-16 04:26:43.408858+01	2026-03-16 04:26:43.408882+01	173	4
2138	Гүнжинлхам Буянжаргал 88006676 Ohui tos 2 sh	\N	5033206699	2	0	\N	\N	\N	2026-03-16 04:26:43.418138+01	2026-03-16 04:26:43.41816+01	173	4
2139	ГАНБААТАР ГАНБАА, 99869998, АДИДАС ОЙМС L SIZE ХААНААС: 150000 ГАНБААТАР НЯМДАВАА	\N	3050004975	1	0	\N	\N	\N	2026-03-16 04:29:09.610142+01	2026-03-16 04:29:09.610163+01	190	4
2140	Нарангоо Мишээл 98778777 M adidas oims	\N	5622442573	1	0	\N	\N	\N	2026-03-16 04:29:09.616968+01	2026-03-16 04:29:09.616987+01	190	4
1657	Tsolmon battsooj 88047546 uruuliin balm,koshl	\N	5063411648	1	0	Бгд 4р хороо ханбүргэдэйн хашаан доторх 3р байр 3р орц 46 тоот орцны код 8690#	\N	\N	2026-03-12 11:27:23.930651+01	2026-03-20 06:51:33.767509+01	155	1
2142	Pantene tejeel 88106971	\N	5042299811	1	0	\N	\N	\N	2026-03-16 04:39:20.515156+01	2026-03-16 04:39:20.51518+01	191	4
2143	99012591, pantene collagen usnii tejeel	\N	5084001114	1	0	\N	\N	\N	2026-03-16 04:39:23.711528+01	2026-03-16 04:39:23.711547+01	191	4
2144	EB -Buya natsagdorj 99104214 Pantene collagen ХААНААС: 040000 БУЯНЖАРГАЛ НАЦАГДОРЖ	\N	499404696	1	0	\N	\N	\N	2026-03-16 04:39:23.718126+01	2026-03-16 04:39:23.718153+01	191	4
3431	Munkhjargal 99085874 MK zuzaan ultai 235	\N	5028328150	1	0	\N	\N	\N	2026-03-25 02:32:53.087512+01	2026-03-25 02:32:53.087534+01	273	4
2146	ЭНХ-УНДРАХ 99093286 pantene vsnii 3tai mask	\N	5024168530	1	0	\N	\N	\N	2026-03-16 04:39:52.711805+01	2026-03-16 04:39:52.711826+01	191	4
2679	ONIPANI. 99013198 (МИСТ) ХААНААС: 150000 НЯМЖАВ ПҮРЭВСҮРЭН	\N	1105174203	1	0	\N	\N	\N	2026-03-20 07:54:27.117393+01	2026-03-20 07:54:27.117412+01	163	4
2680	su mist 99266888	\N	5034061887	1	0	\N	\N	\N	2026-03-20 07:54:27.12202+01	2026-03-20 07:54:27.122034+01	163	4
2151	Jagaa2 99904129 SU:M mist	\N	5135621984	1	0	\N	\N	\N	2026-03-16 04:42:58.925295+01	2026-03-20 06:58:14.88644+01	163	1
2154	boma boma99762002hair,gui nike zoruu sum mist	\N	5034497438	1	0	\N	\N	\N	2026-03-16 04:42:58.938542+01	2026-03-20 06:58:18.377251+01	163	1
2155	Гүнжинлхам Буянжаргал 88006676 Su mist	\N	5926123516	1	0	\N	\N	\N	2026-03-16 04:42:58.943027+01	2026-03-20 06:58:20.266789+01	163	1
2156	seiko tseku 99076850 mist su'm 37	\N	5021199152	1	0	\N	\N	\N	2026-03-16 04:42:58.949123+01	2026-03-20 06:58:22.012037+01	163	1
2157	М.Батцэцэг 99110531 Sum mist set	\N	5011813598	1	0	\N	\N	\N	2026-03-16 04:42:58.955501+01	2026-03-20 06:58:24.53728+01	163	1
2158	mist 99885681 Bumbaarai	\N	5144075997	1	0	\N	\N	\N	2026-03-16 04:42:58.962285+01	2026-03-20 06:58:26.432921+01	163	1
2159	EB -sum mist  99865959 bilgee mb ХААНААС: 040000 МӨНХБИЛЭГ САЙНБИЛЭГ	\N	470002875	1	0	\N	\N	\N	2026-03-16 04:42:58.968422+01	2026-03-20 06:58:28.369101+01	163	1
2161	PN HN 96666367, O hui shampoo	\N	5108102813	1	0	\N	\N	\N	2026-03-16 04:46:48.008811+01	2026-03-20 07:03:47.660437+01	170	1
2162	solongo soko ohui clear science moiseturizing	\N	5401856313	1	0	\N	\N	\N	2026-03-16 04:46:48.023323+01	2026-03-20 07:03:49.075539+01	170	1
2163	Soko Solongo 88019353 shampuni ХААНААС: 340000 СОЛОНГО МЯГМАРДОРЖ	\N	310000021637	1	0	\N	\N	\N	2026-03-16 04:46:48.029373+01	2026-03-20 07:03:51.278857+01	170	1
2164	nyamka ohui shamp set 88017048	\N	5037123275	1	0	\N	\N	\N	2026-03-16 04:46:48.036285+01	2026-03-20 07:03:53.308388+01	170	1
2165	OHUI SHAMPOO CONDITIONER SET 85245016 МӨӨГИЙ ЭНХЭЭ ХААНААС: 150000 МӨНХТУНГАЛАГ ЭНХЖАРГАЛ	\N	1205308741	1	0	\N	\N	\N	2026-03-16 04:46:48.040882+01	2026-03-20 07:03:55.257489+01	170	1
2166	М.Батцэцэг 99110531 shampoon set	\N	5077251074	1	0	\N	\N	\N	2026-03-16 04:46:48.047342+01	2026-03-20 07:03:58.60929+01	170	1
2167	baka bakaya 88004906 o hui shampoo	\N	5048300810	1	0	\N	\N	\N	2026-03-16 04:46:48.056105+01	2026-03-20 07:03:59.94945+01	170	1
2681	su:m37 mist, davaadulam Lha 96021246	\N	5033091802	1	0	\N	\N	\N	2026-03-20 07:54:27.125036+01	2026-03-20 07:54:27.125052+01	163	4
2682	su:m mist 99055322	\N	5019687847	1	0	\N	\N	\N	2026-03-20 07:54:27.133115+01	2026-03-20 07:54:27.133134+01	163	4
2683	gereltuya gereltuya 88334575 , mist su:m	\N	5039723394	1	0	\N	\N	\N	2026-03-20 07:54:27.138063+01	2026-03-20 07:54:27.138081+01	163	4
2173	99066962 puma ket size37 uranchimeg uugii	\N	5034568423	1	0	\N	\N	\N	2026-03-16 05:00:30.637595+01	2026-03-16 05:00:30.637616+01	192	4
2174	Bayardelger 99067703 puma ket 37.5	\N	5400053133	1	0	\N	\N	\N	2026-03-16 05:00:30.643865+01	2026-03-16 05:00:30.643885+01	192	4
2175	Duurenjargalmaa 95329432 ХААНААС: 340000 ДҮҮРЭНЖАРГАЛМАА ЧИМЭДБАТ	\N	340601727082	1	0	\N	\N	\N	2026-03-16 05:00:30.650377+01	2026-03-16 05:00:30.650397+01	192	4
2176	Erdeneoyun Munkhbayr puma 37 raz	\N	5045583914	1	0	\N	\N	\N	2026-03-16 05:00:30.653939+01	2026-03-16 05:00:30.653955+01	192	4
2177	Lkhagvaragchaa89021094 puma 240/ 38	\N	5031482708	1	0	\N	\N	\N	2026-03-16 05:00:36.046981+01	2026-03-16 05:00:36.047+01	192	4
2178	Orgil Enk 99915948 puma size 230	\N	5031384846	1	0	\N	\N	\N	2026-03-16 05:00:36.057635+01	2026-03-16 05:00:36.057654+01	192	4
2179	munhuul geye 99047660 puma sneakers 38size	\N	5085326267	1	0	\N	\N	\N	2026-03-16 05:00:36.063648+01	2026-03-16 05:00:36.063671+01	192	4
2180	EB -perle perlita 95606868 puma sneakers 245 ХААНААС: 040000 СУВДАА ЖАМЪЯН	\N	473066458	1	0	\N	\N	\N	2026-03-16 05:00:36.07297+01	2026-03-16 05:00:36.072993+01	192	4
2181	EB -perle perlita 95606868 puma sneakers 245 ХААНААС: 040000 СУВДАА ЖАМЪЯН	\N	473066458	1	0	\N	\N	\N	2026-03-16 05:00:36.080656+01	2026-03-16 05:00:36.080702+01	192	4
2182	enkh chuluun 80659988 fuma 38	\N	5079122422	1	0	\N	\N	\N	2026-03-16 05:00:36.092829+01	2026-03-16 05:00:36.092852+01	192	4
2183	Ш.Солонго 94612100 Black PUMA sneakers	\N	5530316753	1	0	\N	\N	\N	2026-03-16 05:00:36.107611+01	2026-03-16 05:00:36.107632+01	192	4
2184	Undarmaa 95004512 37size puma	\N	5815317495	1	0	\N	\N	\N	2026-03-16 05:00:38.938225+01	2026-03-16 05:00:38.938247+01	192	4
2185	б.цэкэ 95352675 puma pvvz 230sz	\N	5394160140	1	0	\N	\N	\N	2026-03-16 05:00:41.5584+01	2026-03-16 05:00:41.558452+01	192	4
2186	б.цэкэ 95352675 puma pvvz 235sz	\N	5394160140	1	0	\N	\N	\N	2026-03-16 05:00:41.564607+01	2026-03-16 05:00:41.564632+01	192	4
2187	99828322 Puma 24.5	\N	5025600639	1	0	\N	\N	\N	2026-03-16 05:00:44.354845+01	2026-03-16 05:00:44.354862+01	192	4
2188	TSELMUUN BATTSENGEL PUMA 38,5 ХААНААС: 150000 ЦЭЛМҮҮН БАТЦЭНГЭЛ	\N	3255156787	1	0	\N	\N	\N	2026-03-16 05:00:44.359108+01	2026-03-16 05:00:44.359127+01	192	4
2189	baasanhuu baska 96061116.puma37.	\N	5069203518	1	0	\N	\N	\N	2026-03-16 05:01:28.280646+01	2026-03-16 05:01:28.280668+01	192	4
2190	SHARAWJAMTS OTGONZAYA 80516513 91338897 ХААНААС: 150000 ДУЛМААЖАВ СУНДУЙЖАВ	\N	6255104280	1	0	\N	\N	\N	2026-03-16 05:01:28.287539+01	2026-03-16 05:01:28.28757+01	192	4
2191	80212177 Хаппи Хаппи   puma	\N	5034461592	1	0	\N	\N	\N	2026-03-16 05:01:28.291812+01	2026-03-16 05:01:28.291828+01	192	4
2192	narantuya otgonbaatar 99038221 puma240	\N	5740058600	1	0	\N	\N	\N	2026-03-16 05:01:28.299493+01	2026-03-16 05:01:28.299513+01	192	4
2168	solongo bt.99008383.ohui-us archilgaa	\N	5071443386	1	0	\N	\N	\N	2026-03-16 04:46:48.0623+01	2026-03-20 07:04:01.897422+01	170	1
2169	Uyanga Btogtokh.99362937.Ohui-us archilgaa.	\N	407220393.0	1	0	\N	\N	\N	2026-03-16 04:46:48.070152+01	2026-03-20 07:04:04.655561+01	170	1
2170	BOLORO BOOOCHKO_89078220_OHUI SHAMPOON ХААНААС: 150000 ХҮДЭР ИДЭРСАЙХАН	\N	3675112504	1	0	\N	\N	\N	2026-03-16 04:46:48.092325+01	2026-03-20 07:04:05.946813+01	170	1
2207	omega 99103802	\N	5404800809	1	0	\N	\N	\N	2026-03-16 05:09:03.018811+01	2026-03-20 07:07:17.360488+01	181	1
2202	baasanhuubaska 96061116.er tursik L.	\N	5069203518	1	0	\N	\N	\N	2026-03-16 05:07:22.616209+01	2026-03-16 05:07:22.61623+01	158	4
2203	Ochirmaa Lkhagvasuren 99794040 2xl puma 5 хос эр турси ХААНААС: 320000 ОЧИРМАА ЛХАГВАСҮРЭН	\N	5005921601	1	0	\N	\N	\N	2026-03-16 05:07:22.623844+01	2026-03-16 05:07:22.623863+01	158	4
2204	Altangerel Aagii 88057277 XXL	\N	5030284569	1	0	\N	\N	\N	2026-03-16 05:07:22.634541+01	2026-03-16 05:07:22.63456+01	158	4
2205	Altangerel Aagii 88057277 XL	\N	5030284569	1	0	\N	\N	\N	2026-03-16 05:07:22.639984+01	2026-03-16 05:07:22.640002+01	158	4
2206	99314544 eregtei tursik  XXL	\N	5055254784	1	0	\N	\N	\N	2026-03-16 05:07:22.643656+01	2026-03-16 05:07:22.643675+01	158	4
2684	б.наранчимэг 80022669. sum mist	\N	5300925939	1	0	\N	\N	\N	2026-03-20 07:54:27.14818+01	2026-03-20 07:54:27.148204+01	163	4
2685	sum mist nyamka 88017048	\N	5037123275	1	0	\N	\N	\N	2026-03-20 07:54:27.153939+01	2026-03-20 07:54:27.15396+01	163	4
2196	89119928 KAMUT ХААНААС: 150000 СОЛОНГО ЦОГОО	\N	2010008947	1	0	\N	\N	\N	2026-03-16 05:03:56.586847+01	2026-03-25 09:29:54.492456+01	182	6
2195	narantuya otgonbaatar 99038221 камut	\N	5740058600	1	0	\N	\N	\N	2026-03-16 05:03:56.58161+01	2026-03-25 09:29:56.440559+01	182	6
2193	ЭНХ-УНДРАХ,99093286, Kamut hool zadlagch 1 sh	\N	5024168530	1	0	\N	\N	\N	2026-03-16 05:03:56.57063+01	2026-03-25 09:29:58.774035+01	182	6
2194	isleh 99103802	\N	5404800809	1	0	\N	\N	\N	2026-03-16 05:03:56.576438+01	2026-03-25 09:30:00.867532+01	182	6
2213	bayandalai jargalmaa 90993338  umd har s size	\N	5007533571	1	0	\N	\N	\N	2026-03-16 05:11:44.924378+01	2026-03-16 05:11:44.924402+01	193	4
2214	buyankhuu tuvshintur 99826664 nike har umd s	\N	5111551990	1	0	\N	\N	\N	2026-03-16 05:11:44.938255+01	2026-03-16 05:11:44.938275+01	193	4
2215	Т.хашчулуун 96963322 nike umd S har ХААНААС: 320000 ХАШЧУЛУУН ТУУЛ	\N	5066666699	1	0	\N	\N	\N	2026-03-16 05:11:44.944259+01	2026-03-16 05:11:44.944279+01	193	4
2216	B.Oyun91096462Nike umd harS	\N	5076200449	1	0	\N	\N	\N	2026-03-16 05:11:44.947898+01	2026-03-16 05:11:44.947914+01	193	4
2217	94949899 munhjargal nike black S	\N	5114149287	1	0	\N	\N	\N	2026-03-16 05:11:44.953534+01	2026-03-16 05:11:44.953554+01	193	4
2218	Solongo Erdenebat 90170743 өмд ягаан XS	\N	5306925560	1	0	\N	\N	\N	2026-03-16 05:11:44.958612+01	2026-03-16 05:11:44.958632+01	193	4
2219	Chimdee dashbold har nike umd xs	\N	5753180488	1	0	\N	\N	\N	2026-03-16 05:11:44.96409+01	2026-03-16 05:11:44.964108+01	193	4
2220	EB -Munkhjargal jargal 88313131 nike umd S har ХААНААС: 040000 МӨНХЖАРГАЛ БАЯРСАЙХАН	\N	821026018	1	0	\N	\N	\N	2026-03-16 05:11:44.970119+01	2026-03-16 05:11:44.970141+01	193	4
2221	bolor naranchimeg 99196973 har S	\N	5037020371	1	0	\N	\N	\N	2026-03-16 05:11:44.974796+01	2026-03-16 05:11:44.974822+01	193	4
2208	MUNKHSAIKHAN NURZED OMEGA ХААНААС: 150000 МӨНХСАЙХАН НҮРЗЭД	\N	3015111551	1	0	\N	\N	\N	2026-03-16 05:09:03.030266+01	2026-03-20 07:07:20.255219+01	181	1
2209	orkhon naiman 99008893 omega ХААНААС: 340000 ОРХОН НАЙМАН	\N	360000179352	1	0	\N	\N	\N	2026-03-16 05:09:03.050913+01	2026-03-20 07:07:21.400159+01	181	1
2210	Б.Цэрэнлхагва 99138019 омега	\N	5731099376	1	0	\N	\N	\N	2026-03-16 05:09:03.062217+01	2026-03-20 07:07:23.285729+01	181	1
2211	ОМЕГО 94612100	\N	5500007386	1	0	\N	\N	\N	2026-03-16 05:09:03.081584+01	2026-03-20 07:07:24.599031+01	181	1
2212	Очир Эрдэнэ. 99185297. Omega-3	\N	5014050675	1	0	\N	\N	\N	2026-03-16 05:09:03.11302+01	2026-03-20 07:07:27.019588+01	181	1
2172	Өсөлт витамин 1ш. 95900510	\N	5029928532	1	0	\N	2026-03-26	\N	2026-03-16 04:48:58.751516+01	2026-03-26 07:37:15.806974+01	114	3
2222	tsendsuren 91102901 nike har s	\N	5632231558	1	0	\N	\N	\N	2026-03-16 05:11:44.979644+01	2026-03-16 05:11:44.979667+01	193	4
2223	Nike har umd S Oyuka ulzii 88111140	\N	5031084988	1	0	\N	\N	\N	2026-03-16 05:11:44.984314+01	2026-03-16 05:11:44.984334+01	193	4
2250	Б.Ундрах 31 найк 99021913 ХААНААС: 320000 УНДРАХ БАЯРАА	\N	5002605013	1	0	Хан-Уул дүүрэг 3-р хороо Ривер стоне хотхон 24А байр 201 тоот	\N	\N	2026-03-16 06:05:32.695188+01	2026-03-16 06:05:32.695206+01	183	4
2225	odgerel myagmar 96666255 choko pei	\N	5057661174	1	0	\N	\N	\N	2026-03-16 05:13:13.022344+01	2026-03-16 05:13:13.022368+01	176	4
2269	Х/ком TungaaTuugii 96652363	\N	5006043577	1	0	\N	\N	\N	2026-03-16 06:11:21.195393+01	2026-03-20 07:27:33.240822+01	174	1
2227	М.Батцэцэг 99110531 Ohui уруул тень сэт	\N	5011813598	1	0	\N	\N	\N	2026-03-16 05:18:44.976345+01	2026-03-16 05:18:44.976364+01	194	4
2228	ЭНХ-УНДРАХ, 99093286, ohui lips set	\N	5024168530	1	0	\N	\N	\N	2026-03-16 05:18:44.99733+01	2026-03-16 05:18:44.997346+01	194	4
2229	Eegiie khuyagaa 86090708 Ohui special set	\N	5070222708	1	0	\N	\N	\N	2026-03-16 05:18:45.004428+01	2026-03-16 05:18:45.004446+01	194	4
2230	Ochirmaa Lkhagvasuren 99794040 O hui The first gen ХААНААС: 320000 ОЧИРМАА ЛХАГВАСҮРЭН	\N	5005921601	1	0	\N	\N	\N	2026-03-16 05:18:45.009524+01	2026-03-16 05:18:45.009544+01	194	4
2231	ohui 91421133 Batjargal uka	\N	5007945564	1	0	\N	\N	\N	2026-03-16 05:18:45.015417+01	2026-03-16 05:18:45.015437+01	194	4
3647	Batkhishig Orgofol99025682 ohui lipstick teni	\N	5812066101	1	0	\N	\N	\N	2026-03-28 04:44:09.730712+01	2026-03-28 04:44:09.73073+01	194	4
2234	O HUI the first LUXURY set 95970110 crystal	\N	5270396303	1	0	\N	\N	\N	2026-03-16 05:18:45.040144+01	2026-03-16 05:18:45.040163+01	194	4
2235	Г.Отгонбаяр-99357555 тень сет	\N	5093075299	1	0	\N	\N	\N	2026-03-16 05:18:45.050321+01	2026-03-16 05:18:45.05034+01	194	4
2236	EB -МөнхМаа 99096655 O Hui set ХААНААС: 040000 МӨНХЖАРГАЛ ЧАГНАЙ	\N	406172842	1	0	\N	\N	\N	2026-03-16 05:18:45.059078+01	2026-03-16 05:18:45.059095+01	194	4
2237	uruuliin budag set 99148481	\N	5071278092	1	0	\N	\N	\N	2026-03-16 05:18:45.065524+01	2026-03-16 05:18:45.065545+01	194	4
2238	Chuka chuba ohui teni	\N	5016139417	1	0	\N	\N	\N	2026-03-16 05:18:45.068872+01	2026-03-16 05:18:45.068891+01	194	4
3653	Мөнхбаяр Баяраа 80022325 bakter 200sh	\N	5029990907	1	0	\N	\N	\N	2026-03-28 04:47:05.526385+01	2026-03-28 04:47:05.526402+01	89	4
2248	B.Uurtsaikh uuree 99247881 nike size 25	\N	5087243742	1	0	hanuul duureg 3-r horoo uildweriin gudamj Peace town1 hothon 49/4-r orts 2 dawhart 4 toot #8008	\N	\N	2026-03-16 06:05:32.680125+01	2026-03-16 06:05:32.680144+01	183	4
2241	nyamka nyamsuren 88107994 nike size-32	\N	5003912167	1	0	\N	\N	\N	2026-03-16 06:05:32.621056+01	2026-03-16 06:05:32.621099+01	183	4
3405	EB -Begzragchaa byambajargal, 99052596, ohui set ХААНААС: 040000 БЯМБАЖАРГАЛ БЭГЗРАГЧАА	\N	407217428	1	0	\N	\N	\N	2026-03-25 02:07:07.601127+01	2026-03-25 02:07:07.601142+01	259	4
2243	Enkhee Enkhee 86106510 180/29.5	\N	5374209262	1	0	\N	\N	\N	2026-03-16 06:05:32.641437+01	2026-03-16 06:05:32.641459+01	183	4
2244	88107539 nike sz 240	\N	5006489861	1	0	\N	\N	\N	2026-03-16 06:05:32.649468+01	2026-03-16 06:05:32.649615+01	183	4
2245	ENKHEE ENKHEE 86106510 29.5 ХААНААС: 150000 ЭНХЦЭЦЭГ ГЭНДЭНДАРЖАА	\N	2705172940	1	0	\N	\N	\N	2026-03-16 06:05:32.660847+01	2026-03-16 06:05:32.660869+01	183	4
2246	vandan bolortsetseg 99072019  24.0size	\N	5890491665	1	0	\N	\N	\N	2026-03-16 06:05:32.667588+01	2026-03-16 06:05:32.667607+01	183	4
2247	Myagmar oogii 80057512 Nike puuz 235/36,5size	\N	5030577543	1	0	\N	\N	\N	2026-03-16 06:05:32.673148+01	2026-03-16 06:05:32.673165+01	183	4
2249	jovi licet 99119098 nike 33,5	\N	5062157602	1	0	\N	\N	\N	2026-03-16 06:05:32.686741+01	2026-03-16 06:05:32.686759+01	183	4
2251	purevmaa erdene 32.5 nike 96650609	\N	5029806932	1	0	\N	\N	\N	2026-03-16 06:05:32.705673+01	2026-03-16 06:05:32.705714+01	183	4
2252	altaa aagii 99017252 nike terrascout 33.5	\N	5029511291	1	0	\N	\N	\N	2026-03-16 06:05:32.709916+01	2026-03-16 06:05:32.709933+01	183	4
2255	Цолмон Алтанзул nike 235 ХААНААС: 320000 АЛТАНЗУЛ ЦОЛМОН	\N	5005595943	1	0	\N	\N	\N	2026-03-16 06:05:32.724819+01	2026-03-16 06:05:32.724842+01	183	4
2256	99037443 245	\N	5000761887	1	0	\N	\N	\N	2026-03-16 06:05:32.731484+01	2026-03-16 06:05:32.731503+01	183	4
2257	Gansukhgerlee 80110286 nike puuz 32 35 size	\N	5542040202	1	0	\N	\N	\N	2026-03-16 06:05:32.737588+01	2026-03-16 06:05:32.737607+01	183	4
2258	Баттулга Хүрэлбат, 88081613, size 26, 36 ХААНААС: 190000 БАТТУЛГА ХҮРЭЛБАТ	\N	9000014834	1	0	\N	\N	\N	2026-03-16 06:05:32.741447+01	2026-03-16 06:05:32.741463+01	183	4
2259	35-2SH NIKE BOOT CHIMEGSANAA 88881487 ХААНААС: 150000 ЧИМЭГСАНАА АЛТАНГЭРЭЛ	\N	1205119980	1	0	\N	\N	\N	2026-03-16 06:05:32.745171+01	2026-03-16 06:05:32.74519+01	183	4
2268	bolor 99243524 ohui kom	\N	5094249767	1	0	\N	\N	\N	2026-03-16 06:11:21.182409+01	2026-03-20 07:27:34.497571+01	174	1
3406	Purevbaatar Delgermaa 99086670 Ohui kom	\N	5028658178	1	0	\N	\N	\N	2026-03-25 02:07:07.606096+01	2026-03-25 02:07:07.606119+01	259	4
2239	Solongo bt.99008383.Maxim coffee	\N	5071443386	1	0	\N	\N	\N	2026-03-16 05:21:27.627637+01	2026-03-25 09:31:58.03848+01	138	1
2260	uuduu uuduu 99210031 10 set huus,oil	\N	5014177568	10	0	\N	\N	\N	2026-03-16 06:08:24.272245+01	2026-03-27 05:36:42.000401+01	119	4
2265	chinbat tuya 99149848 ohui prime advancer pro	\N	5108246448	1	0	\N	\N	\N	2026-03-16 06:11:21.162966+01	2026-03-20 07:27:38.97852+01	174	1
2270	БОЛОРМААnike яг-35	\N	5286007219	1	0	\N	\N	\N	2026-03-16 06:36:22.418071+01	2026-03-16 06:36:22.418114+01	183	4
2271	nike 36,5 sz nogoon 95132096Япон бараа	\N	5007853445	1	0	\N	\N	\N	2026-03-16 06:36:22.435399+01	2026-03-16 06:36:22.435416+01	183	4
2272	EB -Оюунжаргал мянгандаш 88020411 nike har puuz 29 ХААНААС: 040000 ОЮУНЖАРГАЛ МЯНГАНДАШ	\N	495054157	1	0	\N	\N	\N	2026-03-16 06:36:22.438804+01	2026-03-16 06:36:22.438817+01	183	4
2273	EB -Tuvshee tuvshee 99067320 sz 36 ygaan nike puuz ХААНААС: 040000 ТҮВШИНТУЛГА ДЭМБЭРЭЛ	\N	427022913	1	0	\N	\N	\N	2026-03-16 06:36:22.444014+01	2026-03-16 06:36:22.444033+01	183	4
2318	Odnuka Munkh 80020230 - OHUI sun set	\N	5076004499	1	0	\N	\N	\N	2026-03-16 09:11:03.824868+01	2026-03-16 09:11:03.824886+01	173	4
2264	saranchimeg byambaa ohu nogoon kom	\N	5135455824	1	0	\N	\N	\N	2026-03-16 06:11:21.15787+01	2026-03-20 07:27:40.029559+01	174	1
2262	OHUI kom 95183999..Muugii Munhzul fs hayg	\N	5032684656	1	0	\N	\N	\N	2026-03-16 06:11:21.146287+01	2026-03-20 07:27:42.563362+01	174	1
2261	ENKHUUSH 99907015 OHUI 30+ SET ХААНААС: 150000 ЭНХЦЭЦЭГ ДАВААЖАВ	\N	1175185778	1	0	\N	\N	\N	2026-03-16 06:11:21.139135+01	2026-03-20 07:27:44.708331+01	174	1
2686	ESSENSE MIST TSETSEGTUYA ХААНААС: 150000 ЦЭЦЭГТУЯА ЭНХЭЭ	\N	1245122547	1	0	\N	\N	\N	2026-03-20 07:54:27.158884+01	2026-03-20 07:54:27.158909+01	163	4
2687	88029472 Anknybayar Bolorchimeg sum mist	\N	5114206101	1	0	\N	\N	\N	2026-03-20 07:54:27.163732+01	2026-03-20 07:54:27.163754+01	163	4
2233	EB -Munkhjargal Ragchaa 99361079 o hui 3 set ХААНААС: 040000 МӨНХЖАРГАЛ РАГЧАА	\N	407189604	1	0	Эрдэнэтийн унаанд тавих 99361079	\N	\N	2026-03-16 05:18:45.032504+01	2026-03-16 05:18:45.032523+01	194	4
2274	м.лхагвасүрэн 95784041 puuz 35 nike	\N	5465027018	1	0	\N	\N	\N	2026-03-16 06:36:22.448572+01	2026-03-16 06:36:22.44859+01	183	4
2275	EB -Oyunmaa Tserennyam, 99164462. yagaan Nike puuz ХААНААС: 040000 ЭНХЭЭ ЧУЛУУНБААТАР	\N	403139298	1	0	\N	\N	\N	2026-03-16 06:36:22.453444+01	2026-03-16 06:36:22.453466+01	183	4
2279	Sulwhaso tseverlegch+mask+serum4sh:(94003400)	\N	5120014953	4	0	\N	\N	\N	2026-03-16 06:43:29.974213+01	2026-03-20 06:47:59.850865+01	153	1
2281	tsetsegtei 8 diz set, 20shirhegtei aygatawag	\N	5404800809	1	0	\N	\N	\N	2026-03-16 06:52:44.432985+01	2026-03-20 07:20:51.555309+01	167	1
2266	Deegii Deegii 80824747 Prime Advanser kom	\N	5135422037	1	0	Баянзүрх дүүрэг 16- р хороо 16 автобусны урд талын Монгол хотхон 66С байр 2 орц 3 давхар 111 тоот Утас:80824747	\N	\N	2026-03-16 06:11:21.169061+01	2026-03-20 07:27:37.272583+01	174	1
2304	EB -п.цацралт 99666696 history of whoo lip багц ХААНААС: 040000 НАРАНЦАЦРАЛТ ПҮРЭВСАМБУУ	\N	421072505	1	0	\N	\N	\N	2026-03-16 08:59:35.696483+01	2026-03-20 06:53:41.665061+01	155	1
1875	Tsolmon battsooj 88047546shamponi 2sh	\N	5063411648	2	0	Бгд 4р хороо ханбүргэдэйн хашаан доторх 3р байр 3р орц 46 тоот орцны код 8690#	\N	\N	2026-03-14 09:23:34.229316+01	2026-03-20 07:03:42.279393+01	170	1
2688	SU:M37 эссэнз мист ,80640701	\N	5163485607	1	0	\N	\N	\N	2026-03-20 07:54:27.169026+01	2026-03-20 07:54:27.169047+01	163	4
2285	Ayagani set 86100262  usan tsenher	\N	5019060791	1	0	\N	2026-03-24	\N	2026-03-16 07:00:44.002932+01	2026-03-24 09:46:30.197396+01	195	3
2305	Eny Bat 91105755 The Whoo	\N	5019713890	1	0	\N	\N	\N	2026-03-16 08:59:35.706215+01	2026-03-20 06:53:43.871906+01	155	1
2232	Tsolmon battsooj 88047546Luxury set	\N	5063411648	1	0	Бгд 4р хороо ханбүргэдэйн хашаан доторх 3р байр 3р орц 46 тоот орцны код 8690#	\N	\N	2026-03-16 05:18:45.023924+01	2026-03-16 05:18:45.023943+01	194	4
1893	Javhaa Baadii 99017586, Ohui special suncream	\N	5135388935	1	0	ХУД, Наадам центрийн хажуугийн Хаан цамхаг, 99017586\nЗөвхөн ажлын өлрүүлээр	\N	\N	2026-03-14 10:45:51.456726+01	2026-03-14 10:45:51.456745+01	173	4
2287	35-2SH NIKE YAGAAN PUUZ CHIMEGSANAA 88881487 ХААНААС: 150000 ЧИМЭГСАНАА АЛТАНГЭРЭЛ	\N	1205119980	2	0	\N	\N	\N	2026-03-16 07:03:00.166939+01	2026-03-16 07:03:00.166964+01	183	4
2289	Altangerel Aagii 88057277 tsunkh puma	\N	5030284569	1	0	\N	\N	\N	2026-03-16 07:08:03.867809+01	2026-03-16 07:08:03.867831+01	177	4
2290	baka bakaya 88004906 kofe kirkland	\N	5048300810	1	0	\N	\N	\N	2026-03-16 07:10:11.063899+01	2026-03-16 07:10:11.063922+01	196	4
2292	odgerel myagmar 96666255 kirkland laaztai cof	\N	5057661174	1	0	\N	\N	\N	2026-03-16 07:13:32.470346+01	2026-03-16 07:13:32.470368+01	196	4
2308	Odnuka Munkh 80020230 Nut-inno foods	\N	5076004499	1	0	\N	\N	\N	2026-03-16 09:04:27.957932+01	2026-03-25 09:48:55.663951+01	157	6
2307	Eny Bat 91105755 Innofoods	\N	5019713890	1	0	\N	\N	\N	2026-03-16 09:04:27.948499+01	2026-03-25 09:48:57.842098+01	157	6
2278	Sulwhaso tseverlegch+mask+serum4sh:(94003400)	\N	5120014953	1	0	\N	\N	\N	2026-03-16 06:43:10.452087+01	2026-03-20 07:10:35.53946+01	188	1
2689	88087237 MIST ХААНААС: 150000 ОТГОНСҮРЭН ДОНЛИГ	\N	3455187361	1	0	\N	\N	\N	2026-03-20 07:54:27.181209+01	2026-03-20 07:54:27.181229+01	163	4
2690	BADMAA BADMAA 99100668 MIST ХААНААС: 150000 БАДМААДОРЖ РАДНААСҮМБЭРЭЛ	\N	1105426480	2	0	\N	\N	\N	2026-03-20 07:54:27.19638+01	2026-03-20 07:54:27.196401+01	163	4
2724	Dr.G tos 89100667 minii erdene ХААНААС: 340000 ОТГОНМАА ПУНЦАГ	\N	104000826864	1	0	\N	\N	\N	2026-03-20 08:05:03.361792+01	2026-03-20 08:05:03.36181+01	230	4
2311	99123228 вактери	\N	5034422133	1	0	\N	\N	\N	2026-03-16 09:09:01.786439+01	2026-03-24 05:29:57.986852+01	113	6
2276	OYUN-ERDENEBAATAR, 88065216, NIKA SALE HAR 25 ХААНААС: 150000 ОЮУН-ЭРДЭНЭ ЭРДЭНЭБААТАР	\N	1205044770	1	0	ХУД 18-р хороо Гэрлүг Виста 58/4 - 14 давхарт 1403 тоот\n\nОрцны үүдэнд очоод 1403 руу залгаарай	\N	\N	2026-03-16 06:36:22.459504+01	2026-03-16 06:36:22.459524+01	183	4
2286	tsetsegtei 8 diz set, 20shirhegtei aygatawag	\N	5404800809	1	0	\N	\N	\N	2026-03-16 07:00:53.865224+01	2026-03-24 05:38:16.43864+01	195	6
2309	99314544  emegtei tursik  M saiz	\N	5055254784	1	0	\N	\N	\N	2026-03-16 09:06:01.822292+01	2026-03-16 09:06:01.822312+01	159	4
2298	Davaagerel Batbold 99108255 sulwhasoo mask	\N	5037171569	1	0	\N	\N	\N	2026-03-16 08:57:07.818473+01	2026-03-20 07:10:39.040964+01	188	1
2312	Лхагваа мөө 80048848 ohui нарны тос	\N	5003980579	1	0	\N	\N	\N	2026-03-16 09:11:03.784013+01	2026-03-16 09:11:03.784036+01	173	4
2313	EB -SE Azjargal 99351885 OHUI Нарны set ХААНААС: 040000 АЗЖАРГАЛ ЭРДЭНЭ-ОЧИР	\N	407185577	1	0	\N	\N	\N	2026-03-16 09:11:03.801301+01	2026-03-16 09:11:03.801319+01	173	4
2314	үүлэг үүлэг 90337700 ohui narnii tos	\N	5301662399	1	0	\N	\N	\N	2026-03-16 09:11:03.804569+01	2026-03-16 09:11:03.804584+01	173	4
2315	OHUI NARNII TOS SET 99731377 ZOLGEREL BAYRMONH ХААНААС: 150000 ЗОЛГЭРЭЛ БАЯРМӨНХ	\N	4385100634	1	0	\N	\N	\N	2026-03-16 09:11:03.809053+01	2026-03-16 09:11:03.809072+01	173	4
2316	Gal gerelee narnii tos ohui	\N	5046459487	1	0	\N	\N	\N	2026-03-16 09:11:03.816086+01	2026-03-16 09:11:03.816107+01	173	4
2317	shukitotsogt 99066634 ohui narni tos set	\N	5312887865	1	0	\N	\N	\N	2026-03-16 09:11:03.820411+01	2026-03-16 09:11:03.82043+01	173	4
2299	Eny Bat 91105755 Sulwhasoo mask	\N	5019713890	1	0	\N	\N	\N	2026-03-16 08:57:07.8293+01	2026-03-20 07:10:40.396185+01	188	1
2300	Zulaa Zul 99821180 untlagiin mask	\N	5006397414	1	0	\N	\N	\N	2026-03-16 08:57:07.836353+01	2026-03-20 07:10:42.012656+01	188	1
2301	Nyamsuren Baatarsuren 96568778 Sulwhasoo mask	\N	5085174959	1	0	\N	\N	\N	2026-03-16 08:57:07.843971+01	2026-03-20 07:10:43.295912+01	188	1
2302	Zulaa Zuzu Sleeping mask 88052465 99082465	\N	5007140274	1	0	\N	\N	\N	2026-03-16 08:57:07.848882+01	2026-03-20 07:10:45.087818+01	188	1
2303	TUKA TUKA 99553849 SULWHASO OVERNIGHT MASK ХААНААС: 150000 БҮЗМАА АЛТАНТУУЛ	\N	3695110914	1	0	\N	\N	\N	2026-03-16 08:57:07.853074+01	2026-03-20 07:10:46.448555+01	188	1
2310	EB -lhagvasuren battuya 99246558 SUM багц ХААНААС: 040000 БАТТУЯА ЛХАГВАСҮРЭН	\N	406079445	1	3600	\N	\N	\N	2026-03-16 09:07:26.665388+01	2026-03-25 10:34:20.528436+01	160	6
2284	Oyunaa ze 88106006 bone china vangog	\N	5020590996	1	0	\N	2026-03-26	\N	2026-03-16 07:00:36.674108+01	2026-03-26 08:11:38.886896+01	195	3
2306	99374377 шок самар цуглуулга	\N	5119016524	1	0	\N	2026-03-27	\N	2026-03-16 09:03:19.464052+01	2026-03-27 05:36:29.846286+01	157	3
2297	SULWASOO HOS TSEVERLEGCH 2, ZOLGEREL BAYRMONH 9973 ХААНААС: 150000 ЗОЛГЭРЭЛ БАЯРМӨНХ	\N	4385100634	2	0	\N	\N	\N	2026-03-16 08:55:48.377205+01	2026-03-27 05:36:31.282809+01	119	4
2296	85659585 geelee.geelee тосон болон гелин цэвэ	\N	5077148920	1	0	\N	\N	\N	2026-03-16 08:55:48.369747+01	2026-03-27 05:36:32.792671+01	119	4
2295	OdnooSo 88598787 sulwhasoo tsewrlegch	\N	5025503817	1	0	\N	\N	\N	2026-03-16 08:55:48.35957+01	2026-03-27 05:36:36.768439+01	119	4
2280	Sulwhaso tseverlegch+mask+serum4sh:(94003400)	\N	5120014953	1	0	\N	\N	\N	2026-03-16 06:44:10.192323+01	2026-03-27 05:36:40.130675+01	119	4
2320	OINBILEG MOONSHINE ADIDAS OIMS M ХААНААС: 150000 ОЙНБИЛЭГ НЭМЭХБАЯР	\N	5649062999	1	0	\N	\N	\N	2026-03-16 09:11:03.835536+01	2026-03-16 09:11:03.835554+01	173	4
2321	m.badmaarag 94003699 ohui set	\N	5062047316	1	0	\N	\N	\N	2026-03-16 09:11:03.84059+01	2026-03-16 09:11:03.840607+01	173	4
2322	86060604 OHuI Нарны тосны сет	\N	5058128462	1	0	\N	\N	\N	2026-03-16 09:11:03.843941+01	2026-03-16 09:11:03.843959+01	173	4
2323	BADAMTSETSEGTUMENSAIKAN 89363695 NARNII TOSNII SET ХААНААС: 150000 БАДАМЦЭЦЭГ ТҮМЭНСАЙХАН	\N	2015111558	1	0	\N	\N	\N	2026-03-16 09:11:03.847451+01	2026-03-16 09:11:03.847466+01	173	4
2324	Zulaa Zuzu Ohui Day Shield 88052465 99082465	\N	5007140274	1	0	\N	\N	\N	2026-03-16 09:11:03.852421+01	2026-03-16 09:11:03.852437+01	173	4
2325	Odnuka Munkh 80020230 Plum-kirkland	\N	5076004499	1	0	\N	\N	\N	2026-03-16 09:13:10.648324+01	2026-03-16 09:13:10.648344+01	169	4
2362	Munxsarnai chinbat 88055322 prime advancer pro 2sh ХААНААС: 320000 МӨНХСАРНАЙ ЧИНБАТ	\N	5001353373	2	0	\N	\N	\N	2026-03-16 10:43:40.123388+01	2026-03-20 07:27:24.255445+01	174	1
2361	94522227-ohui prime set	\N	5310032309	1	0	\N	\N	\N	2026-03-16 10:43:40.117149+01	2026-03-20 07:27:25.681117+01	174	1
2360	EB -OHui prime advanser pro Ooko Tegsh-eroolt 8808 ХААНААС: 040000 ОТГОНЖАРГАЛ ТЭГШ-ЕРӨӨЛТ	\N	409030754	1	0	\N	\N	\N	2026-03-16 10:43:40.110608+01	2026-03-20 07:27:26.880185+01	174	1
2358	Gal gerelee OHUI kom nuurnii	\N	5046459487	1	0	\N	\N	\N	2026-03-16 10:43:40.096184+01	2026-03-20 07:27:29.004816+01	174	1
2359	Zulaa Zul 99821180 ohui kom	\N	5006397414	1	0	\N	\N	\N	2026-03-16 10:43:40.105981+01	2026-03-20 07:27:30.429489+01	174	1
1903	dashdondog davaasuren ohui narnii tos ХААНААС: 340000 ДАВААСҮРЭН ДАШДОНДОГ	\N	103300619661	1	0	Схд, 19р хороо, 21р хороолол, үэ гудамж, 55а байр, 12р давхарт, 92 тоот. Орцны код: #2356	\N	\N	2026-03-14 10:45:51.517887+01	2026-03-14 10:45:51.517924+01	173	4
3407	Amgalan Suren 99026484 ohui kom	\N	5020625525	1	0	\N	\N	\N	2026-03-25 02:07:07.610295+01	2026-03-25 02:07:07.610314+01	259	4
2366	ZAYA ZAYA 80363188 O HUI COM ХААНААС: 150000 ОЮУНЗАЯА ЭРДЭНЭЭ	\N	4015123244	1	0	Эрдэнэт хот	\N	\N	2026-03-16 10:48:46.125993+01	2026-03-16 10:48:46.126013+01	199	4
2334	EB -Lhagvasuren Erdenesugar 99043335, Am zailagch ХААНААС: 040000 ЭРДЭНЭСУГАР ЛХАГВАСҮРЭН	\N	403166217	1	0	\N	\N	\N	2026-03-16 09:21:29.220456+01	2026-03-16 09:21:29.220478+01	198	4
2335	undrah uugii 90086699 am zailagch	\N	5029580719	1	0	\N	\N	\N	2026-03-16 09:21:29.228355+01	2026-03-16 09:21:29.22838+01	198	4
2336	88096017 E.J am zailagch 180sh	\N	5026467118	1	0	\N	\N	\N	2026-03-16 09:21:29.233969+01	2026-03-16 09:21:29.233991+01	198	4
2337	Zulaa Zuzu HimalayMouthwash 88052465 99082465	\N	5007140274	1	0	\N	\N	\N	2026-03-16 09:21:29.240282+01	2026-03-16 09:21:29.240305+01	198	4
2326	odonchimeg sodnompil 99091967 su:m37 mist	\N	5026560503	1	0	\N	\N	\N	2026-03-16 09:16:12.182623+01	2026-03-20 06:58:31.662971+01	163	1
2725	B.Oyun91096462DR.G хар эмгэн хумстай тос	\N	5076200449	1	0	\N	\N	\N	2026-03-20 08:05:03.366615+01	2026-03-20 08:05:03.366634+01	230	4
2342	EB -narmandakh mandakhaa 99296206 puma-230 ХААНААС: 040000 НАРМАНДАХ МӨНХӨӨ	\N	472084174	1	0	\N	\N	\N	2026-03-16 10:12:29.55136+01	2026-03-16 10:12:29.551382+01	192	4
2339	tenten vit. gando gr 99070212	\N	5270424322	1	0	\N	\N	\N	2026-03-16 09:23:04.525508+01	2026-03-25 09:33:20.461951+01	114	6
2327	tsoodol zolzaya 88900999 Su:m37 essense mist	\N	5015109201	1	0	\N	\N	\N	2026-03-16 09:16:12.193074+01	2026-03-20 06:58:33.809093+01	163	1
2328	EB -lhagvasuren battuya 99246558 SUM mist ХААНААС: 040000 БАТТУЯА ЛХАГВАСҮРЭН	\N	421105816	1	0	\N	\N	\N	2026-03-16 09:16:12.200036+01	2026-03-20 06:58:35.483329+01	163	1
2346	Puma tursik XL size 99252007 Ariuk ba	\N	5029178666	1	0	\N	\N	\N	2026-03-16 10:19:16.544227+01	2026-03-16 10:19:16.544249+01	158	4
2338	A.Deegii 99278960 himalaya pink mouthwash 1 ХААНААС: 340000 ДЭЛГЭРСҮРЭН АЛТАНХҮҮ	\N	108800094842	1	0	БГД 32-р хороо корей таун 2 45а байр 170 тоот	\N	\N	2026-03-16 09:21:29.246281+01	2026-03-16 09:21:29.246299+01	198	4
2351	Odnuka Munkh 80020230 Berry Fairy 2 ширхэг	\N	5076004499	2	0	\N	\N	\N	2026-03-16 10:27:01.743638+01	2026-03-23 11:25:35.01784+01	81	5
2349	X.БОЛОР-ЭРДЭНЭ 99177820 choco pie	\N	5062216944	1	0	\N	\N	\N	2026-03-16 10:22:44.780105+01	2026-03-16 10:22:44.780125+01	176	4
2341	Eny Bat 91105755 Su:m 37	\N	5019713890	2	3200	\N	\N	\N	2026-03-16 09:26:46.934388+01	2026-03-25 10:25:28.012968+01	154	1
2352	Gal gerelee nike235 ягаан кет	\N	5046459487	1	0	\N	\N	\N	2026-03-16 10:32:08.528993+01	2026-03-16 10:32:08.529015+01	183	4
2354	nike39sz,энхцэцэгхүрэлбаатар ,80640701	\N	5163485607	1	0	\N	\N	\N	2026-03-16 10:32:08.551576+01	2026-03-16 10:32:08.551595+01	183	4
3616	Tsetsgee tsetsegYogurt powdor 4-g 99182303	\N	5063739779	4	0	\N	\N	\N	2026-03-28 00:58:58.811879+01	2026-03-28 00:58:58.811919+01	290	4
2356	94522227-kirkland signature coffe	\N	5310032309	1	0	\N	\N	\N	2026-03-16 10:33:45.479323+01	2026-03-16 10:33:45.479346+01	196	4
3617	Alinaa Nyamjargal 2ш шейк	\N	5166211950	2	0	\N	\N	\N	2026-03-28 00:58:58.82328+01	2026-03-28 00:58:58.8233+01	290	4
2363	EB -Оюунжаргал мянгандаш 88020411 ohii age recover ХААНААС: 040000 ОЮУНЖАРГАЛ МЯНГАНДАШ	\N	495054157	1	0	\N	\N	\N	2026-03-16 10:48:46.091599+01	2026-03-16 10:48:46.091618+01	199	4
2364	OCHIR NARAA 99074285, OHIU SET ХААНААС: 150000 НАРАНДЭЛГЭР ОЧИРВААНЬ	\N	3155123272	1	0	\N	\N	\N	2026-03-16 10:48:46.106612+01	2026-03-16 10:48:46.106633+01	199	4
2365	EB -Lhagvasuren Erdenesugar 99043335, OHUI kom ХААНААС: 040000 ЭРДЭНЭСУГАР ЛХАГВАСҮРЭН	\N	403166217	1	0	\N	\N	\N	2026-03-16 10:48:46.11277+01	2026-03-16 10:48:46.112791+01	199	4
2367	Ж.БУЯНХИШИГ УТАС:98022229 OHUI PURPLE KOM ХААНААС: 150000 БУЯНХИШИГ ЖАМЪЯНМЯДАГ	\N	6265102453	1	0	\N	\N	\N	2026-03-16 10:48:46.136845+01	2026-03-16 10:48:46.136866+01	199	4
2369	туяа бойпор 99300645 ohui age recovery set	\N	5029899565	1	0	\N	\N	\N	2026-03-16 10:48:46.156543+01	2026-03-16 10:48:46.156563+01	199	4
2330	OtgontserenAgvaandorj88059499sum mist	\N	5753274060	1	0	\N	\N	\N	2026-03-16 09:16:12.214072+01	2026-03-20 06:58:39.403211+01	163	1
2329	bolormaabolor 94247070 su:m 37 mist	\N	5026151273	1	0	Баянгол дүүрэг 17 хороо элиганс тоун 44с байр 9 давхар 43 тоот	\N	\N	2026-03-16 09:16:12.207415+01	2026-03-20 06:58:37.308067+01	163	1
2331	Nyamsuren Baatarsuren 9656 8778 Ohui shampoo	\N	5306070135	1	0	\N	\N	\N	2026-03-16 09:18:32.480375+01	2026-03-20 07:04:07.479846+01	170	1
2332	Zulaa Zuzu Ohui Shampoo 88052465 99082465	\N	5007140274	1	0	\N	\N	\N	2026-03-16 09:18:32.501047+01	2026-03-20 07:04:09.388437+01	170	1
2347	EB -Ganchimeg OM 89980513 blackmores omega ХААНААС: 040000 ГАНЧИМЭГ МЯНГАНБАЯР	\N	401067528	1	0	\N	\N	\N	2026-03-16 10:21:22.761947+01	2026-03-20 07:07:28.321029+01	181	1
2348	OINBILEG MOONSHINE BLACKMORES ХААНААС: 150000 ОЙНБИЛЭГ НЭМЭХБАЯР	\N	5649062999	1	0	\N	\N	\N	2026-03-16 10:21:22.769196+01	2026-03-20 07:07:30.624954+01	181	1
2370	BUYANJARGAL SUKHBAATAR 99699909 OHUI KOM ХААНААС: 150000 БУЯНЖАРГАЛ СҮХБААТАР	\N	1235107256	1	0	\N	\N	\N	2026-03-16 10:48:46.161509+01	2026-03-16 10:48:46.16153+01	199	4
2372	94522227-ohui age recovery set	\N	5310032309	1	0	\N	\N	\N	2026-03-16 10:48:46.172015+01	2026-03-16 10:48:46.172037+01	199	4
2373	jargaa batbayar 99025246 age recovercy set 2ш	\N	5131011199	2	0	\N	\N	\N	2026-03-16 10:48:46.179497+01	2026-03-16 10:48:46.179516+01	199	4
2383	EB -sum sprei ohui shamp 99123228 vitamin ХААНААС: 040000 АЗЗАЯА ЛХАГВАСҮРЭН	\N	405120050	1	0	\N	\N	\N	2026-03-16 13:08:34.714846+01	2026-03-20 06:58:40.765988+01	163	1
2399	nj jargal nature.r cusion	\N	5570031952	1	0	\N	2026-03-24	\N	2026-03-17 23:50:00.113476+01	2026-03-24 08:29:50.92704+01	200	3
2377	Suvd Mer 89041089 stanley 2 in 1 tereg ХААНААС: 320000 АЛТАНСУВД БОЛОР	\N	5005482212	1	0	\N	\N	\N	2026-03-16 10:57:05.228576+01	2026-03-16 10:57:05.228596+01	197	4
2379	gansukh tumurkhuu 99723396 narnii tos, shampo	\N	5800020996	1	0	\N	\N	\N	2026-03-16 12:42:15.283841+01	2026-03-20 07:04:11.241437+01	170	1
2381	gansukh tumurkhuu 99723396 narnii tos, shampo	\N	5800020996	2	0	\N	\N	\N	2026-03-16 12:45:12.370225+01	2026-03-16 12:45:12.370268+01	173	4
2411	80081988 Gerel Gerlee cushion	\N	5420488720	1	0	Сүхбаатар дүүрэг 10-р хороо 30б байр 13тоот	\N	2026-03-24	2026-03-17 23:50:00.185965+01	2026-03-24 09:27:33.501221+01	200	2
2412	EB -tsetsegzul dalankhoyor 99031718 cution ХААНААС: 040000 ЦЭЦЭГЗУЛ ДАЛАНХОЁР	\N	455043912	1	0	\N	\N	2026-03-20	2026-03-17 23:50:00.194372+01	2026-03-20 09:02:47.683605+01	200	2
2382	EB -sum sprei ohui shamp 99123228 vitamin ХААНААС: 040000 АЗЗАЯА ЛХАГВАСҮРЭН	\N	405120050	1	0	\N	\N	\N	2026-03-16 13:08:20.10443+01	2026-03-20 07:04:13.297521+01	170	1
2413	Цэрмаа Бямба 99648520 Nature Republic Cushion	\N	5037530279	1	0	\N	\N	\N	2026-03-17 23:50:00.202787+01	2026-03-27 06:16:36.175483+01	200	3
1988	badam b 88662267 xxl tursik	\N	5592086464	1	0	Баянгол дүүрэг 17р хороо 38а 1202 тоот	\N	\N	2026-03-15 12:13:02.338296+01	2026-03-15 12:13:02.338316+01	158	4
2344	bolormaabolor 94247070ohui нар тос шөнө маск	\N	5026151273	1	0	Баянгол дүүрэг 17 хороо элиганс тоун 44с байр 9 давхар 43 тоот	\N	\N	2026-03-16 10:15:41.543861+01	2026-03-16 10:15:41.543888+01	173	4
2402	Dashravdan Enkhjargal99060641.NaRecusion	\N	5890689702	1	0	\N	\N	2026-03-20	2026-03-17 23:50:00.128386+01	2026-03-20 10:23:53.251156+01	200	2
2388	NANDINTSETSEG VA 98102433 ESSENCE CUSHION ХААНААС: 150000 НАНДИНЦЭЦЭГ ВАНЧИНСҮРЭН	\N	1909147813	1	0	Бгд 11 р хороо очир хотхон 78А байр 2 р орц 403\n98102433\nОрц код:37түлхүүр 3859	2026-03-24	\N	2026-03-17 23:50:00.030801+01	2026-03-24 09:45:36.963539+01	200	2
2410	Ц.ОЮУН-ЭРДЭНЭ 99002551 CUSHION NATURE ХААНААС: 150000 ОЮУН-ЭРДЭНЭ ЦАГААНБАНДИ	\N	4305208889	1	0	\N	\N	\N	2026-03-17 23:50:00.175206+01	2026-03-27 06:16:40.386643+01	200	2
2374	munguu bvrneebaatar 93292828 omega3 4sh	\N	5018145690	4	0	\N	\N	\N	2026-03-16 10:51:56.255131+01	2026-03-20 07:07:32.42161+01	181	1
2380	gansukh tumurkhuu 99723396 narnii tos, shampo	\N	5800020996	2	0	\N	\N	\N	2026-03-16 12:43:46.990563+01	2026-03-20 07:10:50.465549+01	188	1
2409	Б.Гоо 99905399 Nature republic cusion	\N	5034424968	1	0	\N	\N	\N	2026-03-17 23:50:00.171442+01	2026-03-27 06:16:43.432593+01	200	3
3408	ohui kom soko dorjgochoo 99087672	\N	5753213948	1	0	\N	\N	\N	2026-03-25 02:07:07.613952+01	2026-03-25 02:07:07.613971+01	259	4
2384	EB -sum sprei ohui shamp 99123228 vitamin ХААНААС: 040000 АЗЗАЯА ЛХАГВАСҮРЭН	\N	405120050	1	0	\N	\N	\N	2026-03-16 13:10:08.908464+01	2026-03-25 09:33:10.02958+01	114	6
2408	uuya bla 85186930 cusion	\N	5070508662	1	0	\N	\N	\N	2026-03-17 23:50:00.166252+01	2026-03-27 06:17:00.74981+01	200	3
2403	nature republic 21 nomer Munkhjargal Gombodor	\N	5058216972	1	0	\N	\N	\N	2026-03-17 23:50:00.136391+01	2026-03-27 06:17:25.409855+01	200	3
2400	SUUGII BYAMBASUREN 99291831 CUITION ХААНААС: 150000 ТЭНГИС БАЯНБАТ	\N	1405002740	1	0	\N	\N	\N	2026-03-17 23:50:00.118055+01	2026-03-27 06:17:35.655879+01	200	2
2414	Ohi ochirbat,97000066,A/hereglel	\N	5163094656	1	0	\N	\N	\N	2026-03-17 23:50:19.615417+01	2026-03-17 23:50:19.615458+01	151	5
2405	99032316 cushion	\N	5102033808	1	0	\N	2026-03-21	\N	2026-03-17 23:50:00.146802+01	2026-03-21 05:31:45.461549+01	200	3
2390	nature rep essence cusion 96082100 D.Hulan	\N	5001466338	1	0	\N	2026-03-17	\N	2026-03-17 23:50:00.040605+01	2026-03-18 09:58:35.903353+01	200	3
2401	Dairiihvv Dairii 99230709 Cusion	\N	5133169302	1	0	\N	2026-03-19	\N	2026-03-17 23:50:00.123044+01	2026-03-19 04:55:07.565847+01	200	3
2398	OYUN-ERDENE ERDENEBAATAR, 88065216, NATURE REPUBLI ХААНААС: 150000 ОЮУН-ЭРДЭНЭ ЭРДЭНЭБААТАР	\N	3005109720	1	0	\N	\N	\N	2026-03-17 23:50:00.103203+01	2026-03-27 06:17:39.380571+01	200	3
2396	EB -cuision nature republic 99865959 bilgee mb ХААНААС: 040000 МӨНХБИЛЭГ САЙНБИЛЭГ	\N	470002875	1	0	\N	\N	\N	2026-03-17 23:50:00.081899+01	2026-03-27 06:18:02.861917+01	200	3
2376	zolzaya baasandorj 99115563 buurtsag tos 2	\N	5030206330	2	0	\N	\N	\N	2026-03-16 10:54:55.874577+01	2026-03-24 05:24:25.852918+01	94	6
2389	Khish Gene 91919606 NP cusion	\N	5108096794	1	0	\N	\N	\N	2026-03-17 23:50:00.035206+01	2026-03-27 06:18:44.013996+01	200	3
2407	cusion21 dlg tselteng 99978587	\N	5727362277	1	0	\N	2026-03-26	\N	2026-03-17 23:50:00.159806+01	2026-03-26 04:51:27.430441+01	200	3
2395	Өлзий Өлзий	\N	5039504145	1	0	\N	\N	\N	2026-03-17 23:50:00.07579+01	2026-03-27 06:18:07.513484+01	200	3
2394	EB -89078220_boloro bolochko_cushion NR 3set ХААНААС: 040000 БОЛОРМАА ӨРГӨМӨЛ	\N	436006545	1	0	\N	\N	\N	2026-03-17 23:50:00.065755+01	2026-03-27 06:18:17.744984+01	200	3
2393	TUNGA TUNGA 88104429 CUSION ZAPASTAI ХААНААС: 390000 СЭР-ОД НАРАНТУНГАЛАГ	\N	8000440701	1	0	\N	\N	\N	2026-03-17 23:50:00.055273+01	2026-03-27 06:18:25.030291+01	200	3
2385	OTTO PEARL 99000096 NP CUSION ХААНААС: 150000 ЖАМЪЯН ОЙДОВ	\N	3405104928	1	0	\N	\N	\N	2026-03-17 23:50:00.01018+01	2026-03-27 06:18:32.377212+01	200	3
2387	г.одгэрэл 99391551 naturerepublic cusion	\N	5001213525	1	0	Бгд 6-р хороо 10-р хороолол 43а байр 2-р орц 29тоот 3давхарт #2188 мт колонкын хойно баялаг хотхоны ард 5давхар ягаан балконтой байр	\N	\N	2026-03-17 23:50:00.026299+01	2026-03-27 06:18:39.001504+01	200	2
2392	AMGALAN MUNKHTUYA 99077114 NATURAL REPUBLIC CUSION ХААНААС: 150000 МӨНХТУЯА АМГАЛАН	\N	3625100577	2	0	\N	\N	\N	2026-03-17 23:50:00.048647+01	2026-03-27 06:18:48.482163+01	200	3
3618	ц.төрөө 99104230 саарал gvzee dotortoiL size	\N	5306873451	1	0	\N	\N	\N	2026-03-28 01:04:59.311102+01	2026-03-28 01:04:59.31114+01	304	4
3619	Saaral L nike hoodie 88081797 Ariunzaya ХААНААС: 320000 АРИУНЗАЯА ДАНЖИН	\N	5001061615	1	0	\N	\N	\N	2026-03-28 01:04:59.316833+01	2026-03-28 01:04:59.31685+01	304	4
3629	HALIUNAA BAT 80888840 ORGANIC NUT 3 SHIRHEG ХААНААС: 150000 ХАЛИУНАА БАТЗОРИГ	\N	4715101784	3	0	\N	\N	\N	2026-03-28 01:23:00.734328+01	2026-03-28 01:23:00.734349+01	157	4
2397	Zulaa Zuzu NR cusion 88052465 99082465	\N	5007140274	1	0	\N	2026-03-28	\N	2026-03-17 23:50:00.089174+01	2026-03-28 11:45:09.527804+01	200	3
2371	Мөөгий Б. 89920434 ohui age recovery set	\N	5026610159	1	0	\N	2026-03-30	\N	2026-03-16 10:48:46.166262+01	2026-03-30 06:56:24.464944+02	199	3
2415	Gal gerelee ariun tseber hegeglel	\N	5046459487	1	0	\N	\N	\N	2026-03-17 23:50:19.635499+01	2026-03-17 23:50:19.635522+01	151	5
2419	vit c серум х.мийгаа 91240411	\N	5990562760	1	0	\N	\N	\N	2026-03-17 23:50:31.996658+01	2026-03-17 23:50:31.996735+01	149	5
2421	88040198 triko sara bts	\N	5040020206	1	0	\N	\N	\N	2026-03-17 23:51:30.253766+01	2026-03-17 23:51:30.253787+01	152	5
2424	bolortuya boloro99036928pad 4sh	\N	5031186174	4	0	\N	2026-03-06	\N	2026-03-17 23:52:11.088896+01	2026-03-27 05:51:17.302077+01	144	3
2433	пад 2ш х.мийгаа 91240411	\N	5990562760	2	0	\N	\N	\N	2026-03-17 23:52:11.154938+01	2026-03-17 23:52:11.154953+01	144	5
2425	EB -Uyanga btogtokh 99362937 пад 3хайрцаг ХААНААС: 040000 УЯНГА БАЛДАНТОГТОХ	\N	407220393	3	0	\N	2026-03-12	\N	2026-03-17 23:52:11.103518+01	2026-03-27 05:52:29.747982+01	144	3
2432	CLEANSING PAD 2Ш. ЖАРГАЛ ЖАРГАЛ. 89927899 ХААНААС: 150000 ЖАРГАЛ БАЯРАА	\N	1105417927	2	0	\N	2026-03-24	\N	2026-03-17 23:52:11.150333+01	2026-03-24 09:21:32.776181+01	144	3
2436	Gal gerelee shoniin tos	\N	5046459487	1	0	\N	\N	\N	2026-03-17 23:52:59.615073+01	2026-03-17 23:52:59.61513+01	148	5
2437	80003025 hvrel otgonzaya tos	\N	5926111396	1	0	\N	\N	\N	2026-03-17 23:52:59.620989+01	2026-03-17 23:52:59.621005+01	148	5
2439	EB -batdelger oyunbileg 89110608 huluuniibzutan ХААНААС: 040000 ОЮУНБИЛЭГ БАТДЭЛГЭР	\N	460143844	1	0	\N	\N	\N	2026-03-17 23:59:10.262874+01	2026-03-17 23:59:10.262898+01	201	5
2440	Ch Tunga 99183541 хулуу жүүс	\N	5075048100	1	0	\N	\N	\N	2026-03-17 23:59:10.270007+01	2026-03-17 23:59:10.270024+01	201	5
2442	Huluunii undaa.(94003400)-Anar korea shop-s	\N	5120014953	1	0	\N	\N	\N	2026-03-17 23:59:10.279386+01	2026-03-17 23:59:10.279404+01	201	5
2445	otgoo dorj, 99362048, anua	\N	5091162378	1	0	\N	\N	\N	2026-03-18 00:22:57.848298+01	2026-03-18 00:22:57.848316+01	203	5
2446	99013902 anua set	\N	5042069808	1	0	\N	\N	\N	2026-03-18 00:22:57.855002+01	2026-03-18 00:22:57.855022+01	203	5
2447	80003025anua com hvrel otgonzaya	\N	5926111396	1	0	\N	\N	\N	2026-03-18 00:22:57.859027+01	2026-03-18 00:22:57.859056+01	203	5
2448	AmkaChuluun 94066667 Anua	\N	5034139404	1	0	\N	\N	\N	2026-03-18 00:22:57.864765+01	2026-03-18 00:22:57.864785+01	203	5
2449	Bblss Mk 91052811 Anua set 2shirhg	\N	5753546751	2	0	\N	\N	\N	2026-03-18 00:22:57.870232+01	2026-03-18 00:22:57.870252+01	203	5
2418	norjinsuren bold 99257218 Anua ViTC&VitE ХААНААС: 340000 НОРЖИНСҮРЭН БОЛД	\N	102900299998	1	0	\N	2026-03-21	\N	2026-03-17 23:50:31.992252+01	2026-03-21 10:59:32.130839+01	149	3
2434	cherry pad 88038325 Энхсайхан Сайханаа ХААНААС: 300000 ЭНХСАЙХАН ЭСЭРВААНЬ	\N	3016050144	1	0	Вогзалаас Замын-Үүдийн унаанд тавиулна 88038325	2026-03-24	\N	2026-03-17 23:52:11.159668+01	2026-03-24 09:37:36.061087+01	144	2
2420	anua serum-C 88038325 энхсайхан сайханаа ХААНААС: 300000 ЭНХСАЙХАН ЭСЭРВААНЬ	\N	3016050144	1	0	Вогзалаас Замын-Үүдийн унаанд тавиулна 88038325	2026-03-24	\N	2026-03-17 23:50:32.00156+01	2026-03-24 09:37:38.806973+01	149	2
2431	Yumjir Batsuren 99106968 Pad 2sh	\N	5133251786	2	0	ХУД 18р хороо Хүннү 2222плас хотхон 205р байр 2р орц 18 давхарт 1803тоот. Утас:99106968	2026-03-24	\N	2026-03-17 23:52:11.144958+01	2026-03-24 09:45:52.48196+01	144	2
2423	Brave SP 99956622 pad ХААНААС: 320000 СУМЪЯАМЯГМАР БЯМБАСҮРЭН	\N	5003764707	1	0	\N	2026-03-06	\N	2026-03-17 23:52:11.075354+01	2026-03-27 05:53:01.009527+01	144	3
2426	UnurjargalUnuruu,99075889,pad	\N	5012036108	5	0	\N	2026-03-14	\N	2026-03-17 23:52:11.117133+01	2026-03-27 05:53:28.388367+01	144	3
2240	odgerel myagmar 96666255 maxim	\N	5057661174	1	0	\N	\N	\N	2026-03-16 05:21:27.639288+01	2026-03-25 09:31:54.418003+01	138	1
2428	80003025hvrel otgonzaya юу	\N	5926111396	1	0	\N	2026-03-09	\N	2026-03-17 23:52:11.131448+01	2026-03-27 05:54:57.534507+01	144	2
2404	Nyamjav Dariimaa 99224521 Nature republic cus	\N	5041023127	2	0	Сүхбаатар аймгийн төв Баруун-Урт сум руу тэнгэр плазагаас таксинд хийлгэе. Cushion, Sulwassoo hos tsugt ni awna shuu utas: 99224521	\N	\N	2026-03-17 23:50:00.142535+01	2026-03-27 06:17:13.943848+01	200	2
2465	Gal gerelee like toner sirum	\N	5046459487	1	0	\N	\N	\N	2026-03-18 01:00:21.298654+01	2026-03-18 01:00:21.298673+01	145	5
2427	EB -Э.Золзаяа, 91101116, good night pad ХААНААС: 040000 ЗОЛЗАЯА ЭРДЭНЭХҮҮ	\N	410027881	1	0	\N	2026-03-24	\N	2026-03-17 23:52:11.125328+01	2026-03-27 05:55:40.40372+01	144	2
2451	EB -zolzaya davaasuren, 95598928, anua 2sh. ХААНААС: 040000 ЗОЛЗАЯА ДАВААСҮРЭН	\N	468063401	2	0	\N	\N	\N	2026-03-18 00:22:57.883167+01	2026-03-18 01:20:42.573417+01	203	4
2452	88031598 Anua	\N	5753814778	1	0	\N	\N	\N	2026-03-18 00:22:57.889558+01	2026-03-18 01:20:44.972462+01	203	4
2453	Narangerel99272500anua set ХААНААС: 320000 НАРАНГЭРЭЛ ГАЯСҮРЭН	\N	5005669652	1	0	\N	\N	\N	2026-03-18 00:22:57.892461+01	2026-03-18 01:20:47.350801+01	203	4
2456	П.Ариунаа 89019791 ( anua set) ХААНААС: 340000 АРИУНЖАРГАЛ ПҮРЭВЖАВ	\N	105201882139	1	0	\N	\N	\N	2026-03-18 00:22:57.909577+01	2026-03-18 01:20:54.296614+01	203	4
2458	anua set 95784041 м.лхагвасүрэн	\N	5465027018	1	0	\N	\N	\N	2026-03-18 00:22:57.946855+01	2026-03-18 01:20:58.484039+01	203	4
2429	MM:88012883 ariuka ariuka cheery cleansing pad 4sh ХААНААС: 210000 АРИУНЧИМЭГ МӨНХБАТ	\N	2103013375	4	0	\N	2026-03-20	\N	2026-03-17 23:52:11.135243+01	2026-03-27 05:56:12.488047+01	144	2
2461	88070594 anua set ХААНААС: 320000 ДУЛАМСҮРЭН БАЯРМАГНАЙ	\N	5005632565	1	0	\N	\N	\N	2026-03-18 00:22:57.970319+01	2026-03-18 01:21:04.670226+01	203	4
2444	99149615 anua	\N	5030350996	1	0	\N	2026-03-27	\N	2026-03-18 00:22:57.836276+01	2026-03-27 11:12:59.848816+01	203	3
2464	tariatai mask 95259970	\N	5026671724	1	0	\N	2026-03-05	\N	2026-03-18 00:25:52.950977+01	2026-03-19 03:38:51.969017+01	204	3
2566	am zailagch 88228991	\N	5910036298	1	0	\N	\N	\N	2026-03-19 05:31:56.65198+01	2026-03-19 05:31:56.652001+01	198	4
2567	Tsoojoo tsooj 88220589 haleys bags set	\N	5313270998	1	0	\N	\N	\N	2026-03-19 05:33:18.164614+01	2026-03-19 05:33:18.164637+01	213	4
2417	anua vitc 20 99045411	\N	5120191999	1	0	Erdenet 99045411	\N	\N	2026-03-17 23:50:31.98665+01	2026-03-17 23:50:31.986668+01	149	5
2450	ANUA 77-2sh 99045411	\N	5120191999	2	0	Erdenet 99045411	\N	\N	2026-03-18 00:22:57.874986+01	2026-03-18 01:20:40.306212+01	203	4
2422	Zulaa Zuzu Jmella Mask 2sh 88052465 99082465	\N	5007140274	2	0	\N	2026-03-28	\N	2026-03-17 23:51:50.75712+01	2026-03-28 11:45:21.622168+01	150	3
3620	Nike har huudie Xl 99086583 tsolmon	\N	5622624278	1	0	СБД хороо Улаанбаатар их дэлгүүр 5давхарт Nero giardini тасагт	\N	\N	2026-03-28 01:06:48.975356+01	2026-03-28 01:06:48.975378+01	305	4
2462	EB -anua set 99762428 gantuya nasantogtoh ХААНААС: 040000 ГАНТУЯА НАСАНТОГТОХ	\N	467012303	1	0	\N	\N	\N	2026-03-18 00:22:57.995894+01	2026-03-18 01:21:07.121594+01	203	4
2486	86610066, purevjav battsetseg serum ХААНААС: 320000 БАТЦЭЦЭГ ПҮРЭВЖАВ	\N	5001791854	1	0	\N	\N	\N	2026-03-19 04:39:33.072049+01	2026-03-20 06:47:48.152364+01	153	1
2467	enkhjargal joy 881-16582 buurtsagnii tos 54500.lacto 77000. anua 2	\N	5007959995	2	0	\N	\N	\N	2026-03-18 01:24:10.501259+01	2026-03-18 01:24:16.761951+01	203	4
2477	Osor Batsuuri	\N	5037387852	5	0	\N	\N	\N	2026-03-18 02:56:04.525952+01	2026-03-27 06:00:27.29406+01	153	1
2476	Osor Batsuuri	\N	5037387852	5	0	\N	\N	\N	2026-03-18 02:55:32.612778+01	2026-03-27 06:01:02.984416+01	188	1
2471	er tursik 2 xl 99291831	\N	5005476874	1	0	\N	\N	\N	2026-03-18 02:24:33.576957+01	2026-03-18 02:24:33.576983+01	158	4
2472	puma 240,245 99291831	\N	5005476874	2	0	\N	\N	\N	2026-03-18 02:26:03.910396+01	2026-03-18 02:26:03.910416+01	192	4
2485	ENKHJARGAL JAGAA 88115183 SERUM ХААНААС: 150000 ЭНХЖАРГАЛ БАДАРЧ	\N	3055198899	1	0	\N	\N	\N	2026-03-19 04:39:33.048559+01	2026-03-20 06:47:50.060758+01	153	1
1700	Byambaa Shagdarsuren  99120193 Elle турсик L	\N	5064202418	1	0	Бзд 2-р хороо Эрдэм хотхон 10в байр 60тоот	\N	\N	2026-03-12 12:07:49.568855+01	2026-03-12 12:07:49.568876+01	159	4
2502	tseegiitsenka 99968844 ohui com	\N	5749363207	1	0	bgd. Tomor zamiin deed surguuliin zvvn taliin gan zam bair 50a bairnii 7dawhart 43toot	\N	\N	2026-03-19 04:54:57.385634+01	2026-03-19 04:54:57.385652+01	199	4
2474	uuya bla 85186930 2 serum	\N	5070508662	2	0	\N	\N	\N	2026-03-18 02:39:26.65247+01	2026-03-20 06:47:53.673558+01	153	1
3555	Delguurt Salat amtlagch	\N	5044019334	8	0	\N	\N	\N	2026-03-27 06:24:45.257768+01	2026-03-27 06:24:54.365051+01	105	4
2480	tselmuun battsengel mask	\N	5011331525	1	0	\N	\N	\N	2026-03-18 03:11:32.143568+01	2026-03-18 03:11:32.143587+01	178	4
2481	kom х.мийгаа 91240411	\N	5990562760	1	0	\N	\N	\N	2026-03-18 03:12:15.159676+01	2026-03-18 03:12:15.159751+01	145	4
3023	DR.G ХАР ЭМГЭН ХУМСТАЙ ТОС ХААНААС: 150000 МАРАЛ ҮНЭНБАТ	\N	1305119683	1	0	Хан-уул дүүрэг 11-р хороо зайсан Сүлд хотхон 100/7 байр 7 давхар 34 тоот 98118885	\N	\N	2026-03-21 17:30:15.459049+01	2026-03-21 17:30:15.459067+01	230	4
3621	G.Mandakhnar nike hoodie grey2XL 3 sh har 1	\N	5029909982	3	0	\N	\N	\N	2026-03-28 01:10:01.415122+01	2026-03-28 01:10:01.415139+01	306	4
2391	Нарангоо П. 88079407 nature cushion 2 sh	\N	5055276060	2	0	\N	\N	\N	2026-03-17 23:50:00.044516+01	2026-03-18 07:03:27.174442+01	200	2
2470	uuya bla 85186930 2 serum	\N	5070508662	2	0	\N	\N	\N	2026-03-18 02:22:09.928953+01	2026-03-20 06:47:55.202948+01	153	1
1886	НарангооП. 88079407 ohui narnii tos	\N	5055276060	1	0	\N	\N	\N	2026-03-14 10:45:51.41428+01	2026-03-18 07:06:02.755525+01	173	4
3630	Delguurt Organic Nut 	\N	5044019334	5	0	\N	\N	\N	2026-03-28 01:26:36.508855+01	2026-03-28 01:26:43.974494+01	157	4
1670	Бат-өлзий Мөнхзаяа 99628444 pouch set	\N	5022858718	1	0	Баянгол дүүрэг хорооллын эцэс 29р байр 7р орц 218 тоот 99628444	\N	\N	2026-03-12 11:27:24.034871+01	2026-03-20 06:51:58.053003+01	155	1
2469	Davkaa eegii88068963 THE WOO 2r shirheg	\N	5087219822	2	0	\N	\N	\N	2026-03-18 02:19:14.349961+01	2026-03-20 06:53:46.088631+01	155	1
2484	bolor naranchimeg 99196973 sulwhasoo set 2	\N	5037020371	2	0	\N	\N	\N	2026-03-19 04:37:29.678752+01	2026-03-27 05:36:21.231635+01	119	4
2483	bachiko batsukh 88129322 sulwhasoo gel oil 2	\N	5034254676	1	0	\N	\N	\N	2026-03-19 04:37:29.672285+01	2026-03-27 05:36:24.084568+01	119	4
3632	Tsagaansuvd 88084215 Aveeno lotion nogoon ХААНААС: 340000 ЦАГААН СУВД	\N	104800465508	1	0	\N	\N	\N	2026-03-28 01:38:15.953875+01	2026-03-28 01:38:15.953898+01	310	4
3633	AVEENO LOTION- DOLGORMAA 99897099 ХААНААС: 150000 ДОЛГОРМАА ТҮВШИНЖАРГАЛ	\N	3009295006	1	0	\N	\N	\N	2026-03-28 01:38:15.964738+01	2026-03-28 01:38:15.964756+01	310	4
3634	nyamka bathuyag 89110478 Aveeno lotion	\N	5311459159	1	0	\N	\N	\N	2026-03-28 01:38:15.968678+01	2026-03-28 01:38:15.968697+01	310	4
3635	Aveeno lotion	\N	5316045154	1	0	\N	\N	\N	2026-03-28 01:38:15.974081+01	2026-03-28 01:38:15.974099+01	310	4
2491	E.Urelmaa 86036988 ohui sun set	\N	5070176850	1	0	\N	\N	\N	2026-03-19 04:49:11.526112+01	2026-03-19 04:49:11.526139+01	173	4
2492	BYAMBASUH TSETSGEE 95669966 НАРНЫ ТОС  СЭТ ХААНААС: 150000 ЦЭЦГЭЭ БЯМБАСҮХ	\N	4605118156	1	0	\N	\N	\N	2026-03-19 04:49:11.549707+01	2026-03-19 04:49:11.549727+01	173	4
2493	85186930 uuya bla narnii tos	\N	5070508662	1	0	\N	\N	\N	2026-03-19 04:49:11.559642+01	2026-03-19 04:49:11.559664+01	173	4
2494	ohui narnitos vandan bolortsetse	\N	5890491665	1	0	\N	\N	\N	2026-03-19 04:49:11.566272+01	2026-03-19 04:49:11.56629+01	173	4
2495	Chintuya Tsogtjargal 99082063 Sun cream set	\N	5077226864	1	0	\N	\N	\N	2026-03-19 04:49:11.572036+01	2026-03-19 04:49:11.572054+01	173	4
2496	Tsagaansuvd 88144818 Ohui narni tos	\N	5070149340	1	0	\N	\N	\N	2026-03-19 04:49:11.579031+01	2026-03-19 04:49:11.579051+01	173	4
2497	соло солонго 88077970 ohui narnii tos ХААНААС: 190000 СОЛОНГО БАТ-ЭРДЭНЭ	\N	9070003961	1	0	\N	\N	\N	2026-03-19 04:49:11.583973+01	2026-03-19 04:49:11.583991+01	173	4
2498	duuree amar 99041016 ohui narnii tos set	\N	5212154411	1	0	\N	\N	\N	2026-03-19 04:49:11.596449+01	2026-03-19 04:49:11.596468+01	173	4
2499	tsoojoo tsooj 88220589 ohui day shield sun	\N	5035244373	1	0	\N	\N	\N	2026-03-19 04:49:11.603149+01	2026-03-19 04:49:11.603168+01	173	4
2500	E.Urelmaa 86036988 Ohui age rec	\N	5070176850	1	0	\N	\N	\N	2026-03-19 04:54:57.37303+01	2026-03-19 04:54:57.373175+01	199	4
2501	OHUI HUH KOM 89494411 BAAGII2 ХААНААС: 150000 БАДАМЦЭЦЭГ ЦОГТНАРАН	\N	1165173166	1	0	\N	\N	\N	2026-03-19 04:54:57.382569+01	2026-03-19 04:54:57.382589+01	199	4
2503	ohui kom tsegts 95402885	\N	5084049339	1	0	\N	\N	\N	2026-03-19 04:54:57.392145+01	2026-03-19 04:54:57.392879+01	199	4
2504	EB -Oyuntuya Enkhtuya 99994457 ohui age recovery ХААНААС: 040000 ОЮУНТУЯА ЭНХТУЯА	\N	456096888	1	0	\N	\N	\N	2026-03-19 04:54:57.398157+01	2026-03-19 04:54:57.39818+01	199	4
2505	Б.Тунгаа 80077283 ohiu set age recovery	\N	5175083639	1	0	\N	\N	\N	2026-03-19 04:54:57.402075+01	2026-03-19 04:54:57.402093+01	199	4
2506	sum kom vandan bolortsetseg	\N	5890491665	1	0	\N	\N	\N	2026-03-19 04:58:26.559533+01	2026-03-19 04:58:26.559555+01	206	4
2507	Zaya khr 94015600 Sum37 set ХААНААС: 340000 МАРАЛ-ҮЖИН ОЮУНБОЛД	\N	100100206620	1	0	\N	\N	\N	2026-03-19 04:58:26.570112+01	2026-03-19 04:58:26.570133+01	206	4
2508	99007006. B.Burtgeljin Sum 37	\N	5028465062	1	0	\N	\N	\N	2026-03-19 04:58:26.579547+01	2026-03-19 04:58:26.57957+01	206	4
2509	EB -Tumurbaatar Bolortuya 80851890 Time energy spe ХААНААС: 040000 БОЛОРТУЯА ТӨМӨРБААТАР	\N	434012569	1	0	\N	\N	\N	2026-03-19 04:58:26.588712+01	2026-03-19 04:58:26.588727+01	206	4
2510	86060604 Аагий Аня Sum 37	\N	5307176459	1	0	\N	\N	\N	2026-03-19 04:58:26.594441+01	2026-03-19 04:58:26.594467+01	206	4
2511	99068861 Su:m37 kom	\N	5167873967	1	0	\N	\N	\N	2026-03-19 04:58:26.601631+01	2026-03-19 04:58:26.601655+01	206	4
2487	Omuna omuna 99072008 sulwhasoo mask	\N	5029714972	1	0	\N	\N	\N	2026-03-19 04:41:52.031989+01	2026-03-20 07:10:53.461559+01	188	1
2488	Zaya khr 94015600 sulwhasoo untlagiin mask	\N	5034524600	1	0	\N	\N	\N	2026-03-19 04:41:52.065167+01	2026-03-20 07:10:54.821525+01	188	1
2489	D.Erdenesuvd 99394099 shuniin mask 2sh	\N	5046125216	1	0	\N	\N	\N	2026-03-19 04:41:52.073259+01	2026-03-20 07:10:56.618468+01	188	1
2490	bolor naranchimeg 99196973 sulwhasoo mask	\N	5037020371	2	0	\N	\N	\N	2026-03-19 04:41:52.089953+01	2026-03-20 07:10:57.844107+01	188	1
2513	MANDAKH GANKHUYAG88013593 SI:M37 SET ХААНААС: 150000 МАНДАХ ГАНХУЯГ	\N	6105116792	1	0	\N	\N	\N	2026-03-19 04:58:26.612243+01	2026-03-19 04:58:26.612264+01	206	4
3337	Dolgorsuren Sugar 86100262 Banni alchuurwhite	\N	5304708751	1	0	\N	\N	\N	2026-03-24 17:47:53.668281+01	2026-03-24 17:47:53.668303+01	237	4
3338	B/alchtsag/saaral1/1Oyunbold Ganbold 99841783	\N	5003608340	2	0	\N	\N	\N	2026-03-24 17:47:53.677585+01	2026-03-24 17:47:53.677604+01	237	4
2518	orkhon naiman 99008893 ohui kom nogoon ampuletai ХААНААС: 340000 АЮУЛГҮЙ ГОТОВ	\N	261700190245	1	0	\N	\N	\N	2026-03-19 05:03:29.148142+01	2026-03-20 07:27:22.941594+01	174	1
3556	Delguurt Cetaphil cream	\N	5044019334.0	7	0	\N	\N	\N	2026-03-27 06:26:44.515756+01	2026-03-27 06:26:44.515777+01	101	4
2519	BACHIKO BATSUKH 88129322 TEN TEN ХААНААС: 150000 БАТЧИМЭГ БАТСҮХ	\N	3405110465	1	0	\N	\N	\N	2026-03-19 05:11:15.821036+01	2026-03-19 05:11:15.821066+01	205	4
2520	Zolzaya Nergui 99120259 multivitamin	\N	5128018611	1	0	\N	\N	\N	2026-03-19 05:11:15.868022+01	2026-03-19 05:11:15.868046+01	205	4
2521	tselmuun battsengel ten ten	\N	5011331525	1	0	\N	\N	\N	2026-03-19 05:11:15.874385+01	2026-03-19 05:11:15.874408+01	205	4
2522	Uchka/89102023/Tenten multi vitamin	\N	5131464297	1	0	\N	\N	\N	2026-03-19 05:11:15.88747+01	2026-03-19 05:11:15.887494+01	205	4
2523	Chimdee dashbold tenten vit 1 88111003	\N	5753180488	1	0	\N	\N	\N	2026-03-19 05:11:15.900836+01	2026-03-19 05:11:15.900857+01	205	4
2524	ten ten vitamin az jargal az jargal 88106748	\N	5095054823	1	0	\N	\N	\N	2026-03-19 05:11:15.908746+01	2026-03-19 05:11:15.908767+01	205	4
2525	amglanjamka91918083 multi vitamin ten ten	\N	5003501407	1	0	\N	\N	\N	2026-03-19 05:11:15.911559+01	2026-03-19 05:11:15.911572+01	205	4
2526	SAINKA SAINKA 90199900 TENTEN ХААНААС: 150000 САЙНЖАРГАЛ ОЮУНГЭРЭЛ	\N	1205012771	1	0	\N	\N	\N	2026-03-19 05:11:15.916051+01	2026-03-19 05:11:15.91607+01	205	4
2527	boma boma 99762002 tenten multi vit 3sh	\N	5034497438	3	0	\N	\N	\N	2026-03-19 05:11:15.918879+01	2026-03-19 05:11:15.91889+01	205	4
2528	Ten ten 3 ш гүзээлзгэнэ Б.Байгал 95686229	\N	5005338040	3	0	\N	\N	\N	2026-03-19 05:11:15.921898+01	2026-03-19 05:11:15.921909+01	205	4
2530	oyunchimeg bataa 99086848 multi vitamin 2 sh	\N	5055066245	2	0	\N	\N	\N	2026-03-19 05:11:15.962913+01	2026-03-19 05:11:15.962933+01	205	4
2531	EB -Оюунжаргал мянгандаш 88020411 ten ten multi 2s ХААНААС: 040000 ОЮУНЖАРГАЛ МЯНГАНДАШ	\N	495054157	2	0	\N	\N	\N	2026-03-19 05:11:15.977804+01	2026-03-19 05:11:15.977831+01	205	4
2533	Zulaa Zul 99821180 hvvhdiin vit 2 sh	\N	5006397414	2	0	\N	\N	\N	2026-03-19 05:11:16.00545+01	2026-03-19 05:11:16.005475+01	205	4
2534	Ariunaa Ariunaa 99021305-Ten ten-2 box	\N	5103018018	2	0	\N	\N	\N	2026-03-19 05:11:16.015181+01	2026-03-19 05:11:16.015202+01	205	4
2535	Ten Ten 2 ш,энхцэцэг хүрэлбаатар ,80640701	\N	5163485607	2	0	\N	\N	\N	2026-03-19 05:11:16.022083+01	2026-03-19 05:11:16.022101+01	205	4
2536	88087237 TENTEN 2SH ХААНААС: 150000 ОТГОНСҮРЭН ДОНЛИГ	\N	3455187361	2	0	\N	\N	\N	2026-03-19 05:11:16.030112+01	2026-03-19 05:11:16.030129+01	205	4
2537	Ten Ten Vitamin 2sh, BolorooBolormaa 99906737	\N	5040058832	2	0	\N	\N	\N	2026-03-19 05:11:16.065711+01	2026-03-19 05:11:16.065732+01	205	4
2538	EB -Lhagvasuren Erdenesugar 99043335, Ten ten 2sh ХААНААС: 040000 ЭРДЭНЭСУГАР ЛХАГВАСҮРЭН	\N	403166217	2	0	\N	\N	\N	2026-03-19 05:11:16.075797+01	2026-03-19 05:11:16.075815+01	205	4
2539	GARIIN HOOSON SAVAN TSETSEGTUYA ХААНААС: 150000 ЦЭЦЭГТУЯА ЭНХЭЭ	\N	1245122547	1	0	\N	\N	\N	2026-03-19 05:14:18.078799+01	2026-03-19 05:14:18.07882+01	207	4
2540	molorbolor 99152355  gariin savan	\N	5029422356	1	0	\N	\N	\N	2026-03-19 05:14:18.088444+01	2026-03-19 05:14:18.088465+01	207	4
2542	Gal gerelee bok	\N	5046459487	1	0	\N	\N	\N	2026-03-19 05:19:58.839195+01	2026-03-19 05:19:58.83922+01	208	4
2543	99068861  gelen vok 140sh tei	\N	5167873967	1	0	\N	\N	\N	2026-03-19 05:19:58.848723+01	2026-03-19 05:19:58.848746+01	208	4
2544	Gereltuya Chuluunbaatar 99036273 Bok ХААНААС: 320000 ГЭРЭЛТУЯА ЧУЛУУНБААТАР	\N	5002936781	1	0	\N	\N	\N	2026-03-19 05:19:58.852615+01	2026-03-19 05:19:58.852637+01	208	4
2545	ГАНБААТАР ГАНБАА,99869998,ГЕЛЭН ВОК ХААНААС: 150000 ГАНБААТАР НЯМДАВАА	\N	3050004975	1	0	\N	\N	\N	2026-03-19 05:19:58.856141+01	2026-03-19 05:19:58.856159+01	208	4
2546	ENKHUUSH 99907015 KIRKLAND WOK ХААНААС: 150000 ЭНХЦЭЦЭГ ДАВААЖАВ	\N	1175185778	1	0	\N	\N	\N	2026-03-19 05:19:58.858868+01	2026-03-19 05:19:58.858884+01	208	4
2547	Б. Болортуяа 88025043 vook	\N	5064144793	1	0	\N	\N	\N	2026-03-19 05:19:58.865136+01	2026-03-19 05:19:58.86516+01	208	4
2548	EB -perle perlita 95606868 вок гель кирк ХААНААС: 040000 СУВДАА ЖАМЪЯН	\N	473066458	1	0	\N	\N	\N	2026-03-19 05:19:58.868928+01	2026-03-19 05:19:58.868952+01	208	4
2549	tselmuun battsengel wok	\N	5011331525	1	0	\N	\N	\N	2026-03-19 05:19:58.875268+01	2026-03-19 05:19:58.875295+01	208	4
2550	baka bakaya 88004906 kirkland wok	\N	5048300810	1	0	\N	\N	\N	2026-03-19 05:19:58.880799+01	2026-03-19 05:19:58.880825+01	208	4
2551	boloroo bolortuya 91915314 вок Замын үүд	\N	5374385227	1	0	\N	\N	\N	2026-03-19 05:19:58.890722+01	2026-03-19 05:19:58.890745+01	208	4
2553	Bolor Bolor 88109251 vok	\N	5035428973	1	0	\N	\N	\N	2026-03-19 05:19:58.901928+01	2026-03-19 05:19:58.901953+01	208	4
2554	Chimele Sanjaajamts 88075103, вок	\N	5007312531	1	0	\N	\N	\N	2026-03-19 05:19:58.911252+01	2026-03-19 05:19:58.911272+01	208	4
2555	Chimele Sanjaajamts 88075103 Wok	\N	5067023978	1	0	\N	\N	\N	2026-03-19 05:19:58.917724+01	2026-03-19 05:19:58.91775+01	208	4
2556	Uchka/89102023/Вок	\N	5131464297	1	0	\N	\N	\N	2026-03-19 05:19:58.924817+01	2026-03-19 05:19:58.924844+01	208	4
2557	Maralgoo Ganbold 89589811 vok	\N	5305601568	1	0	\N	\N	\N	2026-03-19 05:19:58.931054+01	2026-03-19 05:19:58.931072+01	208	4
2558	Zulaa Zul 99821180gelin wok 2sh	\N	5006397414	2	0	\N	\N	\N	2026-03-19 05:19:58.935307+01	2026-03-19 05:19:58.935329+01	208	4
2559	omuna omuna 99072008 trixie go pop	\N	5029714972	1	0	\N	\N	\N	2026-03-19 05:22:20.977777+01	2026-03-19 05:22:20.977795+01	209	4
2560	Handaa Handaa colagen peptit 88179928	\N	5556545741	1	0	\N	\N	\N	2026-03-19 05:27:31.533247+01	2026-03-19 05:27:31.533269+01	212	4
2561	Bilguun Otgondorj 99079975 collegan	\N	5174020501	1	0	\N	\N	\N	2026-03-19 05:27:31.542556+01	2026-03-19 05:27:31.542581+01	212	4
2562	BosooMunguntuul91915274kallogin	\N	5009068894	1	0	\N	\N	\N	2026-03-19 05:27:31.547299+01	2026-03-19 05:27:31.547322+01	212	4
2563	EB -Manduxai Gan , 99540686 , Vital Proteins ХААНААС: 040000 БИЛГҮҮН ЧУЛУУНБАТ	\N	413044521	1	0	\N	\N	\N	2026-03-19 05:27:31.550782+01	2026-03-19 05:27:31.5508+01	212	4
2564	bolor bolor 88094850 vital proteins	\N	5626319555	2	0	\N	\N	\N	2026-03-19 05:27:31.554712+01	2026-03-19 05:27:31.554737+01	212	4
2565	UnurjargalUnuruu,99075889,ten ten	\N	5012036108	5	0	\N	\N	\N	2026-03-19 05:29:34.137185+01	2026-03-19 05:29:34.137207+01	205	4
2516	Undral Lkh 99061052 sum essence mist ХААНААС: 340000 УНДРАЛ ЛХАМДАШ	\N	340004030573	1	0	\N	\N	\N	2026-03-19 05:02:18.282704+01	2026-03-20 06:58:45.533554+01	163	1
2515	99068861 Su:m37 mist	\N	5167873967	1	0	\N	\N	\N	2026-03-19 05:02:18.274471+01	2026-03-20 06:58:47.579394+01	163	1
2517	3tai mist 86854522 nandinbeleg	\N	5307767077	1	0	\N	\N	\N	2026-03-19 05:02:18.288009+01	2026-03-20 06:58:50.897763+01	163	1
2541	sh enkhzaya shingen savan 2 sh ХААНААС: 340000 ЭНХЗАЯА ШАРАВЖАМЦ	\N	104400584177	2	0	Hud 18dugar horoo hunnu 2222 horoolol 223 dugar bair 1503 toot	\N	\N	2026-03-19 05:14:18.103844+01	2026-03-19 05:14:18.103871+01	207	4
2568	BAGS KOM TSETSEGTUYA ХААНААС: 150000 ЦЭЦЭГТУЯА ЭНХЭЭ	\N	1245122547	1	0	\N	\N	\N	2026-03-19 05:33:18.174833+01	2026-03-19 05:33:18.174858+01	213	4
2569	Bagsnii kom	\N	5404800809	1	0	\N	\N	\N	2026-03-19 05:33:18.182145+01	2026-03-19 05:33:18.182168+01	213	4
2570	Trixie go pop Adiya diya 2uut	\N	5859019576	2	0	\N	\N	\N	2026-03-19 05:34:24.863772+01	2026-03-19 05:34:24.863795+01	209	4
2571	enkhchimeg bayarsaikhan 88774414 pecheni	\N	5429096846	1	0	\N	\N	\N	2026-03-19 05:37:53.124243+01	2026-03-19 05:37:53.124263+01	214	4
2572	maslotai pecheni 6 hairtsag Adiya diya	\N	5859019576	6	0	\N	\N	\N	2026-03-19 05:37:53.131231+01	2026-03-19 05:37:53.131253+01	214	4
3339	өөжиг өлзий 99084331 в.алчуур цагаан саарал 2	\N	5090207468	2	0	\N	\N	\N	2026-03-24 17:47:53.689404+01	2026-03-24 17:47:53.689427+01	237	4
2605	jmella mask 88106971	\N	5042299811	1	0	\N	\N	\N	2026-03-19 08:30:38.664172+01	2026-03-20 08:43:57.002352+01	150	3
2575	Euehymol oo Nyamkhorol Bazar 99972850	\N	5040099787	1	0	\N	\N	\N	2026-03-19 05:44:37.217141+01	2026-03-19 05:44:37.217163+01	215	4
2577	tseveendorj sainbileg 90090288 Vonbee tsai	\N	5863105788	1	0	\N	\N	\N	2026-03-19 05:47:07.600495+01	2026-03-19 05:47:07.600522+01	216	4
2578	Bilgee Tamir Vonbee tsai 99009858	\N	5028344547	1	0	\N	\N	\N	2026-03-19 05:53:11.808872+01	2026-03-19 05:53:11.808891+01	217	4
2579	chawga tseren-ochir munkhuu 89880002	\N	5030276557	1	0	\N	\N	\N	2026-03-19 05:54:24.159362+01	2026-03-19 05:54:24.159379+01	169	4
3409	ЭНХ-УНДРАХ, 99093286 age recoveryohui set 1sh	\N	5024168530	1	0	\N	\N	\N	2026-03-25 02:07:07.618333+01	2026-03-25 02:07:07.61835+01	259	4
2604	tsoojoo tsooj 88220589 NR cusion	\N	5313270998	1	0	\N	\N	\N	2026-03-19 08:27:08.147208+01	2026-03-27 06:16:18.27643+01	200	3
2582	Delgermaa Usukhbaatar 99027881 Ten Ten 8 sh	\N	5093274998	8	0	\N	\N	\N	2026-03-19 05:58:44.610454+01	2026-03-19 05:58:44.610472+01	205	4
2583	Su:m kom 3 Undraam undraa 88881752 ХААНААС: 320000 УНДРАХ ЧАДРААБАЛ	\N	5002550888	3	0	\N	\N	\N	2026-03-19 06:01:13.42129+01	2026-03-19 06:01:13.421323+01	206	4
2584	Mishka Mishka (99093484) Stanley тэрэг	\N	5014159276	1	0	\N	\N	\N	2026-03-19 06:03:08.048305+01	2026-03-19 06:03:08.048333+01	197	4
3410	96443535 ohui com 2 ganchuluuganzaya	\N	5360257074	2	0	\N	\N	\N	2026-03-25 02:07:07.625455+01	2026-03-25 02:07:07.625472+01	259	4
2596	bolor naranchimeg 99196973 sulwhasoo serum 2	\N	5037020371	2	0	\N	\N	\N	2026-03-19 06:30:42.593528+01	2026-03-20 06:47:46.107018+01	153	1
2603	uchral chaak cushion	\N	5585662542	1	0	\N	\N	\N	2026-03-19 08:27:08.143106+01	2026-03-27 06:16:21.267731+01	200	3
2587	ganbat dorjpagma 99084240 ten ten 4ш ХААНААС: 340000 ДОРЖПАГМА ГАНБАТ	\N	102200050195	4	0	\N	\N	\N	2026-03-19 06:06:43.438293+01	2026-03-19 06:06:43.438319+01	205	4
2588	Б.Тунгаа 80077283 ohiu miracle set	\N	5175083639	1	0	\N	\N	\N	2026-03-19 06:12:47.448421+01	2026-03-19 06:12:47.448445+01	218	4
2589	Baasanjav Batbaatar 89021889 Ohio miracle moisture ХААНААС: 320000 БААСАНЖАВ БАТБААТАР	\N	5000619740	1	0	\N	\N	\N	2026-03-19 06:12:47.461462+01	2026-03-19 06:12:47.461484+01	218	4
2590	MARAL MISU 88118989 STANLEY 2IN1 ХААНААС: 040000 МАРАЛМАА ТУВААН	\N	459027007	1	0	\N	\N	\N	2026-03-19 06:14:09.994834+01	2026-03-19 06:14:09.994923+01	197	4
2591	Б.Тунгаа 80077283 150/26 terrascout	\N	5175083639	1	0	\N	\N	\N	2026-03-19 06:21:32.112601+01	2026-03-19 06:21:32.11262+01	219	4
2592	manduu bsk99201917,teenieping 140size	\N	5312970967	1	0	\N	\N	\N	2026-03-19 06:27:39.437842+01	2026-03-19 06:27:39.437877+01	220	4
2593	Munkh Tuvshin 88025667 Chatch huuhdiin hoslol 110	\N	5687006583	1	0	\N	\N	\N	2026-03-19 06:27:39.446091+01	2026-03-19 06:27:39.446117+01	220	4
2594	Б.Гоо 99905399Teeniping 130size 2box 140 1box	\N	5034377529	3	0	\N	\N	\N	2026-03-19 06:27:39.449506+01	2026-03-19 06:27:39.449525+01	220	4
2573	Б. Сарнай 88145485 Blackmores OMEGA-3	\N	5500067120	1	0	\N	\N	\N	2026-03-19 05:41:31.538449+01	2026-03-20 07:07:34.982036+01	181	1
2616	Myadgaa Tsognemekh 96004947 NaTURE Republic	\N	5029990907	1	0	\N	\N	\N	2026-03-20 05:12:16.999466+01	2026-03-20 08:44:17.194972+01	223	3
2574	DEEGII DEDE 99184290, BLACKMORES OMEGA ХААНААС: 150000 МӨНХДЭЛГЭР БААСАНХҮҮ	\N	2025162332	1	0	\N	\N	\N	2026-03-19 05:41:31.557074+01	2026-03-20 07:07:36.939046+01	181	1
2598	Б.тунгаа 80077283 ohiu lip set	\N	5175083639	1	0	\N	\N	\N	2026-03-19 06:42:58.707366+01	2026-03-19 06:42:58.707388+01	194	4
2601	N.R cushion 88106971	\N	5042299811	1	0	\N	\N	\N	2026-03-19 08:27:08.120253+01	2026-03-27 06:16:31.700917+01	200	3
2600	EB -Nike dn 44, 43. 99888076 Tsendsuren ХААНААС: 040000 ЦЭНДСҮРЭН ЦЭДЭНДОРЖ	\N	438001524	2	0	\N	\N	\N	2026-03-19 06:51:24.323844+01	2026-03-19 06:51:24.323866+01	222	4
2620	99073001	\N	5025976249	1	0	\N	\N	\N	2026-03-20 05:20:45.64509+01	2026-03-27 05:36:16.596703+01	119	4
2441	EB -99072201, хулууны ундаа ХААНААС: 040000 ПҮРЭВДУЛАМ БАЗАРГҮР	\N	434004892	1	0	\N	2026-03-19	\N	2026-03-17 23:59:10.273643+01	2026-03-19 08:06:02.413222+01	201	3
3498	ohui baby collagen set muugii muugii 80308293	\N	5039219738	1	0	Bzd 41 r horoo Polaris hothon59b bair  1 orts 205 toot ytas 80308293	\N	\N	2026-03-27 01:39:45.241434+01	2026-03-27 01:39:45.241452+01	259	4
2606	cetapil tserendejid 88060180	\N	5014157778	1	0	\N	\N	\N	2026-03-19 08:32:04.509303+01	2026-03-19 08:32:04.509345+01	110	5
2607	3 shirheg 00?sulwhasoo serum,mask 99069196 ХААНААС: 340000 ЦЭЦЭГБАДАМ ЦОГБАДРАХ	\N	360000186972	1	0	\N	\N	\N	2026-03-19 10:48:00.421773+01	2026-03-19 10:48:00.4218+01	153	4
2608	3 shirheg 00?sulwhasoo serum,mask 99069196 ХААНААС: 340000 ЦЭЦЭГБАДАМ ЦОГБАДРАХ	\N	360000186972	1	0	\N	\N	\N	2026-03-19 10:48:21.355441+01	2026-03-19 10:48:21.355486+01	215	4
2613	Ogino Oogii 95122225 nature republic cusion	\N	5028178792	1	0	\N	\N	\N	2026-03-20 05:12:09.707199+01	2026-03-20 08:44:57.441914+01	223	3
2610	86115202 tos	\N	5030537634	1	0	\N	\N	\N	2026-03-19 10:51:08.755153+01	2026-03-19 10:51:08.755169+01	153	4
2611	99076556 цогзоо сувдмаа Lullaby mask	\N	5123001293	1	0	\N	\N	\N	2026-03-20 05:08:00.821499+01	2026-03-20 05:08:00.821867+01	204	5
2614	uchral chaak cushion	\N	5585662542	1	0	\N	\N	\N	2026-03-20 05:12:09.711055+01	2026-03-20 05:12:09.711073+01	223	5
2615	tsoojoo tsooj 88220589 NR cusion	\N	5313270998	1	0	\N	\N	\N	2026-03-20 05:12:09.715271+01	2026-03-20 05:12:09.715285+01	223	5
2617	Төгсжаргал 96079099 nike 36.5 size	\N	5006883175	1	0	\N	\N	\N	2026-03-20 05:19:44.382423+01	2026-03-20 05:19:44.382447+01	219	4
2602	Ogino Oogii 95122225 nature republic cusion	\N	5028178792	1	0	\N	\N	\N	2026-03-19 08:27:08.136492+01	2026-03-20 08:45:00.189817+01	200	3
2585	99043338 SISTEMA	\N	5003617809	1	0	\N	\N	\N	2026-03-19 06:04:09.619871+01	2026-03-23 11:31:15.096181+01	185	5
2609	3 shirheg 00?sulwhasoo serum,mask 99069196 ХААНААС: 340000 ЦЭЦЭГБАДАМ ЦОГБАДРАХ	\N	360000186972	1	0	\N	\N	\N	2026-03-19 10:48:42.317706+01	2026-03-20 07:10:59.772313+01	188	1
2621	НАРАНТУЯА-с 99756708 shvdnii OO	\N	5001170124	1	0	\N	\N	\N	2026-03-20 05:22:27.769207+01	2026-03-20 05:22:27.769224+01	224	4
2618	шинийн маск , энхцэцэг хүрэлбаатар ,80640701	\N	5163485607	1	0	\N	\N	\N	2026-03-20 05:20:27.324125+01	2026-03-20 07:11:01.141018+01	188	1
2619	tseene-99123697-sulwhasoo hos shoniin mask	\N	5068032234	1	0	\N	\N	\N	2026-03-20 05:20:27.330287+01	2026-03-20 07:11:02.997072+01	188	1
2580	EB -Undarmaa Amarsanaa Cetaphil lotion 94459330 ХААНААС: 040000 УНДАРМАА АМАРСАНАА	\N	421036834	1	0	\N	\N	\N	2026-03-19 05:55:57.23364+01	2026-03-23 12:05:26.956385+01	111	6
2622	99050015 LG shudnii oo	\N	5084100331	1	0	\N	\N	\N	2026-03-20 05:22:27.776994+01	2026-03-20 05:22:27.777014+01	224	4
2623	altanzul bnd 95033337 nike puuz 245 ХААНААС: 340000 АЛТАНЗУЛ БАНДИ	\N	150000579247	1	0	\N	\N	\N	2026-03-20 05:24:51.094125+01	2026-03-20 05:24:51.094141+01	225	4
1326	EB -95509900 Tsog Maa Sulwhasoo tseverlegch hos ХААНААС: 040000 АЛТАНЦОГМАА ДАМДИНСҮРЭН	\N	461001351	1	0	\N	\N	\N	2026-03-08 13:28:35.634352+01	2026-03-27 05:39:34.676077+01	119	4
2625	MEZCLAR BB cream 1+1-99222100	\N	5027414631	1	0	\N	\N	\N	2026-03-20 05:30:23.209962+01	2026-03-20 05:30:23.209984+01	226	4
2626	88034130 bb cream 2sh	\N	5064008341	1	0	\N	\N	\N	2026-03-20 05:38:39.010869+01	2026-03-20 05:38:39.010889+01	226	4
2627	mezclar BB krem 99193252	\N	5013018098	1	0	\N	\N	\N	2026-03-20 05:38:39.024574+01	2026-03-20 05:38:39.024593+01	226	4
2629	mezclar BBcream, davaadulam Lha 96021246	\N	5033091802	1	0	\N	\N	\N	2026-03-20 05:38:39.035565+01	2026-03-20 05:38:39.035581+01	226	4
2630	vandan bolortsetseg bb cream 99072019	\N	5890491665	1	0	\N	\N	\N	2026-03-20 05:38:39.041191+01	2026-03-20 05:38:39.041229+01	226	4
2632	uuya bla 85186930	\N	5070508662	1	0	\N	\N	\N	2026-03-20 05:38:39.057622+01	2026-03-20 05:38:39.057639+01	226	4
2633	EB -Mungunbayar Munguu,89032109, essence, bbcream ХААНААС: 040000 МӨНГӨНБАЯР БАТЦЭНГЭЛ	\N	499168053	1	0	\N	\N	\N	2026-03-20 05:38:39.063184+01	2026-03-20 05:38:39.06322+01	226	4
2634	Dairiihvv Dairii 99230709 BB cream	\N	5133169302	1	0	\N	\N	\N	2026-03-20 05:38:39.069736+01	2026-03-20 05:38:39.069778+01	226	4
2635	MEZCLEAR BB 99066962 Uranchimeg uugii	\N	5030183446	1	0	\N	\N	\N	2026-03-20 05:38:39.081553+01	2026-03-20 05:38:39.081572+01	226	4
2636	naraa bn 99308291 mezclar bb cream	\N	5041234571	1	0	\N	\N	\N	2026-03-20 05:38:39.089049+01	2026-03-20 05:38:39.089067+01	226	4
2637	MEZOLOR BB crem,80640701	\N	5163485607	1	0	\N	\N	\N	2026-03-20 05:38:39.095428+01	2026-03-20 05:38:39.095446+01	226	4
2638	88087237 ВВ CREAM ХААНААС: 150000 ОТГОНСҮРЭН ДОНЛИГ	\N	3455187361	1	0	\N	\N	\N	2026-03-20 05:38:39.103319+01	2026-03-20 05:38:39.103338+01	226	4
2639	tseene-99123697-mezclar bb cream-2	\N	5068032234	2	0	\N	\N	\N	2026-03-20 05:38:39.10741+01	2026-03-20 05:38:39.107426+01	226	4
2640	ZoljargalSh99088396 BB crem 2hos	\N	5128026439	2	0	\N	\N	\N	2026-03-20 05:38:39.110125+01	2026-03-20 05:38:39.110141+01	226	4
2641	98299000 krem 2 xos 2g Togtoxsvren	\N	5642057994	2	0	\N	\N	\N	2026-03-20 05:38:39.116044+01	2026-03-20 05:38:39.116062+01	226	4
2642	Baasanjav Batbaatar 89021889 Lion ХААНААС: 320000 БААСАНЖАВ БАТБААТАР	\N	5000619740	1	0	\N	\N	\N	2026-03-20 05:40:38.390669+01	2026-03-20 05:40:38.390763+01	207	4
3340	cusion khishigdelger 99044789	\N	5376097554	1	0	\N	\N	\N	2026-03-24 17:51:43.289196+01	2026-03-24 17:52:36.237024+01	223	5
2643	88059670 mogoin hortoi tos	\N	5006243113	1	0	\N	\N	\N	2026-03-20 06:11:37.475087+01	2026-03-20 06:11:37.475117+01	227	4
2644	М.Батцэцэг 99110531 могой тос	\N	5011813598	2	0	\N	\N	\N	2026-03-20 06:11:37.487823+01	2026-03-20 06:11:37.48785+01	227	4
2645	manduu bsk99201917,mogoin hortoi tos	\N	5312970967	1	0	\N	\N	\N	2026-03-20 06:11:37.495643+01	2026-03-20 06:11:37.495673+01	227	4
2646	mogoin hortoi tos 2sh 86854522	\N	5113085482	2	0	\N	\N	\N	2026-03-20 06:11:37.503082+01	2026-03-20 06:11:37.503103+01	227	4
2647	ОЮУНТУЯА-с 96001612	\N	5007503400	1	0	\N	\N	\N	2026-03-20 06:11:41.669222+01	2026-03-20 06:11:41.669244+01	227	4
2648	gerlee bumzaya 99159397 mogoitoi tos	\N	5167827252	1	0	\N	\N	\N	2026-03-20 06:11:41.674898+01	2026-03-20 06:11:41.674916+01	227	4
2649	EB -Lhagvasuren Erdenesugar 99043335, Mogoin horto ХААНААС: 040000 ЭРДЭНЭСУГАР ЛХАГВАСҮРЭН	\N	403166217	1	0	\N	\N	\N	2026-03-20 06:11:41.679095+01	2026-03-20 06:11:41.679116+01	227	4
2650	Mishka Mishka (99093484) Могойн тос	\N	5014159276	1	0	\N	\N	\N	2026-03-20 06:11:41.681916+01	2026-03-20 06:11:41.681931+01	227	4
2651	navchaa batsaikhan mogoin hor tos 2 99055542	\N	5003435636	2	0	\N	\N	\N	2026-03-20 06:11:41.684164+01	2026-03-20 06:11:41.684175+01	227	4
2652	ULZII UUGII, 99183279, МОГОЙН ХОРТОЙ ТОС 2Ш ХААНААС: 150000 ӨЛЗИЙЦЭЦЭГ ДҮВЖИР	\N	1235105474	2	0	\N	\N	\N	2026-03-20 06:11:41.686894+01	2026-03-20 06:11:41.686907+01	227	4
3411	ANIR ANIRLAN 99688000 ADIDAS TYSHAWN2   235/38 ХААНААС: 150000 БЯМБАСҮРЭН СОДЖОМДАРЖАА	\N	1809244126	1	0	\N	\N	\N	2026-03-25 02:09:56.936763+01	2026-03-25 02:09:56.936783+01	267	4
3412	bolor khataghin 98888634 adidas har 235	\N	5037570926	1	0	\N	\N	\N	2026-03-25 02:09:56.946646+01	2026-03-25 02:09:56.946667+01	267	4
3557	Delguurt head&shoulders 	\N	5044019334	3	0	\N	\N	\N	2026-03-27 10:37:51.828424+01	2026-03-27 10:37:59.676076+01	88	4
3580	SU:M37 usan tsewerlegc	\N	5044019334	10	0	\N	\N	\N	2026-03-27 16:54:59.054437+01	2026-03-27 16:55:07.678882+01	160	4
3622	G.Mandakhnar nike hoodie grey2XL 3 sh har 1	\N	5029909982	1	0	\N	\N	\N	2026-03-28 01:10:53.744162+01	2026-03-28 01:10:53.74422+01	307	4
1590	Tubshinbayar khulan 99090011 OHUi the Firidt luxur ХААНААС: 340000 ХУЛАН ТҮВШИНБАЯР	\N	102100178804	1	0	\N	\N	\N	2026-03-11 09:59:49.250516+01	2026-03-20 06:46:37.777629+01	140	1
1910	EB -Lhagvasuren Erdenesugar 99043335, OHui set kom ХААНААС: 040000 ЭРДЭНЭСУГАР ЛХАГВАСҮРЭН	\N	403166217	1	0	\N	\N	\N	2026-03-14 11:00:21.557934+01	2026-03-20 07:28:45.924543+01	174	1
1303	oyun ankhbat 99357020 ХААНААС: 340000 ОЮУН-ЭРДЭНЭ АНХБАТ	\N	130300374911	1	0	\N	\N	\N	2026-03-08 05:04:08.701383+01	2026-03-25 09:42:50.520423+01	122	6
2726	TungaaTungaa80816658 DR.G тос	\N	5133508154	1	0	\N	\N	\N	2026-03-20 08:05:03.37014+01	2026-03-20 08:05:03.370157+01	230	4
2727	tseene-99123697-dr.g-emgen humstai tos	\N	5068032234	1	0	\N	\N	\N	2026-03-20 08:05:03.383048+01	2026-03-20 08:05:03.383074+01	230	4
2728	orkhon naiman 99008893 Dr emgen hums tos ХААНААС: 340000 АЮУЛГҮЙ ГОТОВ	\N	261700190245	1	0	\N	\N	\N	2026-03-20 08:05:03.394884+01	2026-03-20 08:05:03.394901+01	230	4
2729	Enkhtsetseg Amgalan, 91118679, DrG tos ХААНААС: 340000 ЭНХЦЭЦЭГ АМГАЛАН	\N	281500052809	1	0	\N	\N	\N	2026-03-20 08:05:03.398426+01	2026-03-20 08:05:03.398443+01	230	4
2730	angu tsogoo,99155619.dr.g snail cream	\N	5085180339	1	0	\N	\N	\N	2026-03-20 08:05:03.402609+01	2026-03-20 08:05:03.402625+01	230	4
2731	86115202 chuluuntsetseg	\N	5030537634	1	0	\N	\N	\N	2026-03-20 08:05:03.406031+01	2026-03-20 08:05:03.406045+01	230	4
2742	odgerel hasgaa 91913754 bok ylaan	\N	5057177363	1	0	\N	\N	\N	2026-03-20 08:12:12.599191+01	2026-03-20 08:12:12.59921+01	208	4
2478	Sony	\N	109201892614	1	0	\N	\N	\N	2026-03-18 03:04:52.868414+01	2026-03-23 11:32:11.495974+01	88	6
993	crystal crystal цагаан оймс 10хос	\N	5270396303	1	0	\N	\N	\N	2026-03-05 10:20:55.84915+01	2026-03-24 05:28:03.274799+01	102	6
2624	sum guujulagch set nyamka 88017048	\N	5037123275	1	3200	\N	\N	\N	2026-03-20 05:26:47.042667+01	2026-03-25 10:24:56.972661+01	154	1
2628	Tuvshuu Tuvshinjargal 99056782 Mezclar BB cream ХААНААС: 320000 ТҮВШИНЖАРГАЛ МЯНГАНДАШ	\N	5001838644	1	0	БЗД 39-р хороо Улаанхуаран Комфорт хотхоны 63 байр 2орц 10давхар 163тоот(орцны код 9317#)	\N	\N	2026-03-20 05:38:39.030291+01	2026-03-20 05:38:39.03031+01	226	4
2482	Ichko adiyabazar 88297008 sulwhasoo 2hos	\N	5604017388	1	0	\N	\N	\N	2026-03-19 04:37:29.653149+01	2026-03-27 05:36:28.961881+01	119	4
1614	AZAASI AZ 99051077, SULWHASOO OIL, FOAM 1 ХААНААС: 150000 АЗЖАРГАЛ МӨНХ-ЭРДЭНЭ	\N	1205052009	1	0	\N	\N	\N	2026-03-12 10:39:56.365302+01	2026-03-27 05:37:21.318395+01	119	7
2744	gereltuya gereltuya 88334575 , gelen bok	\N	5039723394	1	0	\N	\N	\N	2026-03-20 08:12:12.611297+01	2026-03-20 08:12:12.611316+01	208	4
2745	Ulziibayar ulzii 99031058 гелин бок	\N	5114348657	1	0	\N	\N	\N	2026-03-20 08:12:12.615631+01	2026-03-20 08:12:12.615649+01	208	4
2746	OCHIR NARAA 99074285, KIRKLAND ГЕЛЕН ВОК, 1 ШИРХЭГ ХААНААС: 150000 НАРАНДЭЛГЭР ОЧИРВААНЬ	\N	3155123272	1	0	\N	\N	\N	2026-03-20 08:12:12.618595+01	2026-03-20 08:12:12.618607+01	208	4
2747	88087237 ULTRA CLEAN VOK ХААНААС: 150000 ОТГОНСҮРЭН ДОНЛИГ	\N	3455187361	1	0	\N	\N	\N	2026-03-20 08:12:12.621215+01	2026-03-20 08:12:12.621224+01	208	4
2748	Н.Болороо 88013003 north face tawchig 42 size ХААНААС: 320000 БОЛОРЦЭЦЭГ НЯМДАВАА	\N	5002093470	1	0	\N	\N	\N	2026-03-20 08:31:23.270875+01	2026-03-20 08:31:23.270898+01	126	4
2749	BADMAA BADMAA 99100668 NARNII TOS ХААНААС: 150000 БАДМААДОРЖ РАДНААСҮМБЭРЭЛ	\N	1105426480	2	0	\N	\N	\N	2026-03-20 08:32:59.961291+01	2026-03-20 08:32:59.961315+01	173	4
2750	Б.цэрэнлхагва 99138019 чавга 2уут	\N	5731099376	2	0	\N	\N	\N	2026-03-20 08:34:20.761245+01	2026-03-20 08:34:20.761267+01	169	4
3341	Munkhtuul Byamba 99203150 huusun savan	\N	5176203312	1	0	\N	\N	\N	2026-03-24 17:54:37.736749+01	2026-03-24 17:54:37.73677+01	207	4
2752	Oyu 69666889 Ohui cushion/02, Ohui mascara	\N	5020198841	1	0	\N	\N	\N	2026-03-20 08:37:37.298639+01	2026-03-20 08:37:37.29866+01	228	4
2753	EB -vital protiens Collagen, 88084451 Oyungerel Ba ХААНААС: 040000 ОЮУНГЭРЭЛ БААТАР	\N	404240623	1	0	\N	\N	\N	2026-03-20 08:41:28.960433+01	2026-03-20 08:41:28.96045+01	212	4
2755	EB -Ganchimeg OM 89980513 collagen peptides ХААНААС: 040000 ГАНЧИМЭГ МЯНГАНБАЯР	\N	401067528	1	0	\N	\N	\N	2026-03-20 08:41:28.976369+01	2026-03-20 08:41:28.976389+01	212	4
2756	88087237 VITAL КОЛЛАГЕН ХААНААС: 150000 ОТГОНСҮРЭН ДОНЛИГ	\N	3455187361	1	0	\N	\N	\N	2026-03-20 08:41:28.981086+01	2026-03-20 08:41:28.981105+01	212	4
2757	V.Proteins collagen-2shirheg 99994113 Oyunsuv	\N	5094405671	2	0	\N	\N	\N	2026-03-20 08:41:28.984883+01	2026-03-20 08:41:28.9849+01	212	4
2758	Oyunsuvd 99994113 Blackmores omega-2shirheg	\N	5094405671	2	0	\N	\N	\N	2026-03-20 08:45:46.401634+01	2026-03-20 08:45:46.401655+01	181	4
2754	collagen battsetseg bayarsaikhan 99890015	\N	5037152558	1	0	Darhanii unaand tawih. Utas 99890015	\N	\N	2026-03-20 08:41:28.970898+01	2026-03-20 08:41:28.970917+01	212	4
3342	odko dk, 88804236, gar shingen savan	\N	5015393077	1	0	\N	\N	\N	2026-03-24 17:54:37.750542+01	2026-03-24 17:54:37.750565+01	207	4
3343	udaanjargal otgon 90117125 savan 2 sh	\N	5001306612	2	0	\N	\N	\N	2026-03-24 17:54:37.756313+01	2026-03-24 17:54:37.756332+01	207	4
3413	adidas tyshawn, 265/42 lkhagvasuren batjargal 9913 ХААНААС: 500000 Батжаргал Лхагвасүрэн	\N	99103187933	1	0	\N	\N	\N	2026-03-25 02:09:56.953175+01	2026-03-25 02:09:56.953193+01	267	4
3414	Purevsuren Banzragch 99994039 size265/42	\N	5111027045	1	0	\N	\N	\N	2026-03-25 02:09:56.957034+01	2026-03-25 02:09:56.957051+01	267	4
3415	EB -Ganaa smile, Tyshawn 2, size 265/42 razmer, 99 ХААНААС: 040000 ГАНЦЭЦЭГ РААЯА	\N	441000579	1	0	\N	\N	\N	2026-03-25 02:09:56.961011+01	2026-03-25 02:09:56.961028+01	267	4
3416	Addidas Tyshawn sz 42.5 ,80640701	\N	5163485607	1	0	\N	\N	\N	2026-03-25 02:09:56.965259+01	2026-03-25 02:09:56.965274+01	267	4
3417	tuul orkhon, 88117831, 41sz har addidas	\N	5447069479	1	0	\N	\N	\N	2026-03-25 02:09:56.971437+01	2026-03-25 02:09:56.97146+01	267	4
3418	99907015 ENKHUUSH ADIDAS TYSHAWN- 235 ХААНААС: 150000 ЭНХЦЭЦЭГ ДАВААЖАВ	\N	1175185778	1	0	\N	\N	\N	2026-03-25 02:09:56.977042+01	2026-03-25 02:09:56.977061+01	267	4
3419	Erka Chuka-99296687 adidas-41paz	\N	5070337785	1	0	\N	\N	\N	2026-03-25 02:09:56.982543+01	2026-03-25 02:09:56.982561+01	267	4
3420	DELGERMURUN BODIGEREL 99157881 ADIDASTYSHAWN2  38 ХААНААС: 150000 ДЭЛГЭРМӨРӨН БОДЬГЭРЭЛ	\N	2709130526	1	0	\N	\N	\N	2026-03-25 02:09:56.987459+01	2026-03-25 02:09:56.987476+01	267	4
3432	EB -230/35 мк зузаан ултай пүүз 99068926 oyun-erde ХААНААС: 040000 ОЮУН-ЭРДЭНЭ ПҮРЭВСҮРЭН	\N	444034991	1	0	\N	\N	\N	2026-03-25 02:32:53.093307+01	2026-03-25 02:32:53.09333+01	273	4
3440	EB -salomon 38,5em, 40 er, Tuuguu Tseveendorj, 990 ХААНААС: 040000 ЭРДЭНЭТӨГС ЦЭВЭЭНДОРЖ	\N	453170943	2	0	\N	\N	\N	2026-03-25 03:04:05.093585+01	2026-03-25 03:04:05.093606+01	286	4
3444	EB -udval altangerel 91477777 clio cushion linen ХААНААС: 040000 УДВАЛ АЛТАНГЭРЭЛ	\N	436017788	1	0	\N	\N	\N	2026-03-25 03:16:56.6248+01	2026-03-25 03:16:56.62482+01	279	4
1155	BosooMunguntuul91915274 SKINCURE  CLITERiON	\N	5009068894	1	0	\N	2026-03-25	\N	2026-03-06 23:45:02.729077+01	2026-03-25 04:31:13.352602+01	113	3
1045	TungaaTungaa 80816658 Chia&Oat ХААНААС: 340000 ТУНГАЛАГ БАЙГАЛМАА	\N	107400266906	1	0	\N	2026-03-25	\N	2026-03-06 06:59:48.335448+01	2026-03-25 06:15:09.981169+01	81	3
1123	badam b 88662267 cetapil	\N	5592086464	1	0	Баянгол дүүрэг 17р хороо 38а 1202 тоот	2026-03-25	\N	2026-03-06 23:12:34.321364+01	2026-03-25 06:41:25.754643+01	110	3
3189	u.shurenchimeg 99127294 lego puuz 35size	\N	5149093343	1	0	Архангай аймаг	\N	\N	2026-03-23 18:49:24.237509+01	2026-03-23 18:49:24.237532+01	265	4
2737	TEN TEN SHAGDAR TSENDSUREN 99377347 ХААНААС: 150000 ЦЭНДСҮРЭН ШАГДАР	\N	1105719967	1	0	\N	\N	\N	2026-03-20 08:07:25.0733+01	2026-03-25 09:32:57.966553+01	114	6
2197	G.mandakhnar 88105279 nvvrs us zadlagch	\N	5029909982	1	0	\N	2026-03-27	\N	2026-03-16 05:03:56.590968+01	2026-03-27 07:35:56.219965+01	182	3
1785	muugimuugii 99128833.tenten 2 sh	\N	5062251322	2	0	БЗД  1р хороо 20/39р байр 1р орц 15 тоот орцны код 3740#   /сансарын 48р сургуулийн зүүн талд /	\N	\N	2026-03-12 14:42:28.286952+01	2026-03-25 09:33:55.982387+01	114	5
1524	davkaa eegii88068963 TenTen 120 shirhegtei ХААНААС: 320000 ЭРДЭНЭЦЭЦЭГ БАЯСГАЛАН	\N	5002052748	1	0	\N	\N	\N	2026-03-11 08:30:25.128621+01	2026-03-25 09:35:20.587479+01	114	6
1170	EB -91995588 ten ten 120ш. tudutoys ХААНААС: 040000 БААСАНДОРЖ МАГВАНДОРЖ	\N	440022213	1	0	УБ хот ХУД 23 хороо, Яармаг, Нүхтийн ам өгсөөд Нүхт палас 1101-67	\N	\N	2026-03-06 23:56:22.205888+01	2026-03-25 09:35:56.71356+01	114	6
2874	Hcall togoo gd	\N	5125085579	1	0	\N	\N	\N	2026-03-20 11:20:23.131249+01	2026-03-25 09:40:00.671911+01	96	6
3581	ENKHJARGAL JAGAA 88115183 2SH COM ХААНААС: 150000 ЭНХЖАРГАЛ БАДАРЧ	\N	3055198899	2	0	\N	\N	\N	2026-03-27 17:53:33.340639+01	2026-03-27 17:53:37.983773+01	167	1
3623	МӨНХХҮСЛЭН.Г ХҮСЛЭН 89990331 CARROTPAD 1+1 ХААНААС: 150000 МӨНХХҮСЛЭН ГҮРБАЗАР	\N	2005105999	1	0	\N	\N	\N	2026-03-28 01:15:58.437716+01	2026-03-28 01:15:58.43774+01	308	4
2101	baka bakaya 88004906 sum37 tsewerlegch	\N	5048300810	1	3600	\N	\N	\N	2026-03-16 04:13:59.86083+01	2026-03-25 10:34:28.552408+01	160	6
1364	ТОГОО, 88004279, МӨНХ-ОРГИЛ ХААНААС: 390000 ХҮРЭЛЧӨДӨР МӨНХ-ОРГИЛ	\N	8999003278	1	0	\N	2026-03-25	\N	2026-03-08 15:33:53.182943+01	2026-03-25 10:41:27.234559+01	96	3
1520	ten ten 1 fnAnya Anya 99357711	\N	5120107236	1	0	erdenet hot	\N	\N	2026-03-11 08:30:25.109761+01	2026-03-25 09:35:08.759478+01	114	6
2340	Nyamka Jagaa 91113274 Tenten 1	\N	5018020114	1	0	\N	2026-03-26	\N	2026-03-16 09:23:04.533865+01	2026-03-26 04:54:45.220851+01	114	3
2759	sum kom nyamka 88017048	\N	5037123275	1	0	\N	\N	\N	2026-03-20 08:47:21.553607+01	2026-03-20 08:47:21.553638+01	206	4
2760	88029472 Ankhnybayar Bolorchimeg Sum 37 set	\N	5114206101	1	0	\N	\N	\N	2026-03-20 08:47:21.560279+01	2026-03-20 08:47:21.560298+01	206	4
2797	nature cushion 21 86041000 tseetsee flora	\N	5034302972	1	0	\N	\N	\N	2026-03-20 10:07:40.718758+01	2026-03-20 10:33:46.393413+01	223	3
2761	LKhagvagaram,99135191,ohui miracle moisturese	\N	5629315864	1	0	\N	\N	\N	2026-03-20 08:49:33.974622+01	2026-03-20 08:49:33.974649+01	218	4
2386	nomin nmn 80080948 NP essence cushion	\N	5163094996	1	0	Nomin nmn 80080948\nБГД, 6 бичил хороолол, 17 байр, 6давхар, 60 тоот /60b/	\N	2026-03-20	2026-03-17 23:50:00.021958+01	2026-03-20 08:50:08.532231+01	200	2
2762	altantuya aagii 99003291 uurag	\N	5133566853	2	0	\N	\N	\N	2026-03-20 08:54:23.607668+01	2026-03-20 08:54:23.60773+01	231	4
2763	MK сандайл lkhagvajargal nyamsuren 37 размер	\N	5720291845	1	0	\N	\N	\N	2026-03-20 08:57:51.94081+01	2026-03-20 08:57:51.940847+01	232	4
2764	bolormaagunnasan MK tsgn 235 98110165	\N	5059685592	1	0	\N	\N	\N	2026-03-20 08:57:51.947644+01	2026-03-20 08:57:51.947659+01	232	4
2765	Amartur Ariuntuya 91005050 har 36	\N	5019383666	1	0	\N	\N	\N	2026-03-20 08:57:51.954307+01	2026-03-20 08:57:51.954324+01	232	4
2767	EB -mk sandal240-har 96006915 boloroo_chimee ХААНААС: 040000 БОЛОРТУЯА ЧИМЭДДОРЖ	\N	427093726	1	0	\N	\N	\N	2026-03-20 08:57:51.963378+01	2026-03-20 08:57:51.963397+01	232	4
2766	LHAMA LHAM 99823859  MK ХАР САЙЗ 23 ХААНААС: 150000 ЛХАМГАРАВ САМДАН	\N	1105101534	1	0	Чингэлтэй дүүрэг 16 хороо согоотын 17 10а	\N	\N	2026-03-20 08:57:51.959631+01	2026-03-20 08:57:51.959652+01	232	4
2784	adiya diya maslotoi pecheni 5hairtsag	\N	5859019576	5	0	\N	\N	\N	2026-03-20 09:11:23.283401+01	2026-03-20 09:11:23.283422+01	214	4
2785	хонгорзул эрдэнэбаяр, 99055453, вок 3 ширхэг	\N	5134074270	3	0	\N	\N	\N	2026-03-20 09:12:45.580149+01	2026-03-20 09:12:45.580168+01	208	4
3582	addidas tsunkh 99013188	\N	5108062539	1	0	\N	\N	\N	2026-03-27 18:00:22.504034+01	2026-03-27 18:00:22.504058+01	299	4
2788	AIR MAX DN POAM ногоон 42,5 ,80640701	\N	5163485607	1	0	\N	\N	\N	2026-03-20 09:23:54.993581+01	2026-03-20 09:23:54.993603+01	222	4
2789	99828415 badmaarag har nogoon DN 285cm airmax	\N	5018655816	1	0	\N	\N	\N	2026-03-20 09:27:59.092071+01	2026-03-20 09:27:59.092096+01	222	4
2790	salomon-38.5  88087972	\N	5031141315	1	0	\N	\N	\N	2026-03-20 09:34:05.430718+01	2026-03-20 09:34:05.430735+01	236	4
2791	amglanjamka91918083salomon 38 saaral	\N	5003501407	1	0	\N	\N	\N	2026-03-20 09:34:05.436157+01	2026-03-20 09:34:05.436175+01	236	4
3344	bolor khataghin 98888634 ten ten	\N	5037570926	1	0	\N	\N	\N	2026-03-24 17:57:01.228462+01	2026-03-24 17:57:01.228507+01	205	4
2793	Batdelger Baasai Nike dn 43. salomon malgai	\N	5078023396	1	0	\N	\N	\N	2026-03-20 09:50:43.467165+01	2026-03-20 09:50:43.467182+01	235	4
2794	Batdelger Baasai Nike dn 43. salomon malgai	\N	5078023396	1	0	\N	\N	\N	2026-03-20 09:51:49.664516+01	2026-03-20 09:51:49.664539+01	222	4
2795	98299000 nvvrnii mask 2 sh	\N	5642057994	2	0	\N	\N	\N	2026-03-20 09:53:49.079862+01	2026-03-20 09:53:49.079881+01	150	5
2796	pad 80sh 88048001	\N	5000772005	1	0	\N	\N	\N	2026-03-20 10:06:21.566123+01	2026-03-20 10:06:21.566147+01	144	5
2798	NYAMKA CHAMIN, 88097794, MOGOIN HORTOI TOS ХААНААС: 150000 ГАНБАЯР НАЯНТАЙ	\N	1105044131	2	0	\N	\N	\N	2026-03-20 10:09:06.0575+01	2026-03-20 10:09:06.05752+01	227	4
2799	Narangerel Dawaasuren 91030030 saaral alchuur	\N	5026366039	1	0	\N	\N	\N	2026-03-20 10:11:40.871516+01	2026-03-20 10:11:40.87154+01	237	4
2800	Khurelbaatar Daarii 91102333 saaral alchuur	\N	5935280829	1	0	\N	\N	\N	2026-03-20 10:11:40.88161+01	2026-03-20 10:11:40.881631+01	237	4
2801	Tsendgerel 99755135 Saaral towel	\N	5021248034	1	0	\N	\N	\N	2026-03-20 10:11:40.887398+01	2026-03-20 10:11:40.887417+01	237	4
2802	Bann alchuur saaral 99280471 Munkhtuya	\N	5022502782	1	0	\N	\N	\N	2026-03-20 10:11:40.901371+01	2026-03-20 10:11:40.901391+01	237	4
2803	ALIMAA CH 91912062 MIZCLAR BB CREAM ХААНААС: 150000 АЛИМАА ЧУЛУУНБАТ	\N	2205147561	1	0	\N	\N	\N	2026-03-20 10:13:06.063654+01	2026-03-20 10:13:06.063703+01	226	4
2804	ariundelger batdelger 99880421MEZCLAR BBcrea	\N	5692179764	1	0	\N	\N	\N	2026-03-20 10:13:06.07982+01	2026-03-20 10:13:06.07984+01	226	4
2805	EB -perle perlita 95606868 mezclar bb ХААНААС: 040000 СУВДАА ЖАМЪЯН	\N	473066458	1	0	\N	\N	\N	2026-03-20 10:13:06.088225+01	2026-03-20 10:13:06.088245+01	226	4
2806	Zulaa Zul 99821180 bb cream	\N	5006397414	1	0	\N	\N	\N	2026-03-20 10:13:06.094734+01	2026-03-20 10:13:06.094754+01	226	4
2807	A.Оюун-Ундрах Оюука 80200983 юу	\N	5167668143	1	0	\N	\N	\N	2026-03-20 10:13:06.1019+01	2026-03-20 10:13:06.101926+01	226	4
3441	Gan Ganaa	\N	5028123174	1	0	\N	\N	\N	2026-03-25 03:09:05.270087+01	2026-03-25 03:09:05.270138+01	230	4
1013	BosooMunguntuul91915274 HAPPY CALL	\N	5009068894	1	0	\N	2026-03-25	\N	2026-03-05 10:34:13.158408+01	2026-03-25 04:31:20.470784+01	96	3
3421	EB -Г.Г. 90126397 Ohiu ногоон ком ХААНААС: 040000 ГЭРЭЛМАА ГАНБААТАР	\N	474058388	1	0	\N	\N	\N	2026-03-25 02:12:35.40052+01	2026-03-26 01:45:32.805905+01	174	1
2808	EB -Enkhtuul Jantsankhorol 99119605 Mezclar bb cre ХААНААС: 040000 ЭНХТУУЛ ЖАНЦАНХОРОЛ	\N	499191858	1	0	\N	\N	\N	2026-03-20 10:13:06.110067+01	2026-03-20 10:13:06.110092+01	226	4
2809	Оюука Оюука 96052259 ВВcream	\N	5014176825	1	0	\N	\N	\N	2026-03-20 10:13:47.990851+01	2026-03-20 10:13:47.990873+01	226	4
3345	naidan lkhagvasure ( 270/42) 99092975	\N	5028436959	1	0	\N	\N	\N	2026-03-24 18:02:38.914621+01	2026-03-24 18:02:38.914653+01	277	4
3346	Tegshee2. 89985115 Puma tavchik 235 har ХААНААС: 320000 ТЭГШЖАРГАЛ БАВААСАН	\N	5005791677	1	0	\N	\N	\N	2026-03-24 18:02:38.939626+01	2026-03-24 18:02:38.939869+01	277	4
3347	PurevdorjChimedbyamba,puma white-250,96960990	\N	5377001362	1	0	\N	\N	\N	2026-03-24 18:02:38.953914+01	2026-03-24 18:02:38.953945+01	277	4
2813	ariundelger batdelger 99880421 шингэн саван	\N	5692179764	1	0	\N	\N	\N	2026-03-20 10:23:34.818218+01	2026-03-20 10:23:34.818237+01	207	4
2814	Lion garin xuusun savan set99079528	\N	5316045154	1	0	\N	\N	\N	2026-03-20 10:23:34.826051+01	2026-03-20 10:23:34.826072+01	207	4
2815	lion hand wash 88048001	\N	5312260404	1	0	\N	\N	\N	2026-03-20 10:23:34.829758+01	2026-03-20 10:23:34.829776+01	207	4
3348	Баттулга Хүрэлбат, 88081613, 240 ХААНААС: 190000 БАТТУЛГА ХҮРЭЛБАТ	\N	9000014472	1	0	\N	\N	\N	2026-03-24 18:02:38.969303+01	2026-03-24 18:02:38.969323+01	277	4
3349	Undarmaa tsognemeh 80090302 Пума 240	\N	5032181448	1	0	\N	\N	\N	2026-03-24 18:02:38.984704+01	2026-03-24 18:02:38.984726+01	277	4
2479	Dadhravdan Enkhjargal.99060641 Anua sh.tos	\N	5890689702	1	0	\N	\N	2026-03-20	2026-03-18 03:09:56.338791+01	2026-03-20 10:23:48.077761+01	148	2
2460	Dashravdan Enkhjargal99060641.Anua toner loti	\N	5890689702	1	0	\N	\N	2026-03-20	2026-03-18 00:22:57.964728+01	2026-03-20 10:23:50.341831+01	203	2
2532	B.Anu 89200724 ten ten vitamin 2shirheg	\N	5032456200	2	0	Hud 2-r horoo 19-r horoolol saarliin 4-r bair 4-r orts m13toot	\N	\N	2026-03-19 05:11:15.997876+01	2026-03-19 05:11:15.997897+01	205	4
3350	НарангооП. 88079407 Puma -270	\N	5055276060	1	0	\N	\N	\N	2026-03-24 18:02:38.996817+01	2026-03-24 18:02:38.996835+01	277	4
2817	tseveendorj sainbileg 90090288 K2D3 caltsi	\N	5863105788	1	0	\N	\N	\N	2026-03-20 10:38:44.679792+01	2026-03-20 10:38:44.679812+01	239	4
2818	99103506 (D3, K2)	\N	5421054361	1	0	\N	\N	\N	2026-03-20 10:38:44.687213+01	2026-03-20 10:38:44.687231+01	239	4
2819	99198611 k2d3	\N	5832155555	1	0	\N	\N	\N	2026-03-20 10:38:44.692545+01	2026-03-20 10:38:44.692565+01	239	4
2820	Dolgorsuren Sugar 86100262 K2D3-2sh	\N	5304708751	2	0	\N	\N	\N	2026-03-20 10:38:44.699836+01	2026-03-20 10:38:44.699857+01	239	4
3351	Ц. өнөрөө 88606788 пума 39 тавчик	\N	5746092487	1	0	\N	\N	\N	2026-03-24 18:02:39.009944+01	2026-03-24 18:02:39.009964+01	277	4
2822	Ten Ten vitamin, 80694000 ХААНААС: 190000 ОЮУН БАТБОЛД	\N	2201002180	1	0	\N	\N	\N	2026-03-20 10:45:04.691494+01	2026-03-20 10:45:04.691514+01	205	4
2823	99149615 tenten	\N	5030350996	1	0	\N	\N	\N	2026-03-20 10:45:04.699267+01	2026-03-20 10:45:04.699285+01	205	4
2824	EB -Lhagvasuren Erdenesugar 99043335, Sormuusnii b ХААНААС: 040000 ЭРДЭНЭСУГАР ЛХАГВАСҮРЭН	\N	403166217	1	0	\N	\N	\N	2026-03-20 10:48:01.051041+01	2026-03-20 10:48:01.05108+01	228	4
2825	naraa naraa 99136367 O Hui sormuusnii budag.	\N	5050211303	1	0	\N	\N	\N	2026-03-20 10:48:01.058109+01	2026-03-20 10:48:01.058127+01	228	4
2826	EB -ohui sormuusnii budag  99178711, oyuka oyunjar ХААНААС: 040000 ОЮУНЖАРГАЛ ДАРАМСҮРЭН	\N	430002145	1	0	\N	\N	\N	2026-03-20 10:48:01.063213+01	2026-03-20 10:48:01.063232+01	228	4
2827	Purevjargal Pjl 88096635 Ohui dual mascara	\N	5031161353	1	0	\N	\N	\N	2026-03-20 10:48:01.067616+01	2026-03-20 10:48:01.067632+01	228	4
2828	99373139 sulwsahoo mask-2sh	\N	5055170303	2	0	\N	\N	\N	2026-03-20 10:50:15.581879+01	2026-03-20 10:50:15.5819+01	188	4
2829	adidas oims M size 88113727	\N	5447108386	1	0	\N	\N	\N	2026-03-20 10:51:25.353897+01	2026-03-20 10:51:25.353916+01	190	4
3352	EB -У.Эрдэнэтуул-90115502-Puma tsagaan 39 size ХААНААС: 040000 ЭРДЭНЭТУУЛ УЛААНМААМ	\N	408045637	1	0	\N	\N	\N	2026-03-24 18:02:39.01966+01	2026-03-24 18:02:39.01971+01	277	4
3422	NARAA NARAN. 94007377. ADIDAS STAN SMITH ЗАГВАР SI ХААНААС: 150000 НАРАНГУА ЗУНДУЙЖАМЦ	\N	2705117618	1	0	\N	\N	\N	2026-03-25 02:14:46.857212+01	2026-03-25 02:14:46.857232+01	284	4
3442	99208827 clio cushion	\N	5001629011	1	0	\N	\N	\N	2026-03-25 03:12:38.654167+01	2026-03-25 03:12:38.654191+01	279	4
3559	Delguurt pantene shampoo	\N	5044019334	15	0	\N	\N	\N	2026-03-27 10:49:03.190127+01	2026-03-27 10:49:11.653919+01	106	4
1108	BosooMunguntuul91915274 Amerkano	\N	5009068894	1	0	\N	2026-03-25	\N	2026-03-06 20:42:43.639896+01	2026-03-25 04:31:24.513514+01	83	3
1007	EB -tos Galaads 99006252 ХААНААС: 040000 ГАЛБАДРАХ ДОЛЖИНСҮРЭН	\N	451123012	1	0	\N	2026-03-25	\N	2026-03-05 10:30:45.812877+01	2026-03-25 05:22:36.663424+01	94	3
2673	EB -Tuul Tuul, 99069896, Skincure celltrion (inner ХААНААС: 040000 ТУУЛ ТӨМӨРБААТАР	\N	460020992	1	0	\N	2026-03-25	\N	2026-03-20 07:47:25.770341+01	2026-03-25 06:28:57.472339+01	113	3
1104	badam b 88662267 tsunkh	\N	5592086464	1	0	Баянгол дүүрэг 17р хороо 38а 1202 тоот	2026-03-25	\N	2026-03-06 19:28:10.359233+01	2026-03-25 06:41:28.007564+01	90	3
1465	B.Enkhundral 99895899 nike tsunh	\N	5686062391	1	0	Баянгол дүүрэг Бичил энхбаярын замаар дээшээ өгсөөд Мега сити 112-р байр 1103тоот утас 99895899	\N	\N	2026-03-10 09:09:24.933271+01	2026-03-24 05:23:42.289551+01	90	6
2004	ОЮУНБИЛЭГ ЦОЛМОН 95502424 KAMUT1 ХААНААС: 150000 ОЮУНБИЛЭГ ЦОЛМОН	\N	4305123990	1	0	\N	\N	\N	2026-03-15 12:26:16.790485+01	2026-03-25 09:30:04.096953+01	182	6
2586	ten ten vit tserendejid yanjiv 88060180	\N	5014157778	1	0	\N	\N	\N	2026-03-19 06:05:14.541531+01	2026-03-25 09:33:01.005804+01	114	6
2171	ENKCHIMEG ENKHEE 91977111 TEN TEN ХААНААС: 150000 ЭНХЧИМЭГ ЭНХТУЯА	\N	2405016918	1	0	\N	\N	\N	2026-03-16 04:48:58.743812+01	2026-03-25 09:33:28.850736+01	114	6
2852	ts.gantuya bags set 96058033	\N	5009380688	1	0	\N	\N	\N	2026-03-20 10:55:55.926889+01	2026-03-20 10:55:55.926928+01	213	4
2853	EB -Lhagvasuren Erdenesugar 99043335, bags ХААНААС: 040000 ЭРДЭНЭСУГАР ЛХАГВАСҮРЭН	\N	403271609	1	0	\N	\N	\N	2026-03-20 10:55:55.933145+01	2026-03-20 10:55:55.933165+01	213	4
2854	99373139 багс ком-2ш	\N	5055170303	2	0	\N	\N	\N	2026-03-20 10:55:55.938041+01	2026-03-20 10:55:55.938058+01	213	4
2855	Цокоо Цог+99197343+DR.G/tos	\N	5027726184	1	0	\N	\N	\N	2026-03-20 10:57:32.918394+01	2026-03-20 10:57:32.91841+01	230	4
2856	odsu kh 88028890 snail	\N	5009269999	1	0	\N	\N	\N	2026-03-20 10:57:32.925979+01	2026-03-20 10:57:32.925999+01	230	4
3223	TenTen 3n shirheg ХААНААС: 340000 ГАНХОЛБОО АМЖАА	\N	102700278615	3	0	\N	2026-03-25	\N	2026-03-23 19:03:31.974985+01	2026-03-25 11:27:25.671008+01	114	3
2858	EB -UyanGa InGa 99054163 Vita C ХААНААС: 040000 УЯНГА ЦАГААНБААТАР	\N	499466063	1	0	\N	\N	\N	2026-03-20 11:00:12.122895+01	2026-03-23 11:30:31.799047+01	95	6
2857	ten ten AlimaaZaanaa	\N	5021286580	1	0	\N	2026-03-26	\N	2026-03-20 10:58:48.182372+01	2026-03-26 10:03:40.015195+01	114	3
2859	EB -Lhagvasuren Erdenesugar 99043335, bok ХААНААС: 040000 ЭРДЭНЭСУГАР ЛХАГВАСҮРЭН	\N	403271609	1	0	\N	\N	\N	2026-03-20 11:01:38.054804+01	2026-03-20 11:01:38.054829+01	208	4
2860	batbaatar narantuya 88059109 bok ХААНААС: 320000 НАРАНТУЯА БАТБААТАР	\N	5005942085	1	0	\N	\N	\N	2026-03-20 11:01:38.061586+01	2026-03-20 11:01:38.061606+01	208	4
2861	99996913 омега	\N	5019118676	1	0	\N	\N	\N	2026-03-20 11:03:14.7971+01	2026-03-20 11:03:14.797126+01	181	4
2862	Duurenbayar duuree 91119902 omega blackmores	\N	5006338991	1	0	\N	\N	\N	2026-03-20 11:03:14.804961+01	2026-03-20 11:03:14.804981+01	181	4
2863	80550050 Омего	\N	5027653205	1	0	\N	\N	\N	2026-03-20 11:03:14.810498+01	2026-03-20 11:03:14.810517+01	181	4
2865	od michid 99015559 BLACKMORE 2ш	\N	5119170031	2	0	\N	\N	\N	2026-03-20 11:03:14.821126+01	2026-03-20 11:03:14.821147+01	181	4
2866	Б.Гоо 99905399 Northface nogoon XXL	\N	5034424968	1	0	\N	\N	\N	2026-03-20 11:06:07.378599+01	2026-03-20 11:06:07.378623+01	240	4
2868	Dawaasuren Urnaa 94144124 могой тос 6ш	\N	5021339566	6	0	\N	\N	\N	2026-03-20 11:07:16.696819+01	2026-03-20 11:07:16.696839+01	227	4
2869	80550050 Weider Уураг	\N	5027653205	1	0	\N	\N	\N	2026-03-20 11:08:59.35815+01	2026-03-20 11:08:59.358168+01	231	4
2870	NF tawchik 260/41 gd neg guilgee	\N	5125085579	1	0	\N	\N	\N	2026-03-20 11:14:24.79776+01	2026-03-20 11:14:24.797784+01	126	4
2871	99373139 sulwhasoo serum-5sh	\N	5055170303	5	0	\N	\N	\N	2026-03-20 11:16:50.41943+01	2026-03-20 11:16:50.419451+01	153	4
2872	Д. удвал 99477360 Kirkland coffee bor savtai	\N	5064773902	1	0	\N	\N	\N	2026-03-20 11:17:47.028668+01	2026-03-20 11:17:47.028717+01	196	4
2873	Oyunmaa Tserennyam 99164462 nike size 32	\N	5079147323	1	0	\N	\N	\N	2026-03-20 11:19:08.542883+01	2026-03-20 11:19:08.542903+01	219	4
1528	Uyanga margad ten ten1	\N	5045441404	1	0	\N	2026-03-28	\N	2026-03-11 08:30:25.153311+01	2026-03-28 08:31:41.454367+01	114	3
2876	EB -Э.Янжинлхам 88986083 vital protiens collagen ХААНААС: 040000 ЯНЖИНЛХАМ ЭРДЭНЭБААТАР	\N	426138014	1	0	\N	\N	\N	2026-03-20 11:24:52.663852+01	2026-03-20 11:24:52.663875+01	212	4
2877	86041000 коллеган1sh,  tseetsee flora	\N	5034302972	1	0	\N	\N	\N	2026-03-20 11:27:39.072579+01	2026-03-20 11:27:39.072599+01	212	4
2878	Tuul Tuul, 99069896, Collagen-vital proteins	\N	5070224342	1	0	\N	\N	\N	2026-03-20 11:27:39.081842+01	2026-03-20 11:27:39.081861+01	212	4
2879	Dawaasuren Urnaa 94144124 Collagen 2ш	\N	5021339566	2	0	\N	\N	\N	2026-03-20 11:27:39.090238+01	2026-03-20 11:27:39.090258+01	212	4
2880	Удвал, 99477360, Su:M37° time energy special	\N	5064773902	1	0	\N	\N	\N	2026-03-20 11:32:02.2386+01	2026-03-20 11:32:02.238642+01	206	4
2881	92076161 ЦОЛМОН AЛТАНЗУЛ SUM37 KOM ХААНААС: 150000 АЛТАНЗУЛ ЦОЛМОН	\N	4005125727	1	0	\N	\N	\N	2026-03-20 11:32:02.249025+01	2026-03-20 11:32:02.249047+01	206	4
2882	Munxsarnai chinbat 88055322 mezclar bb 4xos ХААНААС: 320000 МӨНХСАРНАЙ ЧИНБАТ	\N	5001353373	4	0	\N	\N	\N	2026-03-20 11:33:52.618202+01	2026-03-20 11:33:52.61822+01	226	4
2883	AZAA AZZAYA 88092347 MK SANDAL ХААНААС: 390000 ДАВААНЯМ АЗЗАЯА	\N	8999004914	1	0	\N	\N	\N	2026-03-20 11:39:23.249979+01	2026-03-20 11:39:23.25+01	232	4
2884	Buyanaa 91914945 har mk sandal 240	\N	5035304059	1	0	\N	\N	\N	2026-03-20 11:39:23.257644+01	2026-03-20 11:39:23.257664+01	232	4
2885	цэнгэл цэнгэл 88070084, МК хар сандал22.5	\N	5304192725	1	0	\N	\N	\N	2026-03-20 11:39:23.262207+01	2026-03-20 11:39:23.262226+01	232	4
2886	Tsendgerel Mk tsagaan 36sz ХААНААС: 340000 ЦЭНДГЭРЭЛ ДАШБАЛБАР	\N	181900200050	1	0	\N	\N	\N	2026-03-20 11:39:23.266538+01	2026-03-20 11:39:23.266558+01	232	4
3353	95502424 ОЮУНБИЛЭГ ЦОЛМОН -ФИЛТЕР1 ХААНААС: 150000 ОЮУНБИЛЭГ ЦОЛМОН	\N	4305123990	1	0	\N	\N	\N	2026-03-24 18:05:59.728114+01	2026-03-24 18:05:59.728159+01	261	4
1006	Lhama lham 99823859  буурцагны тос ХААНААС: 320000 ЛХАМГАРАВ САМДАН	\N	5000802380	1	0	Чингэлтэй дүүрэг 16 хороо согоотын 17 10а  99823859	2026-03-24	\N	2026-03-05 10:30:45.808175+01	2026-03-24 10:12:23.941909+01	94	2
2355	size180, 99995330 Bolo roo	\N	5029763340	1	0	бгд нарны  хороолол  6р  байр 1р  орц  7 давхарт  25 тоот	\N	\N	2026-03-16 10:32:08.55688+01	2026-03-16 10:32:08.5569+01	183	4
2867	EB -99196908 Бат-Очир Төгөлдөр саарал,ногоон нортф ХААНААС: 040000 ТӨГӨЛДӨР БАТ-ОЧИР	\N	821039179	2	0	Сүхбаатар дүүрэг, 9-р хороо 426-р байр 11-3тоот	\N	\N	2026-03-20 11:06:07.389879+01	2026-03-20 11:06:07.389903+01	240	4
2896	ohui-02, lg-00, vonbee tsai 99069196 ХААНААС: 340000 ЦЭЦЭГБАДАМ ЦОГБАДРАХ	\N	360000186972	1	0	\N	\N	\N	2026-03-20 14:38:33.453184+01	2026-03-20 14:38:33.453218+01	224	4
2898	ohui-02, lg-00, vonbee tsai 99069196 ХААНААС: 340000 ЦЭЦЭГБАДАМ ЦОГБАДРАХ	\N	360000186972	1	0	\N	\N	\N	2026-03-20 14:39:04.972385+01	2026-03-20 14:39:04.972405+01	217	4
2899	ariundelger batdelger 99880421 ten ten-4sh	\N	5692179764	2	0	\N	\N	\N	2026-03-21 02:22:16.952365+01	2026-03-21 02:22:16.952784+01	205	4
2900	otgontuya oogii 88085843	\N	5024490570	2	0	\N	\N	\N	2026-03-21 02:25:11.749218+01	2026-03-21 02:25:11.749784+01	205	4
2901	otgontuya oogii 88085843	\N	5024490570	1	0	\N	\N	\N	2026-03-21 02:28:28.354648+01	2026-03-21 02:28:28.354675+01	163	4
2902	naraa naraa 99136367 Nike puuz 245razmer.krem	\N	5050211303	1	0	\N	\N	\N	2026-03-21 02:36:39.758647+01	2026-03-21 02:36:39.758715+01	219	4
2903	naraa naraa 99136367 Nike puuz 245razmer.krem	\N	5050211303	1	0	\N	\N	\N	2026-03-21 02:37:37.46741+01	2026-03-21 02:37:37.467821+01	226	4
2904	Д.Хандармаа 89053879 ХААНААС: 320000 ГЭНДЭН-ОЧИР ДҮГЭР-ОЧИР	\N	5005658486	1	0	\N	\N	\N	2026-03-21 02:47:27.775778+01	2026-03-21 02:47:27.775799+01	242	4
2905	Munkhchimeg munkhjargal MK ygaan 170 ХААНААС: 300000 МӨНХЧИМЭГ МӨНХЖАРГАЛ	\N	3011006180	1	0	\N	\N	\N	2026-03-21 02:52:34.000822+01	2026-03-21 02:52:34.000864+01	243	4
2906	Mk har 210 95784041 м.лхагвасүрэн	\N	5466154375	1	0	\N	\N	\N	2026-03-21 02:52:34.017459+01	2026-03-21 02:52:34.017477+01	243	4
1636	davaadulam Lha 96021246, su:m set	\N	5033091802	1	3200	\N	\N	\N	2026-03-12 10:57:59.434478+01	2026-03-25 10:32:00.657858+01	154	6
1708	nyamka sum37 full set 88017048	\N	5037123275	1	3600	\N	\N	\N	2026-03-12 12:16:41.235488+01	2026-03-25 10:35:09.008623+01	160	6
2907	м.лхагвасүрэн 95784041 mk  ygan naadg 210	\N	5466154375	1	0	\N	\N	\N	2026-03-21 02:52:34.027971+01	2026-03-21 02:52:34.02799+01	243	4
2910	nyamsuren niko 89070456	\N	5003500390	2	0	\N	\N	\N	2026-03-21 03:04:25.483046+01	2026-03-21 03:04:25.48309+01	205	4
1668	regzedmaa byambajav 88221131 history of whoo	\N	5070028642	1	0	ХУД 2 р хороо 13 байр Бадрах хотхон	\N	\N	2026-03-12 11:27:24.023943+01	2026-03-20 06:51:54.734572+01	155	1
1403	Uka zippy 89020160 ( lactofit shar 200ш)	\N	5014374974	1	0	10-р хороолол емартын хойно 65-р байр (инженер геидоиз гсэн бичигтэй) 9 давхах 93 тоот код:93в залгааюх	2026-03-24	\N	2026-03-09 04:58:19.421474+01	2026-03-24 10:10:20.549648+01	89	2
2466	norjinsuren bold 99257218 Heartleaf Set ХААНААС: 340000 НОРЖИНСҮРЭН БОЛД	\N	102900299998	1	0	\N	2026-03-21	\N	2026-03-18 01:20:28.066715+01	2026-03-21 10:59:34.974369+01	203	3
2911	otgoo otgoo 99084102 mogoin hortoi tos ХААНААС: 340000 ОТГОНЖАРГАЛ ЯДАМСҮРЭН	\N	360000176510	1	0	\N	\N	\N	2026-03-21 15:14:37.504058+01	2026-03-21 15:14:37.504104+01	227	4
2912	88124844 tos ulaan sabtai	\N	5750284989	1	0	\N	\N	\N	2026-03-21 15:14:37.52708+01	2026-03-21 15:14:37.527105+01	227	4
2913	Narmandah Mandhaa 99134184 ve moch tos	\N	5035255089	1	0	\N	\N	\N	2026-03-21 15:14:37.534419+01	2026-03-21 15:14:37.534437+01	227	4
2914	99092159 Sulw unt mask	\N	5112273646	1	0	\N	\N	\N	2026-03-21 15:15:37.906112+01	2026-03-21 15:15:37.906135+01	188	4
2916	Ж.БУЯНХИШИГ УТАС:98022229 OHUI CUSHION 01 MILK BEI ХААНААС: 150000 БУЯНХИШИГ ЖАМЪЯНМЯДАГ	\N	6265102453	1	0	\N	\N	\N	2026-03-21 15:38:42.274145+01	2026-03-21 15:38:42.274165+01	244	4
2917	алтанзул зулаа 88081208 ohui cushion #1	\N	5017316975	1	0	\N	\N	\N	2026-03-21 15:38:42.284195+01	2026-03-21 15:38:42.284216+01	244	4
2918	ohui qushion 1nomer Munkhjargal 99085874	\N	5028328150	1	0	\N	\N	\N	2026-03-21 15:38:42.290197+01	2026-03-21 15:38:42.290215+01	244	4
2919	ohi ochirbat,97000066,nomer-02 cusion	\N	5163094656	1	0	\N	\N	\N	2026-03-21 15:39:54.359727+01	2026-03-21 15:39:54.359753+01	245	4
2920	Bolor Bolor 88109251 O HUI cushion 2	\N	5035428973	1	0	\N	\N	\N	2026-03-21 15:39:54.365134+01	2026-03-21 15:39:54.365154+01	245	4
2921	OCHIR NARAA 99074285 OHUI CUSHION NOMER 2 ХААНААС: 150000 НАРАНДЭЛГЭР ОЧИРВААНЬ	\N	3155123271	1	0	\N	\N	\N	2026-03-21 15:39:54.373316+01	2026-03-21 15:39:54.373344+01	245	4
2922	onon enkhtsag, 88006017, ohui cushion no2	\N	5028485931	1	0	\N	\N	\N	2026-03-21 15:39:54.376436+01	2026-03-21 15:39:54.376448+01	245	4
2923	buya ulziitogtokh 99792401(ohui cushion #2)	\N	5021269892	1	0	\N	\N	\N	2026-03-21 15:39:54.381416+01	2026-03-21 15:39:54.381434+01	245	4
2924	cution 02 Gereltsatsral 99901004	\N	5753359692	1	0	\N	\N	\N	2026-03-21 15:39:54.385081+01	2026-03-21 15:39:54.385095+01	245	4
2925	99990483 OHUI 01,02 UNGU ХААНААС: 150000 АРИУНАА ДАМДИНСҮРЭН	\N	1505192189	1	0	\N	\N	\N	2026-03-21 15:42:16.768509+01	2026-03-21 15:42:16.768536+01	244	4
2926	ohui - 01,02 nomer 99069196 ХААНААС: 340000 ЦЭЦЭГБАДАМ ЦОГБАДРАХ	\N	360000186972	1	0	\N	\N	\N	2026-03-21 15:42:16.781525+01	2026-03-21 15:42:16.781546+01	244	4
2927	99990483 OHUI 01,02 UNGU ХААНААС: 150000 АРИУНАА ДАМДИНСҮРЭН	\N	1505192189	1	0	\N	\N	\N	2026-03-21 15:42:28.111351+01	2026-03-21 15:42:28.111376+01	245	4
2928	ohui - 01,02 nomer 99069196 ХААНААС: 340000 ЦЭЦЭГБАДАМ ЦОГБАДРАХ	\N	360000186972	1	0	\N	\N	\N	2026-03-21 15:42:28.123602+01	2026-03-21 15:42:28.123626+01	245	4
2929	milk beige01 otgonsaikhan 88609992	\N	5027809968	1	0	\N	\N	\N	2026-03-21 15:49:53.051943+01	2026-03-21 15:49:53.051962+01	244	4
2930	milk beige01 otgonsaikhan 88609992	\N	5027809968	1	0	\N	\N	\N	2026-03-21 15:51:00.793432+01	2026-03-21 15:51:00.793455+01	244	4
2931	ariundelger batdelger 99880421OHUI cusion 01	\N	5692179764	1	0	\N	\N	\N	2026-03-21 15:51:00.801173+01	2026-03-21 15:51:00.801194+01	244	4
2932	EB -Oyun Undraa 99799886 Ohui cushion 1 nomer ХААНААС: 040000 OYUN-UNDRAA BYAMBASUREN	\N	458040996	1	0	\N	\N	\N	2026-03-21 15:51:00.822322+01	2026-03-21 15:51:00.822357+01	244	4
2933	Д. Удвал, 99477360, ohiu cushion 01	\N	5064773902	1	0	\N	\N	\N	2026-03-21 15:51:00.843259+01	2026-03-21 15:51:00.843278+01	244	4
2934	Dawaasuren Urnaa94144124 O HUI  01 nomer Milk	\N	5021339566	1	0	\N	\N	\N	2026-03-21 15:51:00.866162+01	2026-03-21 15:51:00.866183+01	244	4
2935	EB -Cushion 01, 99178711, oyuka oyunjargal ХААНААС: 040000 ОЮУНЖАРГАЛ ДАРАМСҮРЭН	\N	430002145	1	0	\N	\N	\N	2026-03-21 15:51:00.872407+01	2026-03-21 15:51:00.87243+01	244	4
2936	tseveendorj sainbileg 90090288 OHU kushn 01	\N	5863105788	1	0	\N	\N	\N	2026-03-21 15:51:00.88105+01	2026-03-21 15:51:00.881067+01	244	4
2937	Purevjargal Pjl 88096635 Ohui cush 01	\N	5031161353	1	0	\N	\N	\N	2026-03-21 15:51:00.890477+01	2026-03-21 15:51:00.890494+01	244	4
2938	Santsai 90954949, ohui cushion 02	\N	5077202333	1	0	\N	\N	\N	2026-03-21 15:54:00.654349+01	2026-03-21 15:54:00.654389+01	245	4
2939	Цокоо Цог+99197343+OHUI/02	\N	5027726184	1	0	\N	\N	\N	2026-03-21 15:54:00.662476+01	2026-03-21 15:54:00.662496+01	245	4
2940	Davaagerel Batbold 99108255 Ohui cusion 02	\N	5037171569	1	0	\N	\N	\N	2026-03-21 15:54:00.666653+01	2026-03-21 15:54:00.666674+01	245	4
2941	naraa naraa 99136367 O Hui ult cover cushion	\N	5050211303	1	0	\N	\N	\N	2026-03-21 15:54:00.673343+01	2026-03-21 15:54:00.673362+01	245	4
2942	oyunjargal damdindorj cushion 2nomer	\N	5023480392	1	0	\N	\N	\N	2026-03-21 15:54:00.681516+01	2026-03-21 15:54:00.681537+01	245	4
2943	o Hui 02 99023075	\N	5055172606	1	0	\N	\N	\N	2026-03-21 15:54:00.689446+01	2026-03-21 15:54:00.689468+01	245	4
2944	miigaa myagmarsuren 80208808 ohui 23	\N	5029618724	1	0	\N	\N	\N	2026-03-21 15:54:00.70048+01	2026-03-21 15:54:00.7005+01	245	4
2945	EB -perle perlita 95606868 ohui cushion 02 ХААНААС: 040000 СУВДАА ЖАМЪЯН	\N	473066458	1	0	\N	\N	\N	2026-03-21 15:54:00.709772+01	2026-03-21 15:54:00.709793+01	245	4
2946	ONIPANI .99013198( 02) ХААНААС: 150000 НЯМЖАВ ПҮРЭВСҮРЭН	\N	1105174203	1	0	\N	\N	\N	2026-03-21 15:54:00.717009+01	2026-03-21 15:54:00.717028+01	245	4
2947	UYANGA BZ 94990061 OHUI CUSHION 02 ХААНААС: 150000 УЯНГА БАЗАРРАГЧАА	\N	1705169665	1	0	\N	\N	\N	2026-03-21 15:54:00.721999+01	2026-03-21 15:54:00.722017+01	245	4
2948	Munxsarnai chinbat 88055322 02cushion ХААНААС: 320000 МӨНХСАРНАЙ ЧИНБАТ	\N	5001353373	1	0	\N	\N	\N	2026-03-21 15:54:00.727824+01	2026-03-21 15:54:00.727843+01	245	4
2949	ohui cushion 02 88048001	\N	5312260404	1	0	\N	\N	\N	2026-03-21 15:54:00.735135+01	2026-03-21 15:54:00.735156+01	245	4
2950	Enhjargal Buynbadrah-OHUI-23-88115166	\N	5753814814	1	0	\N	\N	\N	2026-03-21 15:54:00.739828+01	2026-03-21 15:54:00.739848+01	245	4
2915	EB -Munkhzul Zulaa 94491818 Sulwhasoo Overnight Vi ХААНААС: 040000 МӨНХЗУЛ ОТГОНСҮРЭН	\N	463002472	1	0	Худ 20 хороо мишээл экспо баруун талд 84байр 91 тоот	\N	\N	2026-03-21 15:15:37.917353+01	2026-03-21 15:15:37.917373+01	188	4
2294	Nasanjargal Nasaa 86169490 NikeV5 bor 42size ХААНААС: 320000 НАСАНЖАРГАЛ БЯМБА	\N	5005964481	1	0	Дорнод аймаг 86169490	\N	\N	2026-03-16 08:40:40.833924+01	2026-03-16 08:40:40.834047+01	183	4
3354	Zulaa Zul 99821180 gadarguu tsewerlegch	\N	5006397414	1	0	\N	\N	\N	2026-03-24 18:09:29.188032+01	2026-03-24 18:09:29.188063+01	278	4
2984	ZAYA ZAYA 80363188 MEZCLAR BB ХААНААС: 150000 ОЮУНЗАЯА ЭРДЭНЭЭ	\N	4015123244	1	0	Эрдэнэт хот	\N	\N	2026-03-21 16:49:41.04537+01	2026-03-21 16:49:41.045401+01	226	4
3560	Delguurt pantene conditioner	\N	5044019334	7	0	\N	\N	\N	2026-03-27 11:14:25.259749+01	2026-03-27 11:14:34.826775+01	107	4
3583	фодвалk jordan 99907791 XL 2sh	\N	5163123431	2	0	\N	\N	\N	2026-03-27 18:12:05.333201+01	2026-03-27 18:12:05.333222+01	300	4
2956	Dairiihvv Dairii 99230609 Saaral alchuur	\N	5133169302	1	0	\N	\N	\N	2026-03-21 15:57:43.579197+01	2026-03-21 15:57:43.579258+01	237	4
2957	Tsevelmaa 86091199 white	\N	5021250348	1	0	\N	\N	\N	2026-03-21 15:57:43.591218+01	2026-03-21 15:57:43.591236+01	237	4
2958	GANJAA BAATAR 88054533 ХААНААС: 040000 БИДГАНЖИДМАА БААТАР	\N	467002441	1	0	\N	\N	\N	2026-03-21 15:57:43.602211+01	2026-03-21 15:57:43.60223+01	237	4
2959	SOKO SOLONGO 99042060 SAARAL ALCHUUR ХААНААС: 150000 ЧУЛУУНЦЭЦЭГ НЯМДОРЖ	\N	1175104592	1	0	\N	\N	\N	2026-03-21 15:57:43.606286+01	2026-03-21 15:57:43.606304+01	237	4
2951	EB -Уугий ханаа 88009088 honey beige-02 2shirheg ХААНААС: 040000 ЦЭНДСҮРЭН БАЯРЖАРГАЛ	\N	406097558	2	0	\N	\N	\N	2026-03-21 15:54:00.743634+01	2026-03-21 16:10:07.282061+01	245	4
3584	88031598 nike jordan har podvolk XL 2shirheg	\N	5753814778	2	0	\N	\N	\N	2026-03-27 18:12:05.35059+01	2026-03-27 18:12:05.350609+01	300	4
2990	haliun narangerel 90151208 aveeno sawan	\N	5031785939	1	0	\N	\N	\N	2026-03-21 16:56:32.900449+01	2026-03-21 16:56:32.900469+01	247	4
2961	Uganda margad	\N	5045441404	1	0	\N	\N	\N	2026-03-21 16:19:38.89496+01	2026-03-21 16:20:04.060811+01	208	1
2962	Uganda margad	\N	5045441404	1	0	\N	\N	\N	2026-03-21 16:20:42.154059+01	2026-03-21 16:20:42.161671+01	163	1
2963	SAIN SAIN 99191527 SAMSONITE SAARAL., TEN TEN 2 SH ХААНААС: 150000 САЙНТӨГС СҮХДАВАА	\N	1109228372	2	0	\N	\N	\N	2026-03-21 16:21:02.610079+01	2026-03-21 16:21:02.6101+01	205	4
2991	Aveeno lavanda body wash 88048001	\N	5000772005	1	0	\N	\N	\N	2026-03-21 16:56:32.915579+01	2026-03-21 16:56:32.915613+01	247	4
2992	MYAGMARSUREN MUNKHZUL 88018001 AVEENO WASH ХААНААС: 150000 ТҮВШИНСАЙХАН ЧУЛУУНБААТАР	\N	1605169146	1	0	\N	\N	\N	2026-03-21 16:57:30.01966+01	2026-03-21 16:57:30.019714+01	248	4
2965	Uganda merged collagen	\N	5045441404	1	0	\N	\N	\N	2026-03-21 16:22:35.823868+01	2026-03-21 16:22:35.828886+01	212	1
2966	SAIN SAIN 99191527 SAMSONITE SAARAL., TEN TEN 2 SH ХААНААС: 150000 САЙНТӨГС СҮХДАВАА	\N	1109228372	1	0	\N	\N	\N	2026-03-21 16:22:37.207285+01	2026-03-21 16:22:37.207305+01	208	4
2993	PN HN 96666367, Aveeno body wash ногоон-1	\N	5108102813	1	0	\N	\N	\N	2026-03-21 16:58:26.565299+01	2026-03-21 16:58:26.565321+01	248	4
2968	uuya bla 85186930	\N	5070508662	1	0	\N	\N	\N	2026-03-21 16:24:13.476991+01	2026-03-21 16:24:13.477013+01	245	4
2964	Uyanda Margad	\N	5045441404	2	0	\N	\N	\N	2026-03-21 16:21:19.092054+01	2026-03-21 16:25:56.219174+01	244	1
2994	SOKO SOLONGO 99042060 AVEENO BODYWASH NOGOON ONGO ХААНААС: 150000 ЧУЛУУНЦЭЦЭГ НЯМДОРЖ	\N	1175104592	1	0	\N	\N	\N	2026-03-21 16:58:26.573447+01	2026-03-21 16:58:26.573465+01	248	4
2970	ganchuluu ganzaya 96443535 ohui 02-8sh	\N	5370031177	8	0	\N	\N	\N	2026-03-21 16:33:29.530075+01	2026-03-21 16:33:29.530096+01	245	4
2971	96001612 OHui 2 номер	\N	5007503400	1	0	\N	\N	\N	2026-03-21 16:33:35.682166+01	2026-03-21 16:33:35.682183+01	245	4
2972	кюшин 2  номер 99192125	\N	5030312156	1	0	\N	\N	\N	2026-03-21 16:33:35.689795+01	2026-03-21 16:33:35.689812+01	245	4
2969	Uyanga Margad sormuus	\N	5045441404	2	0	\N	\N	\N	2026-03-21 16:27:15.115103+01	2026-03-21 16:33:56.261159+01	228	1
2973	tungalag tomortogoo, 96735220, #02,	\N	5031413121	1	0	\N	\N	\N	2026-03-21 16:38:34.038457+01	2026-03-21 16:38:34.038481+01	245	4
2975	khishgee khishgee 88044581 23 nomer 02	\N	5496032666	1	0	\N	\N	\N	2026-03-21 16:38:34.050667+01	2026-03-21 16:38:34.050727+01	245	4
2976	Б.Тунгаа 80077283 ohiu cution 02	\N	5175083639	1	0	\N	\N	\N	2026-03-21 16:38:34.05596+01	2026-03-21 16:38:34.055986+01	245	4
2977	oyun erdene ohui cusion 02 90005520	\N	5954272995	1	0	\N	\N	\N	2026-03-21 16:38:34.064196+01	2026-03-21 16:38:34.064222+01	245	4
2978	chakugi ohui 01  cushion 99101382	\N	5077089257	1	0	\N	\N	\N	2026-03-21 16:44:33.728561+01	2026-03-21 16:44:33.728586+01	244	4
2979	01 ohui Erdenebileg lhamaa 90114141	\N	5062095701	1	0	\N	\N	\N	2026-03-21 16:44:33.736235+01	2026-03-21 16:44:33.736255+01	244	4
2980	EB -Nasaa Nyamdorj, 91080121, 01 OHUI Cusion ХААНААС: 040000 НАСАНТОГТОХ НЯМДОРЖ	\N	415102550	1	0	\N	\N	\N	2026-03-21 16:44:33.743235+01	2026-03-21 16:44:33.743256+01	244	4
2981	tseene-99123697-ohui cushio zapas	\N	5068032234	1	0	\N	\N	\N	2026-03-21 16:46:10.691772+01	2026-03-21 16:46:10.691794+01	244	4
2982	Ohui cucion, Aagii Aagii 91915108	\N	5041058832	1	0	\N	\N	\N	2026-03-21 16:47:38.352944+01	2026-03-21 16:47:38.352967+01	245	4
2983	EB -Ori ori, 88061956, ohui cusion honey beige ХААНААС: 040000 ЭНХ-ОРГИЛ НЯМДОРЖ	\N	471028519	1	0	\N	\N	\N	2026-03-21 16:47:38.369773+01	2026-03-21 16:47:38.369795+01	245	4
2985	Urtnasan 88388399 MEZCLAR BB	\N	5304666888	1	0	\N	\N	\N	2026-03-21 16:49:41.064438+01	2026-03-21 16:49:41.064466+01	226	4
2986	otgoo otgoo 99084102 mezclar bb crem ХААНААС: 340000 ОТГОНЖАРГАЛ ЯДАМСҮРЭН	\N	360000176510	1	0	\N	\N	\N	2026-03-21 16:49:41.070236+01	2026-03-21 16:49:41.070258+01	226	4
2987	89870907 Dawka Ganzorig mezclar bb cream	\N	5540311016	1	0	\N	\N	\N	2026-03-21 16:49:41.079384+01	2026-03-21 16:49:41.079399+01	226	4
2988	Bb cream 80956622	\N	5039421407	1	0	\N	\N	\N	2026-03-21 16:49:41.082518+01	2026-03-21 16:49:41.082531+01	226	4
2989	uyanga enh-amar 90089911 mezclar BB	\N	5064580161	1	0	\N	\N	\N	2026-03-21 16:49:41.085931+01	2026-03-21 16:49:41.085948+01	226	4
2995	tungalag tumurtogoo, 96735220sulwhashoo serum	\N	5031413121	2	0	\N	\N	\N	2026-03-21 17:17:40.67723+01	2026-03-21 17:17:40.677248+01	153	4
2996	88124844 gariin 3 Tai saban	\N	5076418694	1	0	\N	\N	\N	2026-03-21 17:18:20.951823+01	2026-03-21 17:18:20.951842+01	207	4
2997	tenten nyamka 88017048	\N	5037123275	1	0	\N	\N	\N	2026-03-21 17:18:50.557226+01	2026-03-21 17:18:50.557247+01	205	4
2998	Chuka chuba 88009432 ten ten	\N	5016139417	1	0	\N	\N	\N	2026-03-21 17:18:50.567646+01	2026-03-21 17:18:50.567665+01	205	4
2999	badam b 88662267 ten ten	\N	5592086464	1	0	\N	\N	\N	2026-03-21 17:18:50.579224+01	2026-03-21 17:18:50.57925+01	205	4
3000	Сувд-Эрдэнэ Эрдэнэхүү 96656161 Ten ten vit	\N	5050270299	1	0	\N	\N	\N	2026-03-21 17:18:50.597209+01	2026-03-21 17:18:50.597232+01	205	4
3001	80550050  Ten Ten 2	\N	5027653205	2	0	\N	\N	\N	2026-03-21 17:18:50.617497+01	2026-03-21 17:18:50.617521+01	205	4
3002	88055064 UYANGA UYANGA 3SH TEN TEN ХААНААС: 150000 УЯНГА ЭРДЭНЭТӨГС	\N	2509190952	3	0	\N	\N	\N	2026-03-21 17:18:50.626827+01	2026-03-21 17:18:50.626845+01	205	4
3003	TUVSHINZAYA ZAYA, 88093179, NOGOO SEGSREGCH ХААНААС: 150000 ТҮВШИНЗАЯА ЭНХБАЯР	\N	2705129078	1	0	\N	\N	\N	2026-03-21 17:19:16.859217+01	2026-03-21 17:19:16.859242+01	168	4
3004	EB -88099901 K2D3 ХААНААС: 040000 АРИУНТУЯА ГАВАА	\N	411067958	1	0	\N	\N	\N	2026-03-21 17:19:39.321927+01	2026-03-21 17:19:39.321944+01	239	4
3005	99828322 K2D3 Вит	\N	5006875834	1	0	\N	\N	\N	2026-03-21 17:19:39.327421+01	2026-03-21 17:19:39.327437+01	239	4
3006	80550050  D3 k2	\N	5027653205	1	0	\N	\N	\N	2026-03-21 17:19:39.331601+01	2026-03-21 17:19:39.331617+01	239	4
3007	Oyunsuvd 99994113 k2+d3 -1shirheg	\N	5094405671	1	0	\N	\N	\N	2026-03-21 17:19:39.335838+01	2026-03-21 17:19:39.335853+01	239	4
3008	k2D3 buyanaa shanjmyatav 99187820	\N	5034934796	1	0	\N	\N	\N	2026-03-21 17:19:39.339194+01	2026-03-21 17:19:39.339208+01	239	4
3009	нойл цэвэрлэх , энхцэг хүрэлбаатар ,80640701	\N	5163485607	1	0	\N	\N	\N	2026-03-21 17:23:18.162122+01	2026-03-21 17:23:18.162144+01	249	4
3010	88081010 scrubbing bubbles	\N	5003388899	1	0	\N	\N	\N	2026-03-21 17:23:18.169761+01	2026-03-21 17:23:18.169783+01	249	4
3011	Bolor Bolor 88109251 noil tseverlegch vnertvv	\N	5035428973	1	0	\N	\N	\N	2026-03-21 17:23:18.17448+01	2026-03-21 17:23:18.174498+01	249	4
3012	EB -91443314 Otgon jargal, scrubbing bubbles ХААНААС: 040000 ОТГОНЖАРГАЛ ДАВААДАГВА	\N	445000687	1	0	\N	\N	\N	2026-03-21 17:23:18.180541+01	2026-03-21 17:23:18.180562+01	249	4
3014	89999393,00 цэвэрлэгч үнэртүүлэгч	\N	5246266726	1	0	\N	\N	\N	2026-03-21 17:23:18.189071+01	2026-03-21 17:23:18.189086+01	249	4
3015	EB -Buyandelger Gantomor Srubing bubbles ХААНААС: 040000 ХИШИГМАА БАТТӨГС	\N	403144635	1	0	\N	\N	\N	2026-03-21 17:23:18.194243+01	2026-03-21 17:23:18.194262+01	249	4
3016	Nyam Jargal 88226632 scrubbing bubbles	\N	5114338740	1	0	\N	\N	\N	2026-03-21 17:23:18.199035+01	2026-03-21 17:23:18.199053+01	249	4
3017	oims adidas M size nyamka 88017048	\N	5037123275	1	0	\N	\N	\N	2026-03-21 17:23:39.727763+01	2026-03-21 17:23:39.727781+01	190	4
3018	oinbileg moonshine Malgai	\N	5028208990	1	0	\N	\N	\N	2026-03-21 17:26:57.846517+01	2026-03-21 17:26:57.846538+01	250	4
3019	Jordan malgai.Baaska purevjav.89122332	\N	5019288548	1	0	\N	\N	\N	2026-03-21 17:26:57.854129+01	2026-03-21 17:26:57.854149+01	250	4
3020	Б.ТҮМЭНЖАРГАЛ 88860895 jordan malgai	\N	5721132330	1	0	\N	\N	\N	2026-03-21 17:26:57.859273+01	2026-03-21 17:26:57.859294+01	250	4
3021	BUJIN DASHDONDOG 99073664 BAGS ХААНААС: 150000 БҮЗМАА ДАШДОНДОГ	\N	2105103837	1	0	\N	\N	\N	2026-03-21 17:29:05.247773+01	2026-03-21 17:29:05.247797+01	213	4
3022	Altantuya Purevjav 99063553 Dr.G tos	\N	5403554401	1	0	\N	\N	\N	2026-03-21 17:30:15.453548+01	2026-03-21 17:30:15.453567+01	230	4
3355	Төмөрхуяг Ганзориг 99270110 ам зайлагч	\N	5043010309	1	0	\N	\N	\N	2026-03-24 18:11:14.810316+01	2026-03-24 18:11:14.810343+01	198	4
3025	ts.gantuya zowhinii tos 96058033	\N	5009380688	1	0	\N	\N	\N	2026-03-21 17:34:43.826044+01	2026-03-21 17:34:43.826068+01	251	4
3026	odmaa Damdinsuren 99299825 costco yey cream	\N	5062065969	1	0	\N	\N	\N	2026-03-21 17:34:43.844346+01	2026-03-21 17:34:43.844373+01	251	4
3027	EB -SE Azjargal 99351885 AHC eye cream ХААНААС: 040000 АЗЖАРГАЛ ЭРДЭНЭ-ОЧИР	\N	407185577	1	0	\N	\N	\N	2026-03-21 17:34:43.854708+01	2026-03-21 17:34:43.854729+01	251	4
3028	80694000, anc ten revolution eye cream ХААНААС: 190000 ОЮУН БАТБОЛД	\N	2201002180	1	0	\N	\N	\N	2026-03-21 17:34:43.866061+01	2026-03-21 17:34:43.866081+01	251	4
3029	ОТГОН ЦЭЦЭГ 89131661 ЗОВХИНЫ ТОС ХААНААС: 150000 ОТГОНЦЭЦЭГ АЮУРЗАНА	\N	4015104605	1	0	\N	\N	\N	2026-03-21 17:34:43.876591+01	2026-03-21 17:34:43.876615+01	251	4
3030	AHC eye cream.Baaska purevjav.89122332	\N	5019288548	1	0	\N	\N	\N	2026-03-21 17:34:43.886722+01	2026-03-21 17:34:43.886742+01	251	4
3031	AHC Chuka chuba 88009432	\N	5016139417	1	0	\N	\N	\N	2026-03-21 17:34:43.892615+01	2026-03-21 17:34:43.892639+01	251	4
3032	NARAA CH 91912924 KIRKLAND VOK ХААНААС: 150000 НАРАНЦЭЦЭГ ЧОГНИЙ	\N	1109153315	1	0	\N	\N	\N	2026-03-21 17:36:11.990538+01	2026-03-21 17:36:11.990556+01	208	4
3033	Banii alchur tsagan saral Munkhjargal99085874	\N	5028328150	2	0	\N	\N	\N	2026-03-21 17:39:52.874301+01	2026-03-21 17:39:52.874329+01	237	4
3034	Ganbaatar Bayarmaa 88990529 Alchuur	\N	5055185694	2	0	\N	\N	\N	2026-03-21 17:39:52.890801+01	2026-03-21 17:39:52.890819+01	237	4
3035	G.Batchimeg 96010032/K2D3 -s 2 ш	\N	5749317830	2	0	\N	\N	\N	2026-03-21 17:43:06.257593+01	2026-03-21 17:43:06.257623+01	239	4
3036	uchral chaak 88047048 kaltsi	\N	5585333389	2	0	\N	\N	\N	2026-03-21 17:43:06.267113+01	2026-03-21 17:43:06.26715+01	239	4
3037	Bayansan tseween 99193417 пудволк XL	\N	5037455676	1	0	\N	\N	\N	2026-03-21 17:44:48.744279+01	2026-03-21 17:44:48.744311+01	240	4
3038	Uurag 88024130 ХААНААС: 340000 МӨНХЦЭЦЭГ ДОРЖ	\N	340601627828	1	0	\N	\N	\N	2026-03-21 17:46:47.393594+01	2026-03-21 17:46:47.393637+01	231	4
3041	Ч.Халиун 96902337; Nike terra 245 sz39	\N	5027011074	1	0	\N	\N	\N	2026-03-21 17:49:42.313425+01	2026-03-21 17:49:42.313453+01	219	4
3042	ЦОЛМОН АЛТАНЗУЛ 92076161 35 РАЗ ГУТАЛ ХААНААС: 150000 АЛТАНЗУЛ ЦОЛМОН	\N	4005125727	1	0	\N	\N	\N	2026-03-21 17:49:42.321037+01	2026-03-21 17:49:42.321054+01	219	4
2097	EB -Munkhzul Zulaa 94491818 Vonbee ХААНААС: 040000 МӨНХЗУЛ ОТГОНСҮРЭН	\N	463002472	1	0	Худ 20 хороо мишээл экспо баруун талд 84байр 91 тоот	\N	\N	2026-03-16 04:07:37.023211+01	2026-03-16 04:07:37.023229+01	189	1
3043	TUVSHINZAYA ZAYA, 88093179, 170SHIRHEGTEI STARBUCK ХААНААС: 150000 ТҮВШИНЗАЯА ЭНХБАЯР	\N	2705129078	1	0	\N	\N	\N	2026-03-21 17:51:12.170573+01	2026-03-21 17:51:12.1706+01	184	4
3046	PN HN 96666367, collagen-1	\N	5108102813	1	0	\N	\N	\N	2026-03-21 18:01:00.306407+01	2026-03-21 18:01:00.306436+01	212	4
3047	ОТГОН ЦЭЦЭГ 89131661 коллеган	\N	5094102166	1	0	\N	\N	\N	2026-03-21 18:01:00.314631+01	2026-03-21 18:01:00.31465+01	212	4
3048	99083353 collagen	\N	5064310751	1	0	\N	\N	\N	2026-03-21 18:01:00.320354+01	2026-03-21 18:01:00.320374+01	212	4
3049	Nyam Jargal 88226632 vital proteins collagen	\N	5114338740	1	0	\N	\N	\N	2026-03-21 18:01:00.326248+01	2026-03-21 18:01:00.326268+01	212	4
3050	91090133 Nike FLYKNIT raz250-39	\N	5032486870	1	0	\N	\N	\N	2026-03-21 18:11:25.009487+01	2026-03-21 18:11:25.00951+01	252	4
3051	заяа ганхуяг 88083099 bloom 38	\N	5031151651	1	0	\N	\N	\N	2026-03-21 18:11:25.016776+01	2026-03-21 18:11:25.016793+01	252	4
3052	G.Batchimeg 96010032 OMEGA-3 -s 2 ш	\N	5749317830	2	0	\N	\N	\N	2026-03-21 18:14:39.984278+01	2026-03-21 18:14:39.984295+01	181	4
3044	ZAYA ZAYA 80363188 O HUI CREAM 01, 02 ХААНААС: 150000 ОЮУНЗАЯА ЭРДЭНЭЭ	\N	4015123244	1	0	Эрдэнэт хот	\N	\N	2026-03-21 17:56:39.244475+01	2026-03-21 17:56:39.244527+01	244	4
3054	EB -Munkhchimeg mch, 99781795, SU:M37 Time energy ХААНААС: 040000 БАЛДАНСАМБУУ ТУНГАЛАГ	\N	460071696	1	0	\N	\N	\N	2026-03-21 18:15:55.371151+01	2026-03-21 18:15:55.371172+01	206	4
3045	ZAYA ZAYA 80363188 O HUI CREAM 01, 02 ХААНААС: 150000 ОЮУНЗАЯА ЭРДЭНЭЭ	\N	4015123244	1	0	Эрдэнэт хот	\N	\N	2026-03-21 17:57:13.093859+01	2026-03-21 17:57:13.09389+01	245	4
3057	narantuya otgonbaatar 99038221 сандал мк 235 цагаа ХААНААС: 340000 ТЭНГИС ТҮМЭНЖАРГАЛ	\N	311300312238	1	0	\N	\N	\N	2026-03-21 18:38:14.321073+01	2026-03-21 18:38:14.321097+01	232	4
3447	ts.gantuya Clio cushion 96058033	\N	5009380688	1	0	\N	\N	\N	2026-03-25 15:37:37.376309+01	2026-03-25 15:37:37.376333+01	279	4
3039	Eegii Eegii 90222290 уураг-2ширхэг	\N	5070079970	2	0	Өвөрхангай аймаг 90222290	\N	\N	2026-03-21 17:46:47.401133+01	2026-03-21 17:46:47.401152+01	231	4
3040	Uranbileg Davaasuren 88052701 kirkland coffee	\N	5107105350	1	0	ХУД 19-р хороо УБ таун 83-р байр 204 тоот	\N	\N	2026-03-21 17:48:19.177553+01	2026-03-21 17:48:19.177572+01	196	4
3585	odgerel myagmar 96666255 nike jordan fudwolk	\N	5057661174	1	0	\N	\N	\N	2026-03-27 18:14:36.658719+01	2026-03-27 18:14:36.658753+01	300	4
3586	pudvolk XL 99018595	\N	5091106038	1	0	\N	\N	\N	2026-03-27 18:14:36.677909+01	2026-03-27 18:14:36.677932+01	300	4
3561	Delguurt Buurtsag tos	\N	5044019334	26	0	\N	\N	\N	2026-03-27 11:16:04.672767+01	2026-03-29 18:28:44.063661+02	94	4
3058	OHUI 02 + COLLAGEN MUNKHNARAN 99600550 ХААНААС: 150000 МӨНХНАРАН ДЭЛГЭРДҮҮРЭН	\N	1805114824	1	0	\N	\N	\N	2026-03-21 18:40:48.581224+01	2026-03-21 18:40:48.581246+01	245	4
3059	OHUI 02 + COLLAGEN MUNKHNARAN 99600550 ХААНААС: 150000 МӨНХНАРАН ДЭЛГЭРДҮҮРЭН	\N	1805114824	1	0	\N	\N	\N	2026-03-21 18:41:05.90756+01	2026-03-21 18:41:05.907586+01	212	4
3060	bolor sosor91992783 AHC cream,VP collagen	\N	5013075545	1	0	\N	\N	\N	2026-03-21 18:43:38.313614+01	2026-03-21 18:43:38.313634+01	251	4
3061	bolor sosor91992783 AHC cream,VP collagen	\N	5013075545	1	0	\N	\N	\N	2026-03-21 18:43:53.625617+01	2026-03-21 18:43:53.625639+01	212	4
3062	nandia 96643990 mungulug240	\N	5075083609	1	0	\N	\N	\N	2026-03-21 18:51:10.228228+01	2026-03-21 18:51:10.228246+01	254	4
3063	urangoo davaasuren 98999724 altlag 235	\N	5168414562	1	0	\N	\N	\N	2026-03-21 18:52:00.154639+01	2026-03-21 18:52:00.154656+01	255	4
3064	EB -Ш Нансалмаа 99070921 алтлаг шар 245 MK ХААНААС: 040000 НАНСАЛМАА ШАРАВНЯМБУУ	\N	405052116	1	0	\N	\N	\N	2026-03-21 18:52:00.161467+01	2026-03-21 18:52:00.1615+01	255	4
3071	HALIUNAA BAT SALOMON HAR 41SIZE ХААНААС: 150000 ХАЛИУНАА БАТЗОРИГ	\N	4715101784	1	0	\N	\N	\N	2026-03-21 19:12:55.744069+01	2026-03-21 19:12:55.744092+01	257	4
3072	uchral chaak 88047048 uurag 10 sh	\N	5304533449	10	0	\N	\N	\N	2026-03-21 19:14:24.125202+01	2026-03-21 19:14:24.125222+01	231	4
3073	Nyamka Jagaa, 91113274, mogoin hortoi tos	\N	5018020114	1	0	\N	\N	\N	2026-03-21 19:18:42.884829+01	2026-03-21 19:18:42.884853+01	227	4
3074	uuya bla 85186930 mogoin hortoi tos 2 sh	\N	5070508662	2	0	\N	\N	\N	2026-03-21 19:18:42.910665+01	2026-03-21 19:18:42.910736+01	227	4
3075	Narmandah Mandhaa 99134184 ve moch tos	\N	5035255089	1	0	\N	\N	\N	2026-03-21 19:18:42.918234+01	2026-03-21 19:18:42.918254+01	227	4
3076	EB -Цогзоо Сувдмаа 99076556 ВВ cream ХААНААС: 040000 СУВДМАА ЦОГЗОО	\N	410175996	1	0	\N	\N	\N	2026-03-21 19:21:21.295508+01	2026-03-21 19:21:21.29553+01	226	4
3077	ENKHNARAN 88113663 MEZCLAR BBCREAM ХААНААС: 150000 ЭНХНАРАН ТӨМӨРБААТАР	\N	1105118339	1	0	\N	\N	\N	2026-03-21 19:21:21.302934+01	2026-03-21 19:21:21.302953+01	226	4
3078	AVEENO NOGOON TSETSEGTUYA ХААНААС: 150000 ЦЭЦЭГТУЯА ЭНХЭЭ	\N	1245122547	1	0	\N	\N	\N	2026-03-21 19:22:52.880775+01	2026-03-21 19:22:52.880796+01	248	4
3079	Urtnasan 88388399 Lion savan	\N	5304666888	1	0	\N	\N	\N	2026-03-21 19:24:18.601881+01	2026-03-21 19:24:18.6019+01	207	4
3080	EB -Ganchimeg Jamiyan 99126956 гарын саван ХААНААС: 040000 ГАНЧИМЭГ ЖАМЪЯН	\N	432068370	1	0	\N	\N	\N	2026-03-21 19:24:18.609913+01	2026-03-21 19:24:18.609934+01	207	4
3081	ENKHNARAN 88113663, LION GER BULIIN SAVAN ХААНААС: 150000 ЭНХНАРАН ТӨМӨРБААТАР	\N	1105118339	1	0	\N	\N	\N	2026-03-21 19:24:18.616554+01	2026-03-21 19:24:18.616573+01	207	4
3082	Onko oyun 88478718 K2D3	\N	5055568406	1	0	\N	\N	\N	2026-03-21 19:25:44.505907+01	2026-03-21 19:25:44.505928+01	239	4
3083	Onko Oyun 88478818 K2D3	\N	5055568406	1	0	\N	\N	\N	2026-03-21 19:25:44.51458+01	2026-03-21 19:25:44.514604+01	239	4
3562	Delguurt Happycall togoo	\N	5044019334.0	5	0	\N	\N	\N	2026-03-27 11:17:22.05143+01	2026-03-27 11:17:22.05147+01	96	4
3085	odgerel myaglar 96666255 scrubbing bubbles	\N	5057661174	1	0	\N	\N	\N	2026-03-21 19:28:50.951533+01	2026-03-21 19:28:50.951555+01	249	4
3086	Zaya khr 94015600 00-цэвэрлэгч	\N	5034524600	1	0	\N	\N	\N	2026-03-21 19:28:50.959301+01	2026-03-21 19:28:50.959326+01	249	4
3087	Б.Нандиа 96009222 00 үнэртүүлэгч	\N	5064154020	1	0	\N	\N	\N	2026-03-21 19:28:50.966069+01	2026-03-21 19:28:50.966089+01	249	4
3088	80000515 oyuntuya a noil tseverlegch scrubing	\N	5114279216	1	0	\N	\N	\N	2026-03-21 19:28:50.976091+01	2026-03-21 19:28:50.97611+01	249	4
3089	JARGALMAA 88888544 SCRUBBING BUBBLES ХААНААС: 390000 МӨНХЖАРГАЛ ЖАРГАЛМАА	\N	8000029888	1	0	\N	\N	\N	2026-03-21 19:28:50.982815+01	2026-03-21 19:28:50.982833+01	249	4
3090	Oyunaa ze 88106006 scrubbing bubbles	\N	5020590996	1	0	\N	\N	\N	2026-03-21 19:28:50.990495+01	2026-03-21 19:28:50.990513+01	249	4
3091	Tugsu kenny 99799793 scrubbing bubbles	\N	5114285991	1	0	\N	\N	\N	2026-03-21 19:28:50.998448+01	2026-03-21 19:28:50.998466+01	249	4
3092	KHALIUN GANBOLD- 95820516- SCRUBBING BUBBLES- 00 T ХААНААС: 150000 ХАЛИУН ГАНБОЛД	\N	3695100601	1	0	\N	\N	\N	2026-03-21 19:28:51.009341+01	2026-03-21 19:28:51.009358+01	249	4
3093	EB -Lhagvasuren Erdenesugar 99043335, 00 tseverleg ХААНААС: 040000 ЭРДЭНЭСУГАР ЛХАГВАСҮРЭН	\N	403166217	1	0	\N	\N	\N	2026-03-21 19:28:51.013419+01	2026-03-21 19:28:51.013434+01	249	4
3094	Doogii doogii,91111331,nooli ariutgagch	\N	5019322829	1	0	\N	\N	\N	2026-03-21 19:28:51.017117+01	2026-03-21 19:28:51.017133+01	249	4
3356	Naagii Lkhagva Clio-23 nomer 99041979 ХААНААС: 340000 НАРАНТУЯА ЛХАГВА	\N	141200042007	1	0	\N	\N	\N	2026-03-24 18:23:48.913389+01	2026-03-24 18:23:48.913413+01	280	4
3357	Gerlee Nyandag 99718895 nomer 23CLIO	\N	5321108787	1	0	\N	\N	\N	2026-03-24 18:23:48.932005+01	2026-03-24 18:23:48.932029+01	280	4
3358	ENKHNARAN 88113663 CLIO CUSION 23 ХААНААС: 150000 ЭНХНАРАН ТӨМӨРБААТАР	\N	1105118339	1	0	\N	\N	\N	2026-03-24 18:23:48.936657+01	2026-03-24 18:23:48.93671+01	280	4
3359	Munkhzul zulaa 88086230 clio 23 ХААНААС: 340000 МӨНХЗУЛ ЭНХТӨР	\N	200700072594	1	0	\N	\N	\N	2026-03-24 18:23:48.943256+01	2026-03-24 18:23:48.943275+01	280	4
3360	23 clio batjargal bolor 88033180	\N	5032206328	1	0	\N	\N	\N	2026-03-24 18:23:48.950521+01	2026-03-24 18:23:48.950544+01	280	4
3100	Buyanjargal Ulziibayar 96633869 02	\N	5926207099	1	0	\N	\N	\N	2026-03-21 19:34:08.429421+01	2026-03-21 19:34:08.429442+01	245	4
3101	mist 37 erdenebileg lhamaa 90114141	\N	5062095701	1	0	\N	\N	\N	2026-03-21 19:35:33.66231+01	2026-03-21 19:35:33.662336+01	163	4
3102	BosooMunguntuul91915274 K-1	\N	5009068894	1	0	\N	\N	\N	2026-03-21 19:36:58.95381+01	2026-03-21 19:36:58.953832+01	244	4
3103	OHUI CUISHION. nomer 1	\N	5019288548	1	0	\N	\N	\N	2026-03-21 19:36:58.960339+01	2026-03-21 19:36:58.96036+01	244	4
3104	EB -Khulana Khulan 99107210 Ohui cousin 02 ХААНААС: 040000 ХУЛАН ОЧИРБАТ	\N	800021970	1	0	\N	\N	\N	2026-03-21 19:38:25.650484+01	2026-03-21 19:38:25.650502+01	245	4
3105	kh odnoo 91223398, 02 honey beige	\N	5006182942	1	0	\N	\N	\N	2026-03-21 19:38:25.658292+01	2026-03-21 19:38:25.658316+01	245	4
3106	tsetsegmaa ochirsuuri 99391980 - O Hui 02	\N	5046778651	1	0	\N	\N	\N	2026-03-21 19:38:25.663669+01	2026-03-21 19:38:25.663755+01	245	4
3107	91113274, 02 Honey Beige Ohui qushion	\N	5018020114	1	0	\N	\N	\N	2026-03-21 19:38:25.670752+01	2026-03-21 19:38:25.670774+01	245	4
3108	ENKHNARAN 88113663, OHUI CUSION 02 ХААНААС: 150000 ЭНХНАРАН ТӨМӨРБААТАР	\N	1105118339	1	0	\N	\N	\N	2026-03-21 19:38:25.675067+01	2026-03-21 19:38:25.675086+01	245	4
3361	Nyamsuren Baatarsuren 9656 8778 23nomer	\N	5306070135	1	0	\N	\N	\N	2026-03-24 18:23:48.957836+01	2026-03-24 18:23:48.957861+01	280	4
3109	EB -lhagvasuren battuya 99246558 Dr G тос ХААНААС: 040000 БАТТУЯА ЛХАГВАСҮРЭН	\N	406079445	1	0	\N	\N	\N	2026-03-21 19:40:02.939964+01	2026-03-21 19:40:02.939985+01	230	4
3110	91113274, Dr.G emgen hums tos Nyamka Jagaa	\N	5018020114	1	0	\N	\N	\N	2026-03-21 19:40:02.953006+01	2026-03-21 19:40:02.953037+01	230	4
3111	EB -Цогзоо Сувдмаа 99076556 DR.G эмгэн хумстай тос ХААНААС: 040000 СУВДМАА ЦОГЗОО	\N	410175996	1	0	\N	\N	\N	2026-03-21 19:40:02.958751+01	2026-03-21 19:40:02.958767+01	230	4
3112	AHC eye cream Tsetseglen lundenbazar 99096762 ХААНААС: 340000 ЦЭЦЭГЛЭН ЛҮНДЭНБАЗАР	\N	360000189905	1	0	\N	\N	\N	2026-03-21 19:41:06.475839+01	2026-03-21 19:41:06.47586+01	251	4
3113	Zaya khr 94015600 AHC зовхины тос	\N	5034524600	1	0	\N	\N	\N	2026-03-21 19:41:06.490306+01	2026-03-21 19:41:06.490327+01	251	4
3115	MARALGUA CH 86020246 BOK ХААНААС: 390000 ЧУЛУУНХҮҮ МАРАЛГУА	\N	8000808000	1	0	\N	\N	\N	2026-03-21 19:43:47.452099+01	2026-03-21 19:43:47.45212+01	208	4
3116	Doogii doogii,91111331,vok	\N	5019322829	1	0	\N	\N	\N	2026-03-21 19:43:47.459314+01	2026-03-21 19:43:47.459335+01	208	4
3117	Doogii doogii,91111331,saaral tsagaan alchuur	\N	5019322829	2	0	\N	\N	\N	2026-03-21 19:45:56.917201+01	2026-03-21 19:45:56.917222+01	237	4
3118	Urtnasan 88388399 collagen	\N	5304666888	1	0	\N	\N	\N	2026-03-21 19:47:10.416145+01	2026-03-21 19:47:10.416166+01	212	4
3119	OCHIR NARAA 99074285, БАННЫ АЛЧУУР 4Ш, 2 ЦАГААН, 2 ХААНААС: 150000 НАРАНДЭЛГЭР ОЧИРВААНЬ	\N	3155123271	4	0	\N	\N	\N	2026-03-21 19:48:35.363839+01	2026-03-21 19:48:35.363861+01	237	4
3120	EB -baigali gerel/ 96063999/ SU:M37 set ХААНААС: 040000 БАЙГАЛЬ ГЭРЭЛЦЭЦЭГ	\N	441008974	1	0	\N	\N	\N	2026-03-21 19:49:55.841862+01	2026-03-21 19:49:55.841883+01	206	4
3121	Undral Lkh 99061052 ohiu age recovery ХААНААС: 340000 УНДРАЛ ЛХАМДАШ	\N	340004030573	1	0	\N	\N	\N	2026-03-21 19:55:12.22242+01	2026-03-21 19:55:12.222439+01	259	4
3122	Ganbolor Battugs80888825 Ohuiage recovery set	\N	5225239888	1	0	\N	\N	\N	2026-03-21 19:55:12.230782+01	2026-03-21 19:55:12.230827+01	259	4
3123	Naran Naraa 80288686 ohui kom ХААНААС: 340000 НАРАНЧИМЭГ ГАВААГОМПИЛ	\N	281300146745	1	0	\N	\N	\N	2026-03-21 19:56:13.862261+01	2026-03-21 19:56:13.86228+01	259	4
3124	tsatsral ganbaatar, mk mungulug 235, 88108648 ХААНААС: 340000 ЦАЦРАЛ ГАНБААТАР	\N	104500425994	1	0	\N	\N	\N	2026-03-21 19:57:31.81237+01	2026-03-21 19:57:31.812389+01	254	4
3139	00 ЦЭВЭРЛЭГЧ ХААНААС: 150000 ГАНХОЛБОО АМЖАА	\N	102700278615	1	0	\N	\N	\N	2026-03-23 05:48:08.664634+01	2026-03-27 05:54:27.663267+01	249	4
3448	urnaa dashdoorov 89903788 21-1, 23-2	\N	5585220252	1	0	Өмнөговь даланзадгад 89903788	\N	\N	2026-03-25 15:42:06.744517+01	2026-03-25 15:42:06.744537+01	279	4
3130	Bo.Bolormaa 99406921 hereglel 2bagts	\N	5046800167	2	0	\N	\N	\N	2026-03-21 20:13:47.088471+01	2026-03-21 20:13:47.088493+01	151	5
3449	urnaa dashdoorov 89903788 21-1, 23-2	\N	5585220252	2	0	Өмнөговь даланзадгад 89903788	\N	\N	2026-03-25 15:42:57.545829+01	2026-03-25 15:42:57.545846+01	280	4
3132	Cushion Nanzad tungaa 98882188	\N	5076503078	1	0	\N	2026-03-24	\N	2026-03-23 05:25:02.950376+01	2026-03-24 08:27:32.507123+01	223	3
3024	ANU DGSN 99820285 DR.G BLACK SNAIL CREAM ХААНААС: 150000 АНУДАРЬ ДҮГЭРСҮРЭН	\N	1719158810	1	0	СХД 16-р хороо 26-р байр 3-р орц 165 тоот	\N	\N	2026-03-21 17:30:15.462277+01	2026-03-21 17:30:15.462293+01	230	4
2343	A.Deegii 99278960 puma sneakers 1 ХААНААС: 340000 ДЭЛГЭРСҮРЭН АЛТАНХҮҮ	\N	108800094842	1	0	БГД 32-р хороо корей таун 2 45а байр 170 тоот	\N	\N	2026-03-16 10:12:29.565158+01	2026-03-16 10:12:29.565178+01	192	4
3134	bb cream. gando gr.99070212	\N	5270618523	1	0	\N	\N	\N	2026-03-23 05:32:56.137485+01	2026-03-23 05:32:56.137655+01	226	4
3136	гарын саван 99174549	\N	5750523474	1	0	\N	\N	\N	2026-03-23 05:40:50.830881+01	2026-03-23 05:40:50.83098+01	207	4
3137	HULAN DULGUUN 80109003 LION BACTERI ESREG 99.9% HA ХААНААС: 150000 ХУЛАН ЦОГ	\N	3250003843	1	0	\N	\N	\N	2026-03-23 05:40:50.841083+01	2026-03-23 05:40:50.841101+01	207	4
3138	Deenee Deenee, 99098902, Scrub bubbles	\N	5315081353	1	0	\N	\N	\N	2026-03-23 05:48:08.655891+01	2026-03-23 05:48:08.655908+01	249	4
3140	00-цэвэрлэгээ 99174549	\N	5750523474	1	0	\N	\N	\N	2026-03-23 05:48:08.66906+01	2026-03-23 05:48:08.669076+01	249	4
3142	Enkhjingoo Ganbayar 94981221 Mogoinhortoitos3	\N	5119062752	3	0	\N	\N	\N	2026-03-23 05:54:13.201902+01	2026-03-23 05:54:13.201924+01	227	4
3143	Lkhagvagaram,99135191, pantene collagen	\N	5629315864	1	0	\N	\N	\N	2026-03-23 05:55:27.510588+01	2026-03-23 05:55:27.510608+01	191	4
3362	Narangerel99272500clio23nomer ХААНААС: 320000 НАРАНГЭРЭЛ ГАЯСҮРЭН	\N	5005669652	1	0	\N	\N	\N	2026-03-24 18:23:48.964492+01	2026-03-24 18:23:48.964515+01	280	4
2463	anua kom toner lotion 88038325 энхсайхан сайханаа ХААНААС: 300000 ЭНХСАЙХАН ЭСЭРВААНЬ	\N	3016050144	1	0	Вогзалаас Замын-Үүдийн унаанд тавиулна 88038325	2026-03-24	\N	2026-03-18 00:22:58.026782+01	2026-03-24 09:37:22.37373+01	203	2
2438	anua tos 88038325 энхсайхан сайханаа ХААНААС: 300000 ЭНХСАЙХАН ЭСЭРВААНЬ	\N	3016050144	1	0	Вогзалаас Замын-Үүдийн унаанд тавиулна 88038325	2026-03-24	\N	2026-03-17 23:52:59.625235+01	2026-03-24 09:37:33.889286+01	148	2
1877	sulwhaso serum 88038325 энхсайхан сайханаа ХААНААС: 300000 ЭНХСАЙХАН ЭСЭРВААНЬ	\N	3016050144	3	0	Вогзалаас Замын-Үүдийн унаанд тавиулна 88038325	2026-03-17	\N	2026-03-14 09:57:56.27224+01	2026-03-24 09:37:46.092374+01	153	1
1410	Yumjir Batsuren 99106968 skincure celltrion 2	\N	5133251786	2	0	ХУД 18р хороо Хүннү 2222плас хотхон 205р байр 2р орц 18 давхарт 1803тоот. Утас:99106968	2026-03-24	\N	2026-03-09 05:06:56.914124+01	2026-03-24 09:42:13.776768+01	113	2
3363	clio 23 enhee jagaa 88107539	\N	5168757009	1	0	\N	\N	\N	2026-03-24 18:23:48.973258+01	2026-03-24 18:23:48.973281+01	280	4
3364	м.солонго cilio cusion23	\N	5021270909	1	0	\N	\N	\N	2026-03-24 18:23:49.001365+01	2026-03-24 18:23:49.001384+01	280	4
3114	EB -od choi 99164504 Sum peeling gel set 2 sh ХААНААС: 040000 ЭНХ-ОД ЧОЙДОГСҮРЭН	\N	459008424	2	3200	Чингэлтэй дүүрэг 5 хороо 6 хороолол Тэнгис кино театрын хойно угсармал 9 давхар байрны 17 байр 2 орц 5 давхар 53 тоот код нь 53в 99164504	\N	\N	2026-03-21 19:42:24.169896+01	2026-03-25 10:24:46.219428+01	154	4
3450	altai batchuluun	\N	5076035927	1	0	\N	2026-03-26	\N	2026-03-26 09:48:05.860722+01	2026-03-26 09:48:11.649013+01	95	3
3135	ENKHZUL BATBAYAR 88045113 MEDLAR BBCREAM ХААНААС: 150000 ЭНХЗУЛ БАТБАЯР	\N	4305100430	1	0	Дархан руу 88045113	\N	\N	2026-03-23 05:32:56.14491+01	2026-03-23 05:32:56.144928+01	226	4
3452	Zulaa Zul 99821180 hantsuiwch m	\N	5006397414	1	0	\N	\N	\N	2026-03-27 00:23:15.125858+01	2026-03-27 00:23:15.126003+01	288	4
3158	OTGO KH 90077000 UGAALTUUR FILTER ХААНААС: 150000 ОТГОНЦЭЦЭГ ХАС-ОЧИР	\N	1755100257	1	0	схд 15 horoo 1r horoolol 23-173	\N	\N	2026-03-23 05:59:37.472582+01	2026-03-23 05:59:37.472603+01	261	4
3365	EB -haliun khaliukaa 99088766 clio 23*2sh ХААНААС: 040000 ХАЛИУН МӨНХБААТАР	\N	457089999	2	0	\N	\N	\N	2026-03-24 18:23:49.008482+01	2026-03-24 18:23:49.008499+01	280	4
3149	che chimegee 99702196 ugaaltuuriin tolgoi	\N	5094505700	1	0	\N	\N	\N	2026-03-23 05:59:33.663437+01	2026-03-23 05:59:33.66346+01	261	4
3150	EB -Цогзоо Сувдмаа 99076556 угаалтуурын филтер ХААНААС: 040000 СУВДМАА ЦОГЗОО	\N	410175996	1	0	\N	\N	\N	2026-03-23 05:59:33.673025+01	2026-03-23 05:59:33.673046+01	261	4
3151	manduu bsk99201917,ugaaltuuriin filter	\N	5312970967	1	0	\N	\N	\N	2026-03-23 05:59:33.678233+01	2026-03-23 05:59:33.678251+01	261	4
3152	ENKHNARAN 88113663, DAELIM BATH US SHUUGCH ХААНААС: 150000 ЭНХНАРАН ТӨМӨРБААТАР	\N	1105118339	1	0	\N	\N	\N	2026-03-23 05:59:33.687124+01	2026-03-23 05:59:33.687205+01	261	4
3153	EB -Lhagvasuren Erdenesugar 99043335, Ugaaltuuriin ХААНААС: 040000 ЭРДЭНЭСУГАР ЛХАГВАСҮРЭН	\N	403166217	2	0	\N	\N	\N	2026-03-23 05:59:33.699661+01	2026-03-23 05:59:33.699713+01	261	4
3154	Г.ОЮУНДЭЛГЭР 99161962 ШҮҮЛТҮҮР ХААНААС: 150000 ОЮУНДЭЛГЭР ГАНТӨМӨР	\N	2025132560	1	0	\N	\N	\N	2026-03-23 05:59:37.42091+01	2026-03-23 05:59:37.420931+01	261	4
3155	ус шүүгч 99192125	\N	5030312156	1	0	\N	\N	\N	2026-03-23 05:59:37.438048+01	2026-03-23 05:59:37.43807+01	261	4
3156	EB -Otgon jargal 91443314 Ugaaltuuriin tolgoi ХААНААС: 040000 ОТГОНЖАРГАЛ ДАВААДАГВА	\N	445000687	1	0	\N	\N	\N	2026-03-23 05:59:37.453084+01	2026-03-23 05:59:37.453113+01	261	4
3157	Солонго Алтанцэцэг 99044037 филтер	\N	5005115353	1	0	\N	\N	\N	2026-03-23 05:59:37.463207+01	2026-03-23 05:59:37.463232+01	261	4
3159	91040434 jordan malgai zaya mzzaya	\N	5749700798	1	0	\N	\N	\N	2026-03-23 06:03:08.018254+01	2026-03-23 06:03:08.018273+01	250	4
3160	Пүэвжав Мөнхцэцэг 99832243 малгай	\N	5721510198	1	0	\N	\N	\N	2026-03-23 06:03:08.027941+01	2026-03-23 06:03:08.027961+01	250	4
3161	EB -Makeup brush set, Dulguun Gurjav, 95793211 ХААНААС: 040000 ДӨЛГӨӨН ГҮРЖАВ	\N	439006305	1	0	\N	\N	\N	2026-03-23 06:04:26.287342+01	2026-03-23 06:04:26.287379+01	213	4
3162	Ч. Мөнхцэцэг 99809899, нүүрний багс	\N	5026939852	1	0	\N	\N	\N	2026-03-23 06:04:26.295496+01	2026-03-23 06:04:26.295518+01	213	4
3164	DrG tos, 88727504, tuvshinbayar negdel	\N	5031472631	1	0	\N	\N	\N	2026-03-23 06:06:52.899213+01	2026-03-23 06:06:52.899229+01	230	4
3165	kh.erdenetod Dr.g zovhibtos.90004000	\N	5031116537	1	0	\N	\N	\N	2026-03-23 06:06:52.904555+01	2026-03-23 06:06:52.904578+01	230	4
3166	99285262 tos DR.G T.Amarjargal	\N	5041038281	1	0	\N	\N	\N	2026-03-23 06:06:52.907916+01	2026-03-23 06:06:52.907933+01	230	4
3167	khishibat erdenetod 90004000 AHC eye cream	\N	5031116537	1	0	\N	\N	\N	2026-03-23 06:20:31.865914+01	2026-03-23 06:20:31.866182+01	251	4
1935	Otgontsetseg Jamsran 99023595 chokopei ХААНААС: 320000 ОТГОНЦЭЦЭГ ЖАМСРАН	\N	5000275948	1	0	Модны 2-т Элeганс таун 44b байр 2 дугаар давхарт 10тоот	\N	\N	2026-03-14 11:26:21.021381+01	2026-03-14 11:26:21.021399+01	176	4
3169	erdenetod gelen bok 90004000	\N	5031116537	1	0	\N	\N	\N	2026-03-23 06:31:59.263843+01	2026-03-23 06:31:59.263916+01	208	4
3170	tseene-99123697-nike cosmic runner-35	\N	5068032234	1	0	\N	\N	\N	2026-03-23 06:48:15.180892+01	2026-03-23 06:48:15.180921+01	262	4
3171	Byambasuren Vanganjil 99197558, nike 35 puuz	\N	5045519121	1	0	\N	\N	\N	2026-03-23 06:48:15.190962+01	2026-03-23 06:48:15.19098+01	262	4
3172	chimedtsogzol nike 32	\N	5495404809	1	0	\N	\N	\N	2026-03-23 06:48:15.205915+01	2026-03-23 06:48:15.205939+01	262	4
3173	BOLA PUREV,99095433,210-33.5 COSMEC ХААНААС: 040000 БОЛОРМАА ПҮРЭВ	\N	495031513	1	0	\N	\N	\N	2026-03-23 06:48:15.217089+01	2026-03-23 06:48:15.217113+01	262	4
3174	88124844 chokopaie	\N	5076418694	1	0	\N	\N	\N	2026-03-23 06:49:40.752669+01	2026-03-23 06:49:40.752716+01	176	4
3175	Deenee Deenee, 99098902, PUMA 37,5 size	\N	5315081353	1	0	\N	\N	\N	2026-03-23 07:05:21.563454+01	2026-03-23 07:05:21.563475+01	192	4
3177	amarjargaldugeree  96051845 colu tsunh har	\N	5046431868	1	0	\N	\N	\N	2026-03-23 07:31:27.045456+01	2026-03-23 07:31:27.045478+01	263	4
3178	c1ty-36, 99613553	\N	5046232669	1	0	\N	\N	\N	2026-03-23 07:36:31.160516+01	2026-03-23 07:36:31.160536+01	264	4
3180	88087237 NIKE C1 225 SIZE ХААНААС: 150000 ОТГОНСҮРЭН ДОНЛИГ	\N	3455187361	1	0	\N	\N	\N	2026-03-23 07:36:31.17228+01	2026-03-23 07:36:31.172308+01	264	4
3181	Enkhjingoo Ganbayar, 94981221, C1ty (gs)36raz	\N	5119062752	1	0	\N	\N	\N	2026-03-23 07:36:31.17581+01	2026-03-23 07:36:31.175827+01	264	4
3182	EB -nike c1ty har size 235 Enkhtubshin Uyanga 8818 ХААНААС: 040000 УЯНГА ЭНХТҮВШИН	\N	424026443	1	0	\N	\N	\N	2026-03-23 07:36:31.180769+01	2026-03-23 07:36:31.180789+01	264	4
3183	EB -95933192 nike c1ty 36 230 sz уугантцяа ХААНААС: 040000 УУГАНТУЯА ГАНБОЛД	\N	460007970	1	0	\N	\N	\N	2026-03-23 07:36:31.188645+01	2026-03-23 07:36:31.188667+01	264	4
3184	D Doogii 99154834 (N01) 2ш	\N	5011124155	2	0	\N	\N	\N	2026-03-23 08:42:18.993242+01	2026-03-23 08:42:18.993295+01	244	4
3176	А.Билгүүн 86122935 tenten 2ш ХААНААС: 340000 ГҮНБИЛЭГ УУГАНБИЛЭГ	\N	103601861266	2	0	Han-uul duureg 21-r horoo buman zaluus horoolol 202r bair 8n dawhar 107toot \nOrtsnii kod 2580#\n86122935	\N	\N	2026-03-23 07:29:09.295699+01	2026-03-23 07:29:09.295746+01	205	4
3163	ENKHZUL BATBAYAR 88045113 DRG TOS ХААНААС: 150000 ЭНХЗУЛ БАТБАЯР	\N	4305100430	1	0	Дархан руу 88045113	\N	\N	2026-03-23 06:06:52.887066+01	2026-03-23 06:06:52.887112+01	230	4
3563	Delguurt Skincure collagen	\N	5044019334.0	10	0	\N	\N	\N	2026-03-27 11:18:28.372286+01	2026-03-27 11:18:28.372309+01	113	4
3587	Bogi Sasha 94079898 nike jordan XL har pudvol	\N	5070835453	1	0	\N	\N	\N	2026-03-27 18:14:36.683489+01	2026-03-27 18:14:36.68351+01	300	4
3588	оюука оюука 88423032. жордан подвалк хл раз	\N	5313596455	1	0	\N	\N	\N	2026-03-27 18:14:36.68908+01	2026-03-27 18:14:36.689101+01	300	4
1418	KHONGORZUL ZT 95096088 LACTO*2, CETAPHIL CREAM* 1 ХААНААС: 150000 ХОНГОРЗУЛ ЗОРИГТ	\N	2015117418	2	0	\N	\N	\N	2026-03-09 05:23:05.55827+01	2026-03-23 10:47:31.804576+01	89	5
1149	boogii bolor 99057240 bacter 200sh	\N	5006327004	1	0	\N	\N	\N	2026-03-06 23:41:02.985396+01	2026-03-23 10:48:01.698918+01	89	6
3589	EB -Tumurbaarar Bolortuya 80851890 Jordan podvolk ХААНААС: 040000 БОЛОРТУЯА ТӨМӨРБААТАР	\N	434012569	1	0	\N	\N	\N	2026-03-27 18:14:36.693858+01	2026-03-27 18:14:36.693877+01	300	4
1457	Nergui Nek 88282211 Vit C	\N	5022654769	1	0	19r horoolol 5bogdiin gerlen dohiogoor hoishoo ergeed Mongol solongosiin collejiin hashaan dotor Тайж 52r bair 2r orts 4 davhart 31 toot kod 1023# utas:88282211	\N	\N	2026-03-10 09:00:34.398502+01	2026-03-23 11:30:26.380879+01	95	6
2020	Zaya Ganbaatar 96960169 sawnii kom ХААНААС: 320000 АРИУНЗАЯА ГАНБААТАР	\N	5005901224	1	0	\N	\N	\N	2026-03-15 12:56:56.361318+01	2026-03-23 11:31:18.803571+01	185	6
3590	н.ундрал 99721191 хар nike 110 xl	\N	5055566769	1	0	\N	\N	\N	2026-03-27 18:14:36.698219+01	2026-03-27 18:14:36.698238+01	300	4
3179	selenge nike har puuuz 190 /30	\N	5031782575	1	0	6 р бичил хороолол 25 байр 2 орц 61 тоот	\N	\N	2026-03-23 07:36:31.167468+01	2026-03-23 07:36:31.167489+01	264	4
1836	Ангижруулагч giigii giigii94090991	\N	5025635095	1	0	\N	\N	\N	2026-03-14 09:12:05.668619+01	2026-03-23 11:32:52.057209+01	107	6
3197	byambaadelger 99752445 adidas tsenher 38 razmer ХААНААС: 320000 БЯМБАА ДЭЛГЭР	\N	5001779640	1	0	БГД 10 хороолол 6 хороо 42б-39 тоот .99752445	\N	\N	2026-03-23 18:51:59.37265+01	2026-03-23 18:51:59.372669+01	266	4
3564	Delguurt Sistema saw	\N	5044019334.0	12	0	\N	\N	\N	2026-03-27 11:20:11.066545+01	2026-03-27 11:20:11.066579+01	185	4
3591	narantuya surenkhorloo99158260tsagan L	\N	5077048391	1	0	\N	\N	\N	2026-03-27 18:19:58.535933+01	2026-03-27 18:19:58.535955+01	301	4
3186	EB -nike lego 32raz puuz, Tuuguu Tseveendorj, 9908 ХААНААС: 040000 ЭРДЭНЭТӨГС ЦЭВЭЭНДОРЖ	\N	435009133	1	0	\N	\N	\N	2026-03-23 18:49:24.205809+01	2026-03-23 18:49:24.205848+01	265	4
3187	EB -Tuvshee tuvshee nike lego puuz 32sz 99067320 ХААНААС: 040000 ТҮВШИНТУЛГА ДЭМБЭРЭЛ	\N	427022913	1	0	\N	\N	\N	2026-03-23 18:49:24.218913+01	2026-03-23 18:49:24.218935+01	265	4
3188	TUVSHINZAYA ZAYA, 88093179, LEGO PUUZ 35SIZE ХААНААС: 150000 ТҮВШИНЗАЯА ЭНХБАЯР	\N	2705129078	1	0	\N	\N	\N	2026-03-23 18:49:24.228293+01	2026-03-23 18:49:24.228312+01	265	4
1100	MYAGMARSUREN MUNKHZUL 88018001 1.8 SHAMPOO ХААНААС: 150000 ТҮВШИНСАЙХАН ЧУЛУУНБААТАР	\N	1605169146	1	0	\N	2026-03-28	\N	2026-03-06 19:23:37.278125+01	2026-03-28 07:27:55.712662+01	88	3
3190	ganchuluu ganzaya 96443535 adidas 38	\N	5381190249	1	0	\N	\N	\N	2026-03-23 18:51:59.329765+01	2026-03-23 18:51:59.329789+01	266	4
3191	Tse.Ariunaa 99197899 adidas huh Gazelle37raz	\N	5217044265	1	0	\N	\N	\N	2026-03-23 18:51:59.339925+01	2026-03-23 18:51:59.339943+01	266	4
3193	uran zaya 94006806 adidas size 38	\N	5175132601	1	0	\N	\N	\N	2026-03-23 18:51:59.351441+01	2026-03-23 18:51:59.351459+01	266	4
3194	EB -naran delger 99807500 adidas 38 gazelle ХААНААС: 040000 НАРАНДЭЛГЭР МӨНХБААТАР	\N	428003815	1	0	\N	\N	\N	2026-03-23 18:51:59.359992+01	2026-03-23 18:51:59.36001+01	266	4
3195	Adidas39 Б.Ананд 99809599	\N	5023383581	1	0	\N	\N	\N	2026-03-23 18:51:59.363939+01	2026-03-23 18:51:59.363957+01	266	4
3196	E.MUNHTSETSEG 99273311 ХААНААС: 150000 МӨНХЦЭЦЭГ ЭРХЭМБАЯР	\N	1925100241	1	0	\N	\N	\N	2026-03-23 18:51:59.368075+01	2026-03-23 18:51:59.368094+01	266	4
3198	EB -Lhagvasuren Erdenesugar 99043335, Adidas 235 ХААНААС: 040000 ЭРДЭНЭСУГАР ЛХАГВАСҮРЭН	\N	403271609	1	0	\N	\N	\N	2026-03-23 18:51:59.381115+01	2026-03-23 18:51:59.381162+01	266	4
3199	Jargal Khalzankhuu 88118809 adidas240/38(3/2)	\N	5750022172	1	0	\N	\N	\N	2026-03-23 18:51:59.387586+01	2026-03-23 18:51:59.387606+01	266	4
3200	EB -jalbaa vanchig 88015659 adidas 38 ХААНААС: 040000 ЖАЛБАА ВАНЧИГ	\N	427037475	1	0	\N	\N	\N	2026-03-23 18:51:59.399289+01	2026-03-23 18:51:59.399308+01	266	4
3201	bolor bolor 88094850 adidas size39	\N	5006587835	1	0	\N	\N	\N	2026-03-23 18:51:59.403493+01	2026-03-23 18:51:59.403511+01	266	4
3202	Chimele Sanjaajamts 88075103, 240	\N	5007312531	1	0	\N	\N	\N	2026-03-23 18:51:59.406933+01	2026-03-23 18:51:59.406951+01	266	4
3203	Adidas 38size adiya javzanbadam88105480 ХААНААС: 320000 ЖАВЗАНБАДАМ АДЪЯА	\N	5002108265	1	0	\N	\N	\N	2026-03-23 18:51:59.410419+01	2026-03-23 18:51:59.410432+01	266	4
3204	BOLOR OO, 80001007, ADIDAS GAZELLE BLUE, 38SIZE ХААНААС: 150000 БОЛОРЦЭЦЭГ НАМСРАЙДОРЖ	\N	1719104737	1	0	\N	\N	\N	2026-03-23 18:51:59.416267+01	2026-03-23 18:51:59.416284+01	266	4
3205	tsogsuren daariimaa adidas 39 raz 99871847	\N	5018048595	1	0	\N	\N	\N	2026-03-23 18:51:59.425012+01	2026-03-23 18:51:59.425045+01	266	4
3206	Chimgee Suhbaatar,88083114,gazella245 ХААНААС: 320000 БАТЧИМЭГ СҮХБААТАР	\N	5000004588	1	0	\N	\N	\N	2026-03-23 18:51:59.435081+01	2026-03-23 18:51:59.435114+01	266	4
3207	Ohui set baby cllgen Mongoo Tavnai 89300089	\N	5300535531	1	0	\N	\N	\N	2026-03-23 18:54:45.827484+01	2026-03-23 18:54:45.827504+01	259	4
3208	EB -Ganchimeg Jamiyan 99126956 age recovery set ХААНААС: 040000 ГАНЧИМЭГ ЖАМЪЯН	\N	432068370	1	0	\N	\N	\N	2026-03-23 18:54:45.847447+01	2026-03-23 18:54:45.847469+01	259	4
3209	ohio age kom, 88727504 tuvshinbayar negdel	\N	5031472631	1	0	\N	\N	\N	2026-03-23 18:54:45.854504+01	2026-03-23 18:54:45.854519+01	259	4
3210	99075002 ohui set odno yuki	\N	5018320833	1	0	\N	\N	\N	2026-03-23 18:54:45.861473+01	2026-03-23 18:54:45.861492+01	259	4
3211	SUKHBAATAR PUREWSUREN 80082457 O HUI KOM ХААНААС: 150000 ПҮРЭВСҮРЭН СҮХБААТАР	\N	2905156077	1	0	\N	\N	\N	2026-03-23 18:54:45.868428+01	2026-03-23 18:54:45.868447+01	259	4
3212	EB -Od Od 80009185(OHUI AGE_RECOVERYset) ХААНААС: 040000 НЯМБҮТЭД НООСТ	\N	425008952	1	0	\N	\N	\N	2026-03-23 18:54:45.875871+01	2026-03-23 18:54:45.875888+01	259	4
3213	OYUNCHIMEGCH 80118814 OHUI AGE RECOVERY SET ХААНААС: 150000 ОЮУНЧИМЭГ ЧОЙЖИНЖАВ	\N	3255101435	1	0	\N	\N	\N	2026-03-23 18:54:45.883572+01	2026-03-23 18:54:45.88359+01	259	4
3214	buyanduuren batsuren, 99372234, Ohui set	\N	5119009957	1	0	\N	\N	\N	2026-03-23 18:54:45.888598+01	2026-03-23 18:54:45.888614+01	259	4
3215	EB -ohui set, 99178711 oyuka oyunjargal ХААНААС: 040000 ОЮУНЖАРГАЛ ДАРАМСҮРЭН	\N	430002145	1	0	\N	\N	\N	2026-03-23 18:54:45.894207+01	2026-03-23 18:54:45.894224+01	259	4
3216	99285262 ohui kom T.Amarjargal	\N	5041038281	1	0	\N	\N	\N	2026-03-23 18:54:45.900505+01	2026-03-23 18:54:45.900529+01	259	4
3218	EB -adidas tyshawn size 270 Enkhtubshin Uyanga 881 ХААНААС: 040000 УЯНГА ЭНХТҮВШИН	\N	424026443	1	0	\N	\N	\N	2026-03-23 18:58:05.106662+01	2026-03-23 18:58:05.106851+01	267	4
3219	zaya zaya 88043959 size 260/41 adidas har	\N	5133497628	1	0	\N	\N	\N	2026-03-23 18:58:05.117384+01	2026-03-23 18:58:05.117407+01	267	4
3220	DVNRN GANKHUU99862211 PAZ42TUSHAWN ХААНААС: 150000 ДАВААНАРАН ГАНХҮҮ	\N	1165013831	1	0	\N	\N	\N	2026-03-23 18:58:05.124445+01	2026-03-23 18:58:05.124468+01	267	4
3221	Uchka/89102023/Adidas TYSHAWN 275size	\N	5131464297	1	0	\N	\N	\N	2026-03-23 18:58:05.131665+01	2026-03-23 18:58:05.131718+01	267	4
3217	OTGO KH 90077000 OHUI SET ХААНААС: 150000 ОТГОНЦЭЦЭГ ХАС-ОЧИР	\N	1755100257	1	0	схд 15 horoo 1r horoolol 23-173	\N	\N	2026-03-23 18:54:45.909499+01	2026-03-23 18:54:45.909515+01	259	4
3366	ДОНЖЖАЛАМ, 88094396 CLIO-21	\N	5007422703	1	0	\N	\N	\N	2026-03-24 18:28:20.209414+01	2026-03-24 18:28:20.209434+01	279	4
3367	HALIUNAA BAT 80888840 CLIO CUSION #21 ХААНААС: 150000 ???????? ????????	\N	4715101784	1	0	\N	\N	\N	2026-03-24 18:28:20.237529+01	2026-03-24 18:28:20.237555+01	279	4
3368	Gal gerelee 21 nomer krem	\N	5046459487	1	0	\N	\N	\N	2026-03-24 18:28:20.25563+01	2026-03-24 18:28:20.255655+01	279	4
3369	EB -CLIO 21 nomer  99188353 ХААНААС: 040000 ОДОНЧИМЭГ МӨНХСАЙХАН	\N	435023369	1	0	\N	\N	\N	2026-03-24 18:28:20.27899+01	2026-03-24 18:28:20.279009+01	279	4
1798	ZAYA,88888255, 8SH ZAXIALGA ХААНААС: 150000 БАТЗАЯА РАВДАН	\N	4325111981	1	0	Сэлэнгэ аймаг, Сүхбаатар сум, аймгийн төв унаанд тавиулнаа 88888255	\N	\N	2026-03-12 15:08:37.173746+01	2026-03-23 11:33:18.562809+01	106	6
1933	ТЭГШЭЭ БАЯРМАА 99256221 STURBUCKS COFFEE AMERICANO ХААНААС: 150000 БАЯРМАА ТЭГШЭЭ	\N	2705182438	1	0	\N	2026-03-25	\N	2026-03-14 11:21:45.135379+01	2026-03-25 10:21:57.506475+01	83	3
3565	Delguurt Vitamin C	\N	5044019334.0	33	0	\N	\N	\N	2026-03-27 11:21:57.158708+01	2026-03-27 11:21:57.158731+01	95	4
3224	99314544  NIKE CITY  42.5 saiz  270	\N	5055254784	1	0	\N	\N	\N	2026-03-23 19:07:47.94241+01	2026-03-23 19:07:47.942434+01	269	4
3225	Deenee Deenee, 99098902, nike s1ty 42	\N	5315081353	1	0	\N	\N	\N	2026-03-23 19:07:47.954353+01	2026-03-23 19:07:47.954378+01	269	4
3226	seiko tseku 99076850 gutal 42.5	\N	5021199152	1	0	\N	\N	\N	2026-03-23 19:07:47.960546+01	2026-03-23 19:07:47.96057+01	269	4
3227	City 41 Б.Ананд 99809599	\N	5023383581	1	0	\N	\N	\N	2026-03-23 19:07:47.966659+01	2026-03-23 19:07:47.966706+01	269	4
3228	88087237 NIKE C1TY PUUZ 42 SIZE ХААНААС: 150000 ОТГОНСҮРЭН ДОНЛИГ	\N	3455187361	1	0	\N	\N	\N	2026-03-23 19:07:47.972956+01	2026-03-23 19:07:47.972978+01	269	4
3229	Enkhjingoo Ganbayar, 94981221, C1ty43	\N	5119062752	1	0	\N	\N	\N	2026-03-23 19:07:47.978132+01	2026-03-23 19:07:47.978158+01	269	4
3230	PRM 42,5  88099786 Одмаа	\N	5401534077	1	0	\N	\N	\N	2026-03-23 19:07:47.990458+01	2026-03-23 19:07:47.990482+01	269	4
3231	Munkhjargal 99085874 metcon5 240size	\N	5028328150	1	0	\N	\N	\N	2026-03-23 19:11:03.398181+01	2026-03-23 19:11:03.398204+01	270	4
3232	Delgermaa Usukhbaatar 99027881 Ohui set 2 sh	\N	5093274998	2	0	\N	\N	\N	2026-03-23 19:12:43.498942+01	2026-03-23 19:12:43.498965+01	259	4
3233	94522227-ohui age recovery cushiont set 2sh	\N	5310032309	2	0	\N	\N	\N	2026-03-23 19:12:43.510563+01	2026-03-23 19:12:43.510586+01	259	4
3234	Azaa Enhbayar 99881839 ohui set 2shirheg	\N	5070117363	2	0	\N	\N	\N	2026-03-23 19:12:43.51738+01	2026-03-23 19:12:43.517402+01	259	4
3592	99003524 nike jordan xl tsagan	\N	5041369665	1	0	\N	\N	\N	2026-03-27 18:22:10.423745+01	2026-03-27 18:22:10.423763+01	302	4
3239	Bariushaa Gereltuya adidas 225, 230, 245-2	\N	5058417567	4	0	\N	\N	\N	2026-03-23 19:26:26.651618+01	2026-03-23 19:26:26.65164+01	267	4
3242	shud Oo 88662730	\N	5033116727	1	0	\N	\N	\N	2026-03-23 22:12:57.475055+01	2026-03-23 22:12:57.475073+01	224	4
3243	99901095+2могойнтос	\N	5926025643	2	0	\N	\N	\N	2026-03-23 22:14:01.366953+01	2026-03-23 22:14:01.366976+01	227	4
3244	MEZCLAR BB Cream ХААНААС: 340000 ГАНХОЛБОО АМЖАА	\N	102700278615	1	0	\N	\N	\N	2026-03-23 22:16:51.085191+01	2026-03-23 22:16:51.085238+01	226	4
3245	tselmuun battsengel lion sawan	\N	5011331525	1	0	\N	\N	\N	2026-03-23 22:18:29.076615+01	2026-03-23 22:18:29.076635+01	207	4
3246	Tsoojoo tsooj 88220589 lion batery sawan	\N	5800572336	1	0	\N	\N	\N	2026-03-23 22:18:29.089377+01	2026-03-23 22:18:29.089395+01	207	4
3247	гарын хөөсөн 99147828 baatarkhuu amarjargal	\N	5676263283	1	0	\N	\N	\N	2026-03-23 22:18:29.098018+01	2026-03-23 22:18:29.098035+01	207	4
3248	оо тамга 99192125	\N	5030312156	1	0	\N	\N	\N	2026-03-23 22:20:43.364071+01	2026-03-23 22:20:43.364112+01	249	4
3624	Mongol Peace 99109798/Carrot Pad/	\N	5011137120	1	0	\N	\N	\N	2026-03-28 01:15:58.443931+01	2026-03-28 01:15:58.443949+01	308	4
3250	suultuur ariutgagch 88662730	\N	5033116727	1	0	\N	\N	\N	2026-03-23 22:20:43.414642+01	2026-03-23 22:20:43.414662+01	249	4
3251	badam b 88662267 noil bubbles	\N	5592086464	1	0	\N	\N	\N	2026-03-23 22:20:43.44519+01	2026-03-23 22:20:43.44521+01	249	4
3252	enkhjargal jagaa 88115183 sormuus budag ХААНААС: 340000 ЭНХЖАРГАЛ БАДАРЧ	\N	140700308065	1	0	\N	\N	\N	2026-03-23 22:22:22.134651+01	2026-03-23 22:22:22.134674+01	228	4
3253	Eny Bat 91105755 Daelim bath	\N	5019713890	1	0	\N	\N	\N	2026-03-23 22:24:03.213122+01	2026-03-23 22:24:03.213143+01	261	4
3254	chemka chemka 80106098  угаалтуур филтер	\N	5021472779	1	0	\N	\N	\N	2026-03-23 22:24:03.267256+01	2026-03-23 22:24:03.269175+01	261	4
3255	99374377 Malgai	\N	5119016524	1	0	\N	\N	\N	2026-03-23 22:25:30.624502+01	2026-03-23 22:25:30.624527+01	250	4
3256	cusion 02 Sansaraa Sansara 99921614 ХААНААС: 340000 САНСАРМАА ГАНБОЛД	\N	999999990322	1	0	\N	\N	\N	2026-03-23 22:27:55.387905+01	2026-03-23 22:27:55.387928+01	245	4
3257	har emgen humstai tos eedree eedree 80882029	\N	5176129267	1	0	\N	\N	\N	2026-03-23 22:29:05.946233+01	2026-03-23 22:29:05.946256+01	230	4
3258	Davaagerel Batbold 99108255 tos	\N	5037171569	1	0	\N	\N	\N	2026-03-23 22:29:05.954497+01	2026-03-23 22:29:05.954516+01	230	4
3235	saraa purevdorj ayani set 88427755	\N	5082023323	1	0	Схд Орчлон2  хороолол 31-53тоот 88427755	\N	\N	2026-03-23 19:15:01.617618+01	2026-03-25 09:42:06.626167+01	122	6
3260	ch.ijilee. Dr.j . эмгэн хумсны тос	\N	5021767252	1	0	\N	\N	\N	2026-03-23 22:29:05.967457+01	2026-03-23 22:29:05.967477+01	230	4
3261	AHC suuliin ueiin tos eedree eedree 80882029	\N	5176129267	1	0	\N	\N	\N	2026-03-23 22:30:15.838049+01	2026-03-23 22:30:15.838077+01	251	4
3262	omega 88116591	\N	5084608899	1	0	\N	\N	\N	2026-03-23 22:32:06.403527+01	2026-03-23 22:32:06.403555+01	181	4
3263	badam b 88662267 41sz taavchik	\N	5305759647	1	0	\N	\N	\N	2026-03-23 22:35:54.979218+01	2026-03-23 22:35:54.979242+01	271	4
3264	Deenee Deenee, 99098902, adidas tavchik 42	\N	5315081353	1	0	\N	\N	\N	2026-03-23 22:35:54.987019+01	2026-03-23 22:35:54.987038+01	271	4
3266	lyena khonai collagen 99429977 ХААНААС: 340000 ЛЕНА ХОНАЙ	\N	290000107468	1	0	\N	\N	\N	2026-03-23 22:39:01.836843+01	2026-03-23 22:39:01.836891+01	212	4
3267	99994685 lego 220 davaasuren namkhaikhorol	\N	5007558393	1	0	\N	\N	\N	2026-03-23 22:39:59.556971+01	2026-03-23 22:39:59.556993+01	265	4
3268	BOLOR OO, 80001007, 240 GAZELLE ХААНААС: 150000 БОЛОРЦЭЦЭГ НАМСРАЙДОРЖ	\N	1719104737	1	0	\N	\N	\N	2026-03-23 22:41:49.129233+01	2026-03-23 22:41:49.129267+01	266	4
3269	EB -Ч.Ариунаа 88022563 Adidas  gazelle 240/38 ХААНААС: 040000 АРИУНАА ЧУНАГ	\N	473116578	1	0	\N	\N	\N	2026-03-23 22:41:49.138176+01	2026-03-23 22:41:49.138196+01	266	4
3270	Ts. Unuruu 88606788 adidas  gazelle 39	\N	5746092487	1	0	\N	\N	\N	2026-03-23 22:41:49.144649+01	2026-03-23 22:41:49.144667+01	266	4
3271	batchuluun saruul 96268580 OHUI	\N	5720631384	1	0	\N	\N	\N	2026-03-23 22:43:36.833972+01	2026-03-23 22:43:36.834002+01	259	4
3272	99029352 ohui nvvrnii kom	\N	5068171041	1	0	\N	\N	\N	2026-03-23 22:43:36.845588+01	2026-03-23 22:43:36.845617+01	259	4
3370	Б.Золжаргал 88296699 21 номер күшин	\N	5642222870	1	0	\N	\N	\N	2026-03-24 18:28:20.296802+01	2026-03-24 18:28:20.296825+01	279	4
3274	daagii 99277730 43 275 3/1	\N	5300955249	1	0	\N	\N	\N	2026-03-23 22:48:17.45736+01	2026-03-23 22:48:17.457383+01	267	4
3275	99314544  adidas har 230/37(3/1)	\N	5055254784	1	0	\N	\N	\N	2026-03-23 22:48:17.464403+01	2026-03-23 22:48:17.464422+01	267	4
3276	Төмөрхуяг Ганзориг 99270110 adidas ket	\N	5043010309	1	0	\N	\N	\N	2026-03-23 22:48:17.471393+01	2026-03-23 22:48:17.471415+01	267	4
3322	baaka purevjav.89122332.Adidas.Saiz37	\N	5019288548	1	0	\N	\N	\N	2026-03-24 03:29:13.534534+01	2026-03-24 03:29:13.534553+01	275	4
3241	Д.Ариунаа-99935689 Perioe-shvdnii oo	\N	5094671100	1	0	Erdenet hot-99935689	\N	\N	2026-03-23 22:12:57.460635+01	2026-03-23 22:12:57.460703+01	224	4
3265	P Bayrtuya 88400979 Витамин 3ш	\N	5037164461	3	0	Өвөрхангай аймаг 88400979	\N	\N	2026-03-23 22:37:29.163592+01	2026-03-23 22:37:29.163615+01	205	4
3277	EB -Buya natsagdorj, 99104214, adidas 36 size ХААНААС: 040000 БУЯНЖАРГАЛ НАЦАГДОРЖ	\N	499404696	1	0	\N	\N	\N	2026-03-23 22:48:17.478892+01	2026-03-23 22:48:17.478917+01	267	4
3278	Дэмбэрэл Энхбаяр 99994359	\N	5028308734	1	0	\N	\N	\N	2026-03-23 22:48:17.49221+01	2026-03-23 22:48:17.492232+01	267	4
3279	Yadamsuren Chamintsetseg 94956056 39-size adidas ХААНААС: 340000 ЧАМИНЦЭЦЭГ ЯДАМСҮРЭН	\N	108300025200	1	0	\N	\N	\N	2026-03-23 22:48:17.498333+01	2026-03-23 22:48:17.498372+01	267	4
3280	juur sonintuya.91110468.adidas tyshawn 260	\N	5402478076	1	0	\N	\N	\N	2026-03-23 22:48:17.505567+01	2026-03-23 22:48:17.505588+01	267	4
3281	Цокоо Цог+99197343+AdidasTyshawn/265	\N	5027726184	1	0	\N	\N	\N	2026-03-23 22:48:17.513755+01	2026-03-23 22:48:17.513775+01	267	4
3282	99059507 Г.Даваажав tyshawn2 zagvar 42 raz	\N	5890438271	1	0	\N	\N	\N	2026-03-23 22:48:17.521588+01	2026-03-23 22:48:17.521608+01	267	4
3283	Ts. unuruu 88606788 adidas tvshawn 39har	\N	5746092487	1	0	\N	\N	\N	2026-03-23 22:48:17.527926+01	2026-03-23 22:48:17.527947+01	267	4
3284	BOLOR OO, 80001007, ADIDAS TYSHAWN-42RAZMER ХААНААС: 150000 БОЛОРЦЭЦЭГ НАМСРАЙДОРЖ	\N	1719104737	1	0	\N	\N	\N	2026-03-23 22:48:17.536927+01	2026-03-23 22:48:17.536947+01	267	4
3285	adidas pvvz 270size roza 99971466	\N	5749694081	1	0	\N	\N	\N	2026-03-23 22:48:17.544488+01	2026-03-23 22:48:17.544509+01	267	4
3286	Adidas 260/41	\N	5033116727	1	0	\N	\N	\N	2026-03-23 22:48:17.552278+01	2026-03-23 22:48:17.552297+01	267	4
3287	orchlon ertonts har adidas 260sm buyu 41 size	\N	5021221533	1	0	\N	\N	\N	2026-03-23 22:48:17.558071+01	2026-03-23 22:48:17.55809+01	267	4
3288	Adidas tyshawn 245 Байгуулай Батсайхан 99032392 ХААНААС: 320000 БАТСАЙХАН БАЙГУУЛАЙ	\N	5006105449	1	0	\N	\N	\N	2026-03-23 22:48:17.56609+01	2026-03-23 22:48:17.566109+01	267	4
3289	Urtaa Jamts 94696785 260/41(3/1Adidas Tyshawn	\N	5307281512	1	0	\N	\N	\N	2026-03-23 22:48:17.577797+01	2026-03-23 22:48:17.577821+01	267	4
3290	har adidas 42.5 270   42 3/2  Deegii Deegii	\N	5720592229	1	0	\N	\N	\N	2026-03-23 22:48:17.607763+01	2026-03-23 22:48:17.607786+01	267	4
3291	gantsetseg demberel 99056810 tyshawn2 39	\N	5045603126	1	0	\N	\N	\N	2026-03-23 22:48:17.635645+01	2026-03-23 22:48:17.635665+01	267	4
3292	adidas har 39 tsend2 88080736	\N	5017271217	1	0	\N	\N	\N	2026-03-23 22:48:17.643954+01	2026-03-23 22:48:17.643972+01	267	4
3293	TELMUUN GLA, 95222655,(26041) ADIDASTYSHAWN2 ХААНААС: 150000 ТЭЛМҮҮН ТӨМӨРБААТАР	\N	3105192877	1	0	\N	\N	\N	2026-03-23 22:48:17.659729+01	2026-03-23 22:48:17.65975+01	267	4
3294	adidas tyshawn ХАР 240, 88086684	\N	5400205735	1	0	\N	\N	\N	2026-03-23 22:48:17.665915+01	2026-03-23 22:48:17.665932+01	267	4
3296	Э.Баяраа 99062605 adidas tyshawn 265 ХААНААС: 320000 БАЯРАА ЭНХТАЙВАН	\N	5000004327	1	0	\N	\N	\N	2026-03-23 22:48:17.679109+01	2026-03-23 22:48:17.679127+01	267	4
3297	270/ gerelt oyu -99103802	\N	5404800809	1	0	\N	\N	\N	2026-03-23 22:48:17.69183+01	2026-03-23 22:48:17.691857+01	267	4
2224	tsolmontuya tsolmontuya, 88883750, nike har omd S, ХААНААС: 340000 ЦОЛМОНТУЯА ГАНСУУРЬ	\N	140001861800	1	0	Дарханы унаанд тавиулах	\N	\N	2026-03-16 05:11:44.988181+01	2026-03-16 05:11:44.988203+01	193	4
3298	Cort39 Одноо Одтойзаяа96120867 ХААНААС: 320000 ОТГОНЗАЯА ЦЭДЭВ	\N	5001525892	1	0	\N	\N	\N	2026-03-24 00:17:21.098971+01	2026-03-24 00:17:21.099005+01	253	4
3299	EB -bilgee oyuka , luka puuz 36 ХААНААС: 040000 ЭРДЭНЭЧИМЭГ БАЯРСАЙХАН	\N	416027696	1	0	\N	\N	\N	2026-03-24 00:19:41.428299+01	2026-03-24 00:19:41.428336+01	268	4
3300	Б.Наранхишиг 99063063 michael kors sandaal 235 tsgaan	\N	5852060984	1	0	\N	\N	\N	2026-03-24 00:21:25.879969+01	2026-03-24 00:21:25.879998+01	232	4
3301	Nike C1TY, 43 razmer, 88004279, Munkh-Orgil	\N	5042355958	1	0	\N	\N	\N	2026-03-24 00:22:59.185018+01	2026-03-24 00:22:59.185046+01	269	4
3302	Н.Хулан 95257733 nike city prm sz 42	\N	5822178029	1	0	\N	\N	\N	2026-03-24 00:22:59.196781+01	2026-03-24 00:22:59.196802+01	269	4
3303	EB -FB:uugantsetseg.bn, 99135398,235 mk ХААНААС: 040000 УУГАНЦЭЦЭГ БАЯРСАЙХАН	\N	417035852	1	0	\N	\N	\N	2026-03-24 00:47:55.69488+01	2026-03-24 00:47:55.694901+01	273	4
3304	erdembileg bas.95118202.235 mk	\N	5645055382	1	0	\N	\N	\N	2026-03-24 00:47:55.720137+01	2026-03-24 00:47:55.720159+01	273	4
3305	99029352 Mk zuzaan ultai pvvz 37 omsdog hvn	\N	5068171041	1	0	\N	\N	\N	2026-03-24 00:47:55.733226+01	2026-03-24 00:47:55.733248+01	273	4
3306	EB -зузаан ултай МK 23,5 Batsaikhan 99169172 ХААНААС: 040000 БАТСАЙХАН ХАСБААТАР	\N	406278457	1	0	\N	\N	\N	2026-03-24 00:47:55.738594+01	2026-03-24 00:47:55.73862+01	273	4
3307	EB -Дашням Саранчимэг зузаан цагаан ултай кёт ХААНААС: 040000 САРАНЧИМЭГ ДАШНЯМ	\N	824006943	1	0	\N	\N	\N	2026-03-24 00:47:55.750929+01	2026-03-24 00:47:55.750953+01	273	4
3308	Zulaa Zuzu Adidas 37, 41 size 88052465 99082465 	\N	5007140274	2	0	\N	\N	\N	2026-03-24 00:55:56.830212+01	2026-03-24 00:55:56.830268+01	267	4
3309	Bariushaa Gereltuya 91007880 adidas 235, 245	\N	5058417567	2	0	\N	\N	\N	2026-03-24 00:55:56.850611+01	2026-03-24 00:55:56.850637+01	267	4
3310	dulguun sanuikhuu 86550957 blackmore omega 29sh	\N	5006190317	29	0	\N	\N	\N	2026-03-24 01:01:40.169309+01	2026-03-24 01:01:40.169338+01	181	4
3311	EB -Цэвээн Б. 80490306 MK altlag 230/35 ХААНААС: 040000 ЦЭВЭЭН БАТТУЛГА	\N	821063649	1	0	\N	\N	\N	2026-03-24 01:04:15.295387+01	2026-03-24 01:04:15.295437+01	273	4
3313	Mandaasuren lavander tos, bok,Sh savan, noil	\N	5360296524	1	0	\N	\N	\N	2026-03-24 01:21:09.338976+01	2026-03-24 01:21:09.338996+01	247	4
3314	Mandaasuren lavander tos, bok,Sh savan, noil	\N	5360296524	1	0	\N	\N	\N	2026-03-24 01:24:22.813276+01	2026-03-24 01:24:22.813302+01	208	4
3315	Mandaasuren lavander tos, bok,Sh savan, noil	\N	5360296524	1	0	\N	\N	\N	2026-03-24 01:24:52.999234+01	2026-03-24 01:24:52.999255+01	207	4
3316	Mandaasuren lavander tos, bok,Sh savan, noil	\N	5360296524	1	0	\N	\N	\N	2026-03-24 01:25:30.043073+01	2026-03-24 01:25:30.043093+01	249	4
3318	OYUNCHIMEGCH 80118814 AVEENO ЛАВАНДАТАЙ ХААНААС: 150000 ОЮУНЧИМЭГ ЧОЙЖИНЖАВ	\N	3255101435	2	0	\N	\N	\N	2026-03-24 01:27:14.253669+01	2026-03-24 01:27:14.253722+01	247	4
2242	tseegii tseegii 36.5 nike gutal 80084840	\N	5135474642	1	0	чингэлтэй дүүрэг 1хороо мөнгөн завьяа дэлгүүр хажуу хаалга алтан зүүлт дэлгүүрт 80084840 95111666	\N	\N	2026-03-16 06:05:32.634633+01	2026-03-16 06:05:32.634652+01	183	4
3319	Цоомоо цолмон 99579214 (235)	\N	5133269023	1	0	\N	\N	\N	2026-03-24 03:19:12.626344+01	2026-03-24 03:19:12.6264+01	274	4
3320	EB -Цэвээн Б. 80490306 MK altlag 230/35 ХААНААС: 040000 ЦЭВЭЭН БАТТУЛГА	\N	821063649	1	0	\N	\N	\N	2026-03-24 03:21:23.281326+01	2026-03-24 03:21:23.281348+01	274	4
3566	EB -А.Мөнхдэлгэр 99145904 ХААНААС: 040000 МӨНХДЭЛГЭР АМГАЛАНБААТАР	\N	419032130	1	0	\N	2026-03-27	\N	2026-03-27 11:27:27.42996+01	2026-03-27 11:29:26.400108+01	223	2
3593	EB -Tuvshee tuvshee jordan tsagaan pod XL 99067320 ХААНААС: 040000 ТҮВШИНТУЛГА ДЭМБЭРЭЛ	\N	427022913	1	0	\N	\N	\N	2026-03-27 18:22:10.432677+01	2026-03-27 18:22:10.432693+01	302	4
3323	ZolzayaZolushka 99177119 OO ariutgagch ХААНААС: 320000 ЗОЛЗАЯА ДОРЖПАЛАМ	\N	5005770962	1	0	\N	\N	\N	2026-03-24 03:30:38.894712+01	2026-03-24 03:30:38.894733+01	249	4
3324	Гүнжинлхам Буянжаргал 88006676 Dr G tos	\N	5033206699	1	0	\N	\N	\N	2026-03-24 03:33:15.207566+01	2026-03-24 03:33:15.207587+01	230	4
3273	Аsodas PUIG 230/37 бэйж ХААНААС: 320000 НАСАНЖАРГАЛ БЯМБА	\N	5005964481	1	0	Дорнод аймаг 86169490	\N	\N	2026-03-23 22:46:10.718457+01	2026-03-23 22:46:10.718476+01	272	4
3327	G.Mandakhnar 88105279 Kirkland chavga	\N	5029909982	1	0	\N	\N	\N	2026-03-24 04:11:07.786039+01	2026-03-24 04:11:07.786063+01	169	4
1313	Лхагвадоржийн Цэцэгбаяр 88009169 sulwhasoo	\N	5100136769	1	0	\N	\N	\N	2026-03-08 13:28:35.577473+01	2026-03-27 05:40:02.93869+01	119	7
3594	EB -nike tsagaan podvolk xl tsolmon 99086583 ХААНААС: 040000 ЦОЛМОН ЦОГТМАГНАЙ	\N	452559299	1	0	СБД 4хороо Улаанбаатар их дэлгүүр 5давхарт Nero giardini  тасагт	\N	\N	2026-03-27 18:22:10.438652+01	2026-03-27 18:22:10.438673+01	302	4
3326	G.Mandakhnar 88105279 buurtsagni tos	\N	5029909982	1	0	\N	2026-03-27	\N	2026-03-24 04:09:29.219016+01	2026-03-27 07:36:03.00611+01	94	3
2267	OYUN-ERDENE ERDENEBAATAR, 88065216, OHUI PDRN BOOS ХААНААС: 150000 ОЮУН-ЭРДЭНЭ ЭРДЭНЭБААТАР	\N	1205044770	1	0	ХУД 18-р хороо Гэрлүг Виста 58/4 - 14 давхарт 1403 тоот\n\nОрцны үүдэнд очоод 1403 руу залгаарай	\N	\N	2026-03-16 06:11:21.174563+01	2026-03-20 07:27:35.564699+01	174	1
1984	OYUN-ERDENE ERDENEBAATAR, 88065216, BLACKMORES OME ХААНААС: 150000 ОЮУН-ЭРДЭНЭ ЭРДЭНЭБААТАР	\N	1205044770	1	0	ХУД 18-р хороо Гэрлүг Виста 58/4 - 14 давхарт 1403 тоот\n\nОрцны үүдэнд очоод 1403 руу залгаарай	\N	\N	2026-03-15 12:06:35.249631+01	2026-03-20 07:07:14.430789+01	181	1
1994	Nergui Nek 88282211 Kamut эслэг 2 хайрцаг	\N	5022654769	2	0	19r horoolol 5bogdiin gerlen dohiogoor hoishoo ergeed Mongol solongosiin collejiin hashaan dotor Тайж 52r bair 2r orts 4 davhart 31 toot kod 1023# utas:88282211	\N	\N	2026-03-15 12:23:03.860077+01	2026-03-25 09:30:49.568008+01	182	6
1113	Од Од 99099247 32см тогоо	\N	5037297301	1	0	Хан-Уул дүүрэг 23-р хороо Сидар сити хотхон 1272-р байр 1101 тоот орцны код /#890722#/ Яармаг-н Хангарьд ордны баруун талд төв зам дагуу 16н давхар байр\n99099247\n99023453	2026-03-24	\N	2026-03-06 22:08:45.001588+01	2026-03-24 11:03:32.519954+01	96	2
3371	Enkhee Batsaikhan 80117181 (1 nomer)	\N	5024318599	1	0	\N	\N	\N	2026-03-24 18:28:20.316164+01	2026-03-24 18:28:20.316187+01	279	4
3372	99314544 cushion 21 nomer	\N	5055254784	1	0	\N	\N	\N	2026-03-24 18:28:20.335909+01	2026-03-24 18:28:20.335928+01	279	4
3373	uran zaya 94006806,21	\N	5175132601	1	0	\N	\N	\N	2026-03-24 18:28:20.357984+01	2026-03-24 18:28:20.358003+01	279	4
3374	BUJIN BUYANAA 99073325 CLIO 21 ХААНААС: 150000 ЭНХБУЯН ХОРОЛСҮРЭН	\N	1245103609	1	0	\N	\N	\N	2026-03-24 18:28:20.40026+01	2026-03-24 18:28:20.400282+01	279	4
3375	EB -clio cushion 21, Delgermaa Gankhuyag, 89115530 ХААНААС: 040000 МӨНГӨНТАМИР АЛТАНХУЯГ	\N	2609042379	1	0	\N	\N	\N	2026-03-24 18:28:20.45527+01	2026-03-24 18:28:20.455292+01	279	4
3376	О.Мядагмаа 88082612 21 linen	\N	5031514844	1	0	\N	\N	\N	2026-03-24 18:28:20.478125+01	2026-03-24 18:28:20.478144+01	279	4
3377	clio 80222244 nomer 21	\N	5022560631	1	0	\N	\N	\N	2026-03-24 18:28:20.495314+01	2026-03-24 18:28:20.495334+01	279	4
3378	enji tresor 3BY CLIO 21	\N	5068238780	2	0	\N	\N	\N	2026-03-24 18:28:20.511178+01	2026-03-24 18:28:20.511196+01	279	4
3423	Төмөрхуяг Ганзориг 99270110 Уураг 2ш	\N	5043010309	2	0	\N	\N	\N	2026-03-25 02:21:21.574617+01	2026-03-25 02:21:21.574639+01	231	4
1307	myangaa chi 90094000 ayalliin set	\N	5007265012	1	0	Хан-уул дүүрэг 18 хороо 29 байр 1 орц 10 давхарт 18 тоот( Оргил рашаан сувилалын замын ард ногоон цагаан алаг байр байгаа 90094000	2026-03-27	\N	2026-03-08 05:04:08.71596+01	2026-03-27 10:54:44.711108+01	122	2
1059	BosooMunguntuul91915274 Orintal amtlagch	\N	5009068894	1	0	\N	2026-03-25	\N	2026-03-06 07:08:25.096647+01	2026-03-25 04:31:17.18141+01	105	3
3445	Сарка С. 88962255 cetaphil moisturizing cream	\N	5403831261	1	0	\N	\N	\N	2026-03-25 05:42:35.043004+01	2026-03-25 05:42:57.202316+01	101	3
2283	badam b 88662267 ayga set	\N	5592086464	1	0	Баянгол дүүрэг 17р хороо 38а 1202 тоот	2026-03-25	\N	2026-03-16 07:00:28.832332+01	2026-03-25 06:41:22.139921+01	195	3
3595	odgerel myagmar tsagaan fudwolk XL	\N	5057661174	1	0	\N	\N	\N	2026-03-27 18:22:10.447627+01	2026-03-27 18:22:10.447646+01	302	4
1053	NARAA CH 91912924 LACTO FIT 200 ХААНААС: 150000 НАРАНЦЭЦЭГ ЧОГНИЙ	\N	1109153315	1	0	\N	2026-03-25	\N	2026-03-06 07:02:17.834347+01	2026-03-25 08:07:48.81554+01	89	3
3625	YuNa 99867070, Ohui day shield tos set	\N	5058380318	1	0	\N	\N	\N	2026-03-28 01:20:57.274789+01	2026-03-28 01:20:57.274826+01	309	4
3626	vandan bolortsetseg ohui sun cream 99072019	\N	5890491665	1	0	\N	\N	\N	2026-03-28 01:20:57.295642+01	2026-03-28 01:20:57.29566+01	309	4
2875	Д.Дэжидмаа,99098553, ten ten 2shirheg ХААНААС: 320000 ДЭЖИДМАА ДАШДАВАА	\N	5000078072	2	0	\N	\N	\N	2026-03-20 11:23:29.906544+01	2026-03-25 09:32:49.490527+01	114	6
2581	EB -Tumurbaatar Bolortuya 80851890 ten ten usult v ХААНААС: 040000 БОЛОРТУЯА ТӨМӨРБААТАР	\N	434012569	1	0	\N	\N	\N	2026-03-19 05:56:44.632187+01	2026-03-25 09:33:06.64436+01	114	6
1881	2 өсөлт вит 88102500 чулуун мөнхжаргал	\N	5404457292	2	0	\N	\N	\N	2026-03-14 10:08:43.554399+01	2026-03-25 09:33:33.127868+01	114	6
1423	EB -Dolgorjav dogoo tenten vitamin ХААНААС: 040000 ДОЛГОРЖАВ ХАШБААТАР	\N	403112340	1	0	\N	\N	\N	2026-03-09 05:28:30.17634+01	2026-03-25 09:34:25.694598+01	114	6
1523	99107210tenten 	\N	5057188864	1	0	Khan-Uul 24-r khoroo HunnuTower 1401-4toot\n99107210	\N	\N	2026-03-11 08:30:25.122977+01	2026-03-25 09:35:16.810166+01	114	6
1572	o.uyanga 99932154 ten ten 2shirheg	\N	5077421898	2	0	Сбд-11р хороо хангай хотхон 506р байр 7давхар 40тоот 1орцтой 99932154	\N	\N	2026-03-11 08:59:44.800402+01	2026-03-25 09:35:37.555441+01	114	6
1173	EB -оюунжаргал мянгандаш 88020411 ten ten 4 sav ХААНААС: 040000 ОЮУНЖАРГАЛ МЯНГАНДАШ	\N	495054157	4	0	\N	\N	\N	2026-03-06 23:56:22.218338+01	2026-03-25 09:36:04.56883+01	114	6
1951	battsetseg bayarsaikhan omega 3 99890015	\N	5037152558	1	0	Darhanii unaand tawih. Utas 99890015	\N	\N	2026-03-15 12:05:49.045296+01	2026-03-25 09:38:00.769003+01	181	6
2375	baka bakaya 88004906 togoo happy call	\N	5048300810	1	0	\N	\N	\N	2026-03-16 10:53:19.923981+01	2026-03-25 09:40:05.758082+01	96	6
3627	CINDELLA 88060008 OHUI HAR NARNII TOS SET ХААНААС: 150000 БОЛОРТУЯА УЛАМБАЯР	\N	1509159693	1	0	\N	\N	\N	2026-03-28 01:20:57.331853+01	2026-03-28 01:20:57.331872+01	309	4
3084	ORGANIC NUT TSETSEGTUYA ХААНААС: 150000 ЦЭЦЭГТУЯА ЭНХЭЭ	\N	1245122547	1	0	\N	2026-03-25	\N	2026-03-21 19:27:14.988889+01	2026-03-25 11:47:41.797183+01	157	3
1164	EB -Lhagvasuren Erdenesugar 99043335, Buurtsag tos ХААНААС: 040000 ЭРДЭНЭСУГАР ЛХАГВАСҮРЭН	\N	403166217	1	0	\N	2026-03-26	\N	2026-03-06 23:46:08.704051+01	2026-03-26 06:11:26.001856+01	94	3
1690	erdenebileg bolorchimeg 89070221 ХААНААС: 340000 БОЛОРЧИМЭГ ЭРДЭНЭБИЛЭГ	\N	230800007386	1	0	Bzd 22 horoo apartment 75 r bair hoinoosoo 1 ortstoi 8 n dabhart 54 toot *#4578	\N	\N	2026-03-12 11:52:28.678301+01	2026-03-25 09:49:08.408342+01	157	6
3446	ZAYA,88888255, 8SH ZAXIALGA ХААНААС: 150000 БАТЗАЯА РАВДАН	\N	4325111981	1	0	Сэлэнгэ аймаг, Сүхбаатар сум, аймгийн төв унаанд тавиулнаа 88888255	\N	\N	2026-03-25 09:32:07.424443+01	2026-03-25 09:32:07.424474+01	223	4
1794	ZAYA,88888255, 8SH ZAXIALGA ХААНААС: 150000 БАТЗАЯА РАВДАН	\N	4325111981	1	0	Сэлэнгэ аймаг, Сүхбаатар сум, аймгийн төв унаанд тавиулнаа 88888255	\N	\N	2026-03-12 15:00:43.18284+01	2026-03-25 09:47:57.624592+01	112	6
1795	ZAYA,88888255, 8SH ZAXIALGA ХААНААС: 150000 БАТЗАЯА РАВДАН	\N	4325111981	1	0	Сэлэнгэ аймаг, Сүхбаатар сум, аймгийн төв унаанд тавиулнаа 88888255	\N	\N	2026-03-12 15:01:58.749438+01	2026-03-12 15:01:58.749465+01	158	4
1796	ZAYA,88888255, 8SH ZAXIALGA ХААНААС: 150000 БАТЗАЯА РАВДАН	\N	4325111981	1	0	Сэлэнгэ аймаг, Сүхбаатар сум, аймгийн төв унаанд тавиулнаа 88888255	\N	\N	2026-03-12 15:03:44.110866+01	2026-03-20 06:40:11.417493+01	123	1
2145	ZAYA,88888255, 8SH ZAXIALGA ХААНААС: 150000 БАТЗАЯА РАВДАН	\N	4325111981	1	0	Сэлэнгэ аймаг, Сүхбаатар сум, аймгийн төв унаанд тавиулнаа 88888255	\N	\N	2026-03-16 04:39:26.176447+01	2026-03-16 04:39:26.176469+01	191	4
1232	Odonchimeg Odkhuu 99002435 Sulwhasoo foam, oil ХААНААС: 340000 ОДОНЧИМЭГ ОДХҮҮ	\N	343100169484	1	0	Хан-Уул дүүрэг, 3 дугаар хороо, Cozy apartment 7/1-41 тоот 90090120, 99002435	\N	\N	2026-03-07 18:05:17.566326+01	2026-03-27 05:41:28.928788+01	119	7
2595	NUUR TSEWEELEGCH SUW 2 KOM CHULUUN MUNKHJARGAL 881 ХААНААС: 150000 МӨНХЖАРГАЛ ЧУЛУУН	\N	3055110888	2	0	\N	\N	\N	2026-03-19 06:30:04.463191+01	2026-03-27 05:36:19.239645+01	119	4
3568	Starbucks Americano	\N	5044019334	6	0	\N	\N	\N	2026-03-27 11:35:22.190807+01	2026-03-27 11:35:40.750643+01	83	4
3596	ЦОЛМОН АЛТАНЗУЛ 92076161 Л ЦАГААН ПОВОЛК ХААНААС: 150000 АЛТАНЗУЛ ЦОЛМОН	\N	4005125727	1	0	\N	\N	\N	2026-03-27 18:23:10.751796+01	2026-03-27 18:23:10.751818+01	301	4
3628	нарны тос 96652363	\N	5006043577	1	0	\N	\N	\N	2026-03-28 01:20:57.339517+01	2026-03-28 01:20:57.339535+01	309	4
3631	ULZIIBAYAR DASH 99899880 MEYERS ХААНААС: 150000 ӨЛЗИЙБАЯР ДАШ	\N	1105042136	1	0	\N	\N	\N	2026-03-28 01:29:27.575028+01	2026-03-28 01:29:27.57505+01	278	4
3636	99041016 duuree amar ohui 01	\N	5212154411	1	0	\N	\N	\N	2026-03-28 01:45:39.977122+01	2026-03-28 01:45:39.982019+01	244	7
1703	Elle M, Oyundari 99082993	\N	5031699459	1	0	Хан уул дүүрэг Ривер гарден хотхоны Ривер тауэр Мандала цэцгийн дэлгүүр, 99082993	\N	\N	2026-03-12 12:10:29.307884+01	2026-03-12 12:10:29.307907+01	159	4
2319	OHui Sun black set, Oyundari 99082993	\N	5031699459	1	0	Хан уул дүүрэг Ривер гарден хотхоны Ривер тауэр Мандала цэцгийн дэлгүүр, 99082993	\N	\N	2026-03-16 09:11:03.829768+01	2026-03-16 09:11:03.829788+01	173	4
2350	OHui, Lipstick set; Oyundari 99082993	\N	5031699459	1	0	Хан уул дүүрэг Ривер гарден хотхоны Ривер тауэр Мандала цэцгийн дэлгүүр, 99082993	\N	\N	2026-03-16 10:24:34.567522+01	2026-03-16 10:24:34.567539+01	194	4
2576	Tsairuulah oo, 99082993, Oyundari	\N	5031699459	1	0	Хан уул дүүрэг Ривер гарден хотхоны Ривер тауэр Мандала цэцгийн дэлгүүр, 99082993	\N	\N	2026-03-19 05:44:37.224523+01	2026-03-19 05:44:37.224543+01	215	4
3069	estee lauder, 99082993, Oyundari	\N	5031699459	1	0	Хан уул дүүрэг Ривер гарден хотхоны Ривер тауэр Мандала цэцгийн дэлгүүр, 99082993	\N	\N	2026-03-21 19:04:09.538477+01	2026-03-21 19:04:09.538513+01	256	4
1161	2ш ашигтай бактери Alinaa Nyamjargal	\N	5166211950	2	0	1р хорооллын Мөнгөнгүүрийн урд талын 2р байр 5р орц 1давхарт код 7890#	2026-03-28	\N	2026-03-06 23:45:02.902162+01	2026-03-28 03:38:45.446887+01	113	2
1075	Alinaa Nyamjargal HAPPY CALL тогоо	\N	5166211950	1	0	1р хорооллын Мөнгөнгүүрийн урд талын 2р байр 5р орц 1давхарт код 7890#	2026-03-28	\N	2026-03-06 19:10:35.832313+01	2026-03-28 03:38:47.929598+01	96	2
1062	Alinaa Nyamjargal  салат амтлагч	\N	5166211950	1	0	1р хорооллын Мөнгөнгүүрийн урд талын 2р байр 5р орц 1давхарт код 7890#	2026-03-28	\N	2026-03-06 19:02:21.652606+01	2026-03-28 03:38:50.931859+01	105	2
2277	OCHIR NARAA 99074285, TEN TEN 3 ШИРХЭГ ХААНААС: 150000 НАРАНДЭЛГЭР ОЧИРВААНЬ	\N	3155123272	3	0	\N	2026-03-28	\N	2026-03-16 06:37:54.465196+01	2026-03-28 04:00:07.456103+01	114	3
2084	OCHIR NARAA 99074285, АЯЛЛЫН СЭТ 1 Ш ХААНААС: 150000 НАРАНДЭЛГЭР ОЧИРВААНЬ	\N	3155123272	1	0	\N	2026-03-28	\N	2026-03-16 03:56:37.277853+01	2026-03-28 04:00:12.07816+01	122	3
1133	EB -zulaachimed 99843381 cetaphil тос ХААНААС: 040000 ЭНХЗУЛ ЧИМЭДЦЭРЭН	\N	461017834	1	0	БЗД 1хороо голдэн вилл хотхон 104 байр 4 давхарт 402тоот код:001041 утас 99843381	2026-03-28	\N	2026-03-06 23:13:20.38837+01	2026-03-28 04:26:20.889148+01	111	2
3641	90000209 OYUNCHIMEG TUMENOLZI PUMA 230 TSAGAAN ХААНААС: 040000 ОЮУНЧИМЭГ ТҮМЭН-ӨЛЗИЙ	\N	414007403	1	0	\N	\N	\N	2026-03-28 04:41:24.122876+01	2026-03-28 04:41:24.122896+01	277	4
3642	88087237 SIZE220 TSAGAAN PUMA TAVCHIK ХААНААС: 150000 ОТГОНСҮРЭН ДОНЛИГ	\N	3455187361	1	0	\N	\N	\N	2026-03-28 04:41:24.131899+01	2026-03-28 04:41:24.131918+01	277	4
3643	EB -SE Azjargal 99351885 PUMA тавчик 40.5 ХААНААС: 040000 АЗЖАРГАЛ ЭРДЭНЭ-ОЧИР	\N	407185577	1	0	\N	\N	\N	2026-03-28 04:41:24.138252+01	2026-03-28 04:41:24.138269+01	277	4
3644	99993141 ankhiluun enhbat puma tsagaan 230	\N	5031688368	1	0	\N	\N	\N	2026-03-28 04:41:24.1418+01	2026-03-28 04:41:24.141815+01	277	4
3645	260/40.5 Gt Ganbat 99206737	\N	5312338778	1	0	\N	\N	\N	2026-03-28 04:41:24.144509+01	2026-03-28 04:41:24.144524+01	277	4
3648	Odko dk, 88804236, lacto Bacteri	\N	5015393077	1	0	\N	\N	\N	2026-03-28 04:47:05.504932+01	2026-03-28 04:47:05.504948+01	89	4
3649	LACTOFIT- DOLGORMAA 99897099 ХААНААС: 150000 ДОЛГОРМАА ТҮВШИНЖАРГАЛ	\N	3009295006	1	0	\N	\N	\N	2026-03-28 04:47:05.510911+01	2026-03-28 04:47:05.510931+01	89	4
3650	gege gerelee, 94055151, lacto bakter	\N	5018062337	1	0	\N	\N	\N	2026-03-28 04:47:05.51584+01	2026-03-28 04:47:05.515987+01	89	4
3651	EB -95100072 Д.Пүүгий  lacto fit ХААНААС: 040000 ПҮРЭВСАЙХАН ДАВААЖАВ	\N	423092092	1	0	\N	\N	\N	2026-03-28 04:47:05.519875+01	2026-03-28 04:47:05.519891+01	89	4
3652	GANAA GAN LACTO FIT 99272867 ХААНААС: 150000 ГАНЧИМЭГ ДОЛЖИН	\N	1175181261	1	0	\N	\N	\N	2026-03-28 04:47:05.523521+01	2026-03-28 04:47:05.523534+01	89	4
1637	Gereltsatsral 99901004 Su:m гууж гель	\N	5753359692	1	3200	\N	\N	\N	2026-03-12 10:57:59.441393+01	2026-03-25 10:31:53.105703+01	154	6
2012	oyun-erdene 3ш 99068926 нүүр цэвэрлэх сет	\N	5034148817	3	3600	\N	\N	\N	2026-03-15 12:46:17.708774+01	2026-03-25 10:34:32.712977+01	160	6
1868	Nyamjav Dariimaa 99224521 OHUI shampoo	\N	5041023127	1	0	Сүхбаатар аймгийн төв Баруун-Урт сум руу тэнгэр плазагаас таксинд хийлгэе. Cushion, Sulwassoo hos tsugt ni awna shuu utas: 99224521	\N	\N	2026-03-14 09:23:34.167534+01	2026-03-20 07:03:28.490629+01	170	1
3249	Nyamjav Dariimaa 99224521 Scrubbing bubbles	\N	5041023127	1	0	Сүхбаатар аймгийн төв Баруун-Урт сум руу тэнгэр плазагаас таксинд хийлгэе. Cushion, Sulwassoo hos tsugt ni awna shuu utas: 99224521	\N	\N	2026-03-23 22:20:43.400286+01	2026-03-23 22:20:43.400309+01	249	4
3259	Nyamjav Dariimaa 99224521 DR.G tos	\N	5041023127	1	0	Сүхбаатар аймгийн төв Баруун-Урт сум руу тэнгэр плазагаас таксинд хийлгэе. Cushion, Sulwassoo hos tsugt ni awna shuu utas: 99224521	\N	\N	2026-03-23 22:29:05.959666+01	2026-03-23 22:29:05.959714+01	230	4
1919	RAYRAY 80094142 OHUI NOGOON COM PRIME ADVANCER PRO ХААНААС: 150000 АЛТАНТУЯА ЗИНАМЯДАР	\N	3255139979	1	0	Сүхбаатар дүүрэг 3-р хороо Номун хотхон 39-р байр 160 тоот	\N	\N	2026-03-14 11:00:21.610509+01	2026-03-20 07:28:29.2276+01	174	1
2357	Batochir Odonchimeg Shulwhasoo serum	\N	5025628511	5	0	ХУД 21-р хороо Төгс орчин 1 хотхон 286а байр	\N	\N	2026-03-16 10:36:14.01813+01	2026-03-20 06:47:57.75471+01	153	1
2291	gantuya batsuuri 89945432 ten ten 2sh	\N	5735162494	2	0	Төв аймаг Баянчандмань сум хар хорин зах машиний зогсоол 15:00,18:00 цагт асио автобус бусад үед жижиг тэрэг явна. 89945432	\N	\N	2026-03-16 07:11:45.976966+01	2026-03-25 09:33:22.319581+01	114	6
1730	Tuvshuu Tuvshinjargal 99056782 su:m37 essence mist ХААНААС: 320000 ТҮВШИНЖАРГАЛ МЯНГАНДАШ	\N	5001838644	1	0	БЗД 39-р хороо Улаанхуаран Комфорт хотхоны 63 байр 2орц 10давхар 163тоот(орцны код 9317#)	\N	\N	2026-03-12 12:53:34.230984+01	2026-03-20 06:56:51.954195+01	163	1
1714	Tuvshuu Tuvshinjargal99056782 SU:M37 ХААНААС: 320000 ТҮВШИНЖАРГАЛ МЯНГАНДАШ	\N	5001838644	1	3600	БЗД 39-р хороо Улаанхуаран Комфорт хотхоны 63 байр 2орц 10давхар 163тоот(орцны код 9317#)	2026-03-28	\N	2026-03-12 12:19:41.137518+01	2026-03-28 04:09:41.572839+01	160	2
3126	tenten-5, ам зайлагч-1 ичко бат-очир 99515918	\N	5068153634	5	0	Баянгол дүүрэг 20-р хороо эрин хороолол 53/10-р байр 1р орц 6 давхар 30тоот код #5311	\N	\N	2026-03-21 20:01:33.7428+01	2026-03-21 20:01:33.742831+01	205	4
3127	tenten-5, ам зайлагч-1 ичко бат-очир 99515918	\N	5068153634	1	0	Баянгол дүүрэг 20-р хороо эрин хороолол 53/10-р байр 1р орц 6 давхар 30тоот код #5311	\N	\N	2026-03-21 20:01:54.424656+01	2026-03-21 20:01:54.424759+01	198	4
1775	EB -od choi 99164504 sulwasho serum 5shirheg ХААНААС: 040000 ЭНХ-ОД ЧОЙДОГСҮРЭН	\N	459008424	5	0	Чингэлтэй дүүрэг 5 хороо 6 хороолол Тэнгис кино театрын хойно угсармал 9 давхар байрны 17 байр 2 орц 5 давхар 53 тоот код нь 53в 99164504	\N	\N	2026-03-12 14:21:44.883029+01	2026-03-20 06:48:25.330458+01	153	1
2512	EB -Od choi 99164504 Sum energy set ХААНААС: 040000 ЭНХ-ОД ЧОЙДОГСҮРЭН	\N	459008424	1	0	Чингэлтэй дүүрэг 5 хороо 6 хороолол Тэнгис кино театрын хойно угсармал 9 давхар байрны 17 байр 2 орц 5 давхар 53 тоот код нь 53в 99164504	\N	\N	2026-03-19 04:58:26.607976+01	2026-03-19 04:58:26.607992+01	206	4
1464	EB -99164504 od choi, nike tsunkh ХААНААС: 040000 ЭНХ-ОД ЧОЙДОГСҮРЭН	\N	459008424	1	0	Чингэлтэй дүүрэг 5 хороо 6 хороолол Тэнгис кино театрын хойно угсармал 9 давхар байрны 17 байр 2 орц 5 давхар 53 тоот код нь 53в 99164504	\N	\N	2026-03-10 09:09:24.924965+01	2026-03-24 05:23:38.951405+01	90	6
1135	Choimrog Enhtuwshin 99370112	\N	5048100991	1	0	Сэлэнгэ аймаг сайхан сум (хөтөл)	\N	\N	2026-03-06 23:13:20.401467+01	2026-03-23 12:05:44.466056+01	111	6
2552	Choimrog  Enhuwshin 99370112 wok	\N	5048100991	1	0	Сэлэнгэ аймаг сайхан сум (хөтөл)	\N	\N	2026-03-19 05:19:58.896475+01	2026-03-19 05:19:58.896496+01	208	4
1455	TvmenUlzii Duurenjargal 99362046 ten ten-3	\N	5094223125	3	0	СБД 11хороо New residence хотхон 722-р байр 118 тоот 89695055	\N	\N	2026-03-10 08:56:37.351084+01	2026-03-25 09:35:03.510153+01	114	5
3053	Saraa Sarantsetseg 89117725 Sum kom	\N	5003769602	1	0	Чингэлтэй дүүрэг, 5-р хороо, Нисдэг машины замын эсрэг талд 34-р байр, 1-р орц, 11 давхар, 55 тоот. Орц код: 89117725#\nУтас: 89117725	\N	\N	2026-03-21 18:15:55.361813+01	2026-03-21 18:15:55.361835+01	206	4
1898	Д.Өнөржаргал 90080062 ohui narnii tos ХААНААС: 320000 ӨНӨРЖАРГАЛ ДАМДИНДОРЖ	\N	5000023371	1	0	Бгд 17-р хороо 44а элеганс 56 тоот 12 давхар чипээр	\N	\N	2026-03-14 10:45:51.487115+01	2026-03-14 10:45:51.487137+01	173	4
1050	MM:khishgee 89359655 starbucks americano (ХААН БАН ХААНААС: 520000 ХИШИГЖАРГАЛ БАТЦАГААН	\N	110027543490	1	0	\N	2026-03-26	\N	2026-03-06 07:00:17.883757+01	2026-03-26 10:10:49.085847+01	83	3
1570	Ulziijargal Alexandr 99034021 togoo	\N	5312744554	1	0	БГД 6-р хороо 10-р хороолол Гэрлэх ёслолын урд далангын урд 42-р байр 4–н давхарт 26 тоот утас 89897595, 99034021	\N	\N	2026-03-11 08:57:58.203049+01	2026-03-25 09:40:15.991007+01	96	6
1469	Bymbaa Bolortuya 99761335 хар addidas 41раз	\N	5014435180	1	0	Сбд 11-р хороо 100айл шинэ зам дагуу Дархан өргөө хотхон 1013-р байр 10давхар 1004 тоот	\N	\N	2026-03-10 09:19:25.832597+01	2026-03-20 06:40:25.771247+01	125	1
3451	Nyamsuren Baatarsuren 9656 8778 nepa M size	\N	5306070135	1	0	\N	\N	\N	2026-03-27 00:23:15.09462+01	2026-03-27 00:23:15.094667+01	288	4
1355	Purevjargal Pjl 88096635 DG Latte set	\N	5302149953	1	0	БЗД, 22-р хороо, 100-р байрны 1-р блок, 1-р орцны 5 давхарт, 18 тоот (Офицеруудын ордон болон БХЯ-ны баруун талын саарал байр) \nорцны код: 20245#\nОрцны дотор хаалганы код: түлхүүр4101\nутас: 88096635	2026-03-27	\N	2026-03-08 15:10:17.742794+01	2026-03-27 11:02:12.880738+01	118	2
3453	99314544 Hantsuivch M saiz	\N	5055254784	1	0	\N	\N	\N	2026-03-27 00:23:15.130855+01	2026-03-27 00:23:15.130872+01	288	4
3454	BosooMunguntuul 91915274 hantsuwch L har	\N	5009068894	1	0	\N	\N	\N	2026-03-27 00:24:14.539553+01	2026-03-27 00:24:14.539591+01	289	4
3455	Oogiionbogo 88897913 hantsuivch ХААНААС: 320000 ОЮУНБАТ ДОЛЖИНБААСАН	\N	5001141095	1	0	\N	\N	\N	2026-03-27 00:24:14.547053+01	2026-03-27 00:24:14.547073+01	289	4
3456	Ч.Халиун 96902337; Nepa SzL	\N	5027011074	1	0	\N	\N	\N	2026-03-27 00:24:14.557295+01	2026-03-27 00:24:14.557315+01	289	4
3457	ZolzayaZolushka 99177119 Nefa hantsuivch L razmer ХААНААС: 320000 ЗОЛЗАЯА ДОРЖПАЛАМ	\N	5005770962	1	0	\N	\N	\N	2026-03-27 00:24:14.568499+01	2026-03-27 00:24:14.568521+01	289	4
3458	96449395. ediya yogurt powder	\N	5619109954	1	0	\N	\N	\N	2026-03-27 00:36:46.140103+01	2026-03-27 00:36:46.140124+01	290	4
3459	otgoo otgoo 99084102 yogurt powder ХААНААС: 340000 ОТГОНЖАРГАЛ ЯДАМСҮРЭН	\N	360000176510	1	0	\N	\N	\N	2026-03-27 00:36:46.157463+01	2026-03-27 00:36:46.157484+01	290	4
3460	Р Отгоо 99042581 EDIYA yogurt powder	\N	5166313532	1	0	\N	\N	\N	2026-03-27 00:36:46.173465+01	2026-03-27 00:36:46.173484+01	290	4
3461	JARGALSAIHAN KHALIUN 99903586 YOGURT POWDER ХААНААС: 150000 ХАЛИУН ЖАРГАЛСАЙХАН	\N	2709021794	1	0	\N	\N	\N	2026-03-27 00:36:46.182011+01	2026-03-27 00:36:46.182033+01	290	4
3462	EB -Nomin Tuvshinbayar 99073227 Yogurt Powder ХААНААС: 040000 НОМИН ТҮВШИНБАЯР	\N	495075279	1	0	\N	\N	\N	2026-03-27 00:36:46.193045+01	2026-03-27 00:36:46.193064+01	290	4
3463	Nyamsuren Baatarsuren 9656 8778 Ediya powder	\N	5306070135	1	0	\N	\N	\N	2026-03-27 00:36:46.204727+01	2026-03-27 00:36:46.204745+01	290	4
3464	yogurt powder 88048001	\N	5000772005	1	0	\N	\N	\N	2026-03-27 00:36:46.217809+01	2026-03-27 00:36:46.217828+01	290	4
3465	ErdeneOchirOdnoo Nepa L 99325155	\N	5011790657	1	0	\N	\N	\N	2026-03-27 00:40:53.391144+01	2026-03-27 00:40:53.391196+01	289	4
3466	nepa L 89377377	\N	5025402311	1	0	\N	\N	\N	2026-03-27 00:40:53.404898+01	2026-03-27 00:40:53.404919+01	289	4
3467	PuujeeN-98191090 nepa-L	\N	5956088392	1	0	\N	\N	\N	2026-03-27 00:40:53.416661+01	2026-03-27 00:40:53.416682+01	289	4
3468	Nogoon kom 4 Undraam undraa 8888-1752 ХААНААС: 320000 УНДРАХ ЧАДРААБАЛ	\N	5002550888	4	0	\N	\N	\N	2026-03-27 00:59:51.820344+01	2026-03-27 00:59:51.820366+01	246	4
3469	Otgonjargal Olonbayar 86929291 ue mochnii tos	\N	5031467020	1	0	\N	\N	\N	2026-03-27 01:02:39.439065+01	2026-03-27 01:02:39.439086+01	227	4
3471	98314544 tirko	\N	5055254784	1	0	\N	\N	\N	2026-03-27 01:05:37.8782+01	2026-03-27 01:05:37.878219+01	152	5
3472	Uyanga btogtokh 99362937 трико ХААНААС: 300000 УЯНГА БАЛДАНТОГТОХ	\N	3007034895	1	0	\N	\N	\N	2026-03-27 01:05:37.887807+01	2026-03-27 01:05:37.887824+01	152	5
3473	otgon99286708	\N	5753339085	1	0	\N	\N	\N	2026-03-27 01:05:37.901443+01	2026-03-27 01:05:37.901464+01	152	5
3474	EB -91109127 mezclar bb cream tegshzaya ХААНААС: 040000 ТЭГШЗАЯА ШААЛУУ	\N	460007998	1	0	\N	\N	\N	2026-03-27 01:07:18.041621+01	2026-03-27 01:07:18.041666+01	226	4
3475	EB -bb cream 99865959 bilgee mb ХААНААС: 040000 МӨНХБИЛЭГ САЙНБИЛЭГ	\N	470002875	1	0	\N	\N	\N	2026-03-27 01:07:18.059346+01	2026-03-27 01:07:18.059365+01	226	4
3476	odchimeg ochkoo 99377669 ayalal set	\N	5045525146	1	0	\N	\N	\N	2026-03-27 01:09:52.025733+01	2026-03-27 01:09:52.025765+01	122	4
3477	b.naranjargal 91911941 aylalain set	\N	5022620739	1	0	\N	\N	\N	2026-03-27 01:09:52.040527+01	2026-03-27 01:09:52.040546+01	122	4
3478	ЭНХ-УНДРАХ 99093286 aylal ayga 6 hvni set,	\N	5024168530	1	0	\N	\N	\N	2026-03-27 01:09:52.04666+01	2026-03-27 01:09:52.046686+01	122	4
3479	ENKHCHIMEG ENKHEE 91977111 АЯНЫ КОМ ХААНААС: 150000 ЭНХЧИМЭГ ЭНХТУЯА	\N	2405016918	1	0	\N	\N	\N	2026-03-27 01:09:52.053072+01	2026-03-27 01:09:52.053099+01	122	4
3480	Ундармаа Цогнэмэх 80090302 аялал сэт	\N	5032181448	1	0	\N	\N	\N	2026-03-27 01:10:41.521209+01	2026-03-27 01:10:41.521235+01	122	4
3481	нээгий нээгий 99037746 har adidas 42 size	\N	5135551721	1	0	\N	\N	\N	2026-03-27 01:14:50.766765+01	2026-03-27 01:14:50.766785+01	267	4
3482	suvda suvd, 99092573, adidas har arisan-260	\N	5303520317	1	0	\N	\N	\N	2026-03-27 01:14:50.779138+01	2026-03-27 01:14:50.779155+01	267	4
3483	EB -Adidas Tyshawn 2 - 245 / Saruul Rentsendorj ХААНААС: 040000 САРУУЛ РЭНЦЭНДОРЖ	\N	2600085112	1	0	\N	\N	\N	2026-03-27 01:14:50.791749+01	2026-03-27 01:14:50.791768+01	267	4
3484	sulwhaso serum 3ш 88038325 энхсайхан сайханаа ХААНААС: 300000 ЭНХСАЙХАН ЭСЭРВААНЬ	\N	3016050144	1	0	\N	\N	\N	2026-03-27 01:26:14.471644+01	2026-03-27 01:26:14.471665+01	119	4
3485	4ширхэг омега 99996108	\N	5133025905	4	0	\N	\N	\N	2026-03-27 01:31:05.496052+01	2026-03-27 01:31:05.496097+01	181	4
3486	tseene-nike interact easyon-38	\N	5068032234	1	0	\N	\N	\N	2026-03-27 01:37:29.657463+01	2026-03-27 01:37:29.657487+01	291	4
3487	Ts.Gantuya Nike pvvz har 38 96058033	\N	5009380688	1	0	\N	\N	\N	2026-03-27 01:37:29.664152+01	2026-03-27 01:37:29.664234+01	291	4
3488	EB -Tsendee 2 88992990, Nike run  puuz 37,5 ХААНААС: 040000 ЦЭНД САРАНТУНГАЛАГ	\N	435035990	1	0	\N	\N	\N	2026-03-27 01:37:29.67249+01	2026-03-27 01:37:29.672515+01	291	4
3489	91113274, W nike run puuz, size 250	\N	5018020114	1	0	\N	\N	\N	2026-03-27 01:37:29.678325+01	2026-03-27 01:37:29.678348+01	291	4
3490	Purevjargal Pjl 88096635 W nike 24.5 sz	\N	5031161353	1	0	\N	\N	\N	2026-03-27 01:37:29.684712+01	2026-03-27 01:37:29.684743+01	291	4
3491	88031598 W Nike interact run easyon size 39	\N	5753814778	1	0	\N	\N	\N	2026-03-27 01:37:29.692988+01	2026-03-27 01:37:29.693012+01	291	4
3492	Urjinkhand Maabazar 88082270    Nike run 37,5	\N	5495135175	1	0	\N	\N	\N	2026-03-27 01:37:29.709864+01	2026-03-27 01:37:29.709884+01	291	4
3493	99072201, W nike interact run, size 230	\N	5077067357	1	0	\N	\N	\N	2026-03-27 01:37:29.71733+01	2026-03-27 01:37:29.717351+01	291	4
3494	Unurflower 91915155 ohui age recovery set	\N	5174001419	1	0	\N	\N	\N	2026-03-27 01:39:45.215005+01	2026-03-27 01:39:45.215026+01	259	4
3495	96449395. ohui age recovery	\N	5619109954	1	0	\N	\N	\N	2026-03-27 01:39:45.222723+01	2026-03-27 01:39:45.222746+01	259	4
3496	MGL-Hero 99190075 Ohui Age-tos	\N	5000808089	1	0	\N	\N	\N	2026-03-27 01:39:45.227876+01	2026-03-27 01:39:45.227896+01	259	4
3497	ХАЛИУН ДАМДИНДОРЖ 99055646 OHUI AGERECOVERY ХААНААС: 150000 ХАЛИУН ДАМДИНДОРЖ	\N	2409315923	1	0	\N	\N	\N	2026-03-27 01:39:45.236401+01	2026-03-27 01:39:45.236422+01	259	4
3499	EB -Narangerel Boldbaatar, 86066436, 2 uurag ХААНААС: 040000 НАРАНГЭРЭЛ БОЛДБААТАР	\N	409068745	2	0	\N	\N	\N	2026-03-27 01:41:24.788939+01	2026-03-27 01:41:24.788985+01	231	4
3501	Deenee Deenee, 99098902, CLIO cushion 21	\N	5315081353	1	0	\N	\N	\N	2026-03-27 01:46:14.730708+01	2026-03-27 01:46:14.73075+01	279	4
3502	MGL-Hero 99190075 Clio-cusion 21	\N	5000808089	1	0	\N	\N	\N	2026-03-27 01:46:14.740574+01	2026-03-27 01:46:14.74063+01	279	4
3503	OYUNTUYA ENKHEE 99016357 21 CLIO CUSION ХААНААС: 150000 ОЮУНТУЯА ЭНХЭЭ	\N	3455136965	1	0	\N	\N	\N	2026-03-27 01:46:14.744676+01	2026-03-27 01:46:14.744694+01	279	4
3504	adilbish gantsetseg 80014808 CLIO 21	\N	5700954013	1	0	\N	\N	\N	2026-03-27 01:46:14.750399+01	2026-03-27 01:46:14.750589+01	279	4
3505	uyanga sd 99068839 21nomer	\N	5015214852	1	0	\N	\N	\N	2026-03-27 01:46:14.756975+01	2026-03-27 01:46:14.757428+01	279	4
3470	anu tugs 94031800 tirko	\N	5062139149	1	0	\N	2026-03-27	\N	2026-03-27 01:05:37.852002+01	2026-03-27 10:34:50.487781+01	152	3
3506	94001225 Tuya Tuyana, #21 CLIO cusion	\N	5031377395	2	0	\N	\N	\N	2026-03-27 01:46:14.761663+01	2026-03-27 01:46:14.761682+01	279	4
3507	99012591, clio cusion 21, 23	\N	5084001114	1	0	\N	\N	\N	2026-03-27 01:46:14.768454+01	2026-03-27 01:46:14.768478+01	279	4
3508	zaya zaya 96898989 clio 23	\N	5750204811	1	0	\N	\N	\N	2026-03-27 01:49:24.207389+01	2026-03-27 01:49:24.207443+01	280	4
3509	CLIO cushion 23   96659736 Chuka Deleg	\N	5749303688	1	0	\N	\N	\N	2026-03-27 01:49:24.216309+01	2026-03-27 01:49:24.216326+01	280	4
3510	99012591, clio cusion 21, 23	\N	5084001114	1	0	\N	\N	\N	2026-03-27 01:49:24.224799+01	2026-03-27 01:49:24.224818+01	280	4
3511	EB -D.Erdenesuvd 99394099 clio cushion 23 nomer ХААНААС: 040000 ЭРДЭНЭСУВД ДОРЖПАЛАМ	\N	476029207	1	0	\N	\N	\N	2026-03-27 01:49:24.23322+01	2026-03-27 01:49:24.233237+01	280	4
3512	CLIO пудр 23 номер	\N	5897008150	1	0	\N	\N	\N	2026-03-27 01:49:24.24095+01	2026-03-27 01:49:24.240968+01	280	4
3513	perwol хар Вок, davaadulam Lha 96021246	\N	5033091802	1	0	\N	\N	\N	2026-03-27 02:10:55.462101+01	2026-03-27 02:10:55.462124+01	293	4
3514	Tina Tina 99093469-har huvtsasnii bok	\N	5114238576	1	0	\N	\N	\N	2026-03-27 02:10:55.48201+01	2026-03-27 02:10:55.482036+01	293	4
3515	UUGANAA BOLORMAA, HAR HUVTSASNI VOK ХААНААС: 150000 УУГАНЦЭЦЭГ БОЛОРМАА	\N	3005104767	1	0	\N	\N	\N	2026-03-27 02:10:55.502392+01	2026-03-27 02:10:55.502412+01	293	4
3516	A.Deegii 99278960 perwoll har huvtsasnii vok	\N	5301840986	1	0	\N	\N	\N	2026-03-27 02:10:55.517801+01	2026-03-27 02:10:55.517821+01	293	4
3517	Perwoll har Oyunbold Ganbold 99841783	\N	5003608340	1	0	\N	\N	\N	2026-03-27 02:10:55.536043+01	2026-03-27 02:10:55.536069+01	293	4
3518	batsuh tsagaanaa хар вок	\N	5311914278	1	0	\N	\N	\N	2026-03-27 02:10:55.542592+01	2026-03-27 02:10:55.542615+01	293	4
3519	Bayan Jargal Perwoll vok 88015519 ХААНААС: 320000 БАЯНЖАРГАЛ ДАРАМБАЗАР	\N	5001141324	1	0	\N	\N	\N	2026-03-27 02:10:55.550967+01	2026-03-27 02:10:55.550987+01	293	4
3520	EB -Lhagvasuren Erdenesugar 99043335, Har huvtsasn ХААНААС: 040000 МАРГАД-ЭРДЭНЭ БАТБОЛД	\N	403246208	1	0	\N	\N	\N	2026-03-27 02:10:55.555532+01	2026-03-27 02:10:55.555551+01	293	4
3521	UrnaaUrnaa 99222100, Perwoll bok-2?2 ХААНААС: 340000 УРАНСАЙХАН ЖАМЪЯНШАРАВ	\N	106200020916	1	0	\N	\N	\N	2026-03-27 02:10:55.581677+01	2026-03-27 02:10:55.581703+01	293	4
3522	EB -Khulana Khulan 99107210 Perwoll ХААНААС: 040000 ХУЛАН ОЧИРБАТ	\N	800021970	1	0	\N	\N	\N	2026-03-27 02:10:55.607745+01	2026-03-27 02:10:55.607769+01	293	4
3523	Naran Naraa 80288686 Bok ХААНААС: 340000 НАРАНЧИМЭГ ГАВААГОМПИЛ	\N	281300146745	1	0	\N	\N	\N	2026-03-27 02:10:55.630454+01	2026-03-27 02:10:55.630477+01	293	4
3524	ErdeneOchir Odnoo 99325155 Perwoll	\N	5011790657	1	0	\N	\N	\N	2026-03-27 02:10:55.657296+01	2026-03-27 02:10:55.657321+01	293	4
3525	Doogii doogii, 91111331, perwoll har huw vok	\N	5019322829	1	0	\N	\N	\N	2026-03-27 02:10:55.678953+01	2026-03-27 02:10:55.678976+01	293	4
3526	gege gerelee, 94055151, perwoll bok	\N	5018062337	1	0	\N	\N	\N	2026-03-27 02:10:55.732973+01	2026-03-27 02:10:55.732999+01	293	4
3527	99057990 хар хувцас вок , BBlab	\N	5001074747	1	0	\N	\N	\N	2026-03-27 02:10:55.758363+01	2026-03-27 02:10:55.758386+01	293	4
3528	Dolgorsuren Sugar 86100262 Perwoll har	\N	5304708751	1	0	\N	\N	\N	2026-03-27 02:10:55.772324+01	2026-03-27 02:10:55.772348+01	293	4
3529	davaa 99021963 perwoll bok	\N	5028360738	1	0	\N	\N	\N	2026-03-27 02:10:55.78076+01	2026-03-27 02:10:55.780786+01	293	4
3530	99012591, perwoll vok	\N	5084001114	1	0	\N	\N	\N	2026-03-27 02:10:55.798592+01	2026-03-27 02:10:55.798616+01	293	4
3531	har bok 2+2 Gt Ganbat99206737	\N	5312338778	1	0	\N	\N	\N	2026-03-27 02:10:55.812348+01	2026-03-27 02:10:55.812371+01	293	4
3532	Z,Enkhtuvshin 88164996 Perwoll bok	\N	5037351803	1	0	\N	\N	\N	2026-03-27 02:10:55.830769+01	2026-03-27 02:10:55.830793+01	293	4
3533	undarmaa davaasuren 88059592 BBLab enzyme	\N	5037604175	1	0	\N	\N	\N	2026-03-27 02:14:39.979643+01	2026-03-27 02:14:39.979666+01	283	4
3534	G.Mandakhnar 88105279	\N	5029909982	1	0	\N	\N	\N	2026-03-27 02:14:39.990887+01	2026-03-27 02:14:39.99091+01	283	4
3535	Dawaasuren Urnaa 94144124 хоол задлагч BBLab	\N	5021339566	1	0	\N	\N	\N	2026-03-27 02:14:39.995887+01	2026-03-27 02:14:39.995906+01	283	4
3536	EB -zaya mzzaya 91040434 bb lab ислэг ХААНААС: 040000 МӨНХЗАЯА ГАНБОЛД	\N	459034206	1	0	\N	\N	\N	2026-03-27 02:14:40.002847+01	2026-03-27 02:14:40.002867+01	283	4
3537	Battsetseg Erdenee 91816991 BBlab-Хоолзадлагч	\N	5007734392	1	0	\N	\N	\N	2026-03-27 02:14:40.012994+01	2026-03-27 02:14:40.013014+01	283	4
3538	ariundelger batdelger 99880421 хоол задлагч-2	\N	5063132187	2	0	\N	\N	\N	2026-03-27 02:14:40.019867+01	2026-03-27 02:14:40.019886+01	283	4
3539	EB -chonos batbayar 88092721 bb hool shingeegch ХААНААС: 040000 ОЮУН-ЭРДЭНЭ БАТБАЯР	\N	495058209	1	0	\N	\N	\N	2026-03-27 02:14:40.024746+01	2026-03-27 02:14:40.024763+01	283	4
3540	orkhon naiman 99008893 centella ХААНААС: 340000 ОРХОН НАЙМАН	\N	360000179352	1	0	\N	\N	\N	2026-03-27 02:18:43.764256+01	2026-03-27 02:18:43.764278+01	294	4
3541	Mongol Peace 99109798/Centella ampoule/	\N	5011137120	1	0	\N	\N	\N	2026-03-27 02:18:43.786126+01	2026-03-27 02:18:43.786144+01	294	4
3542	Chintuya tsogtjargal centella ampule 99082063	\N	5077226864	1	0	\N	\N	\N	2026-03-27 02:18:43.803075+01	2026-03-27 02:18:43.803102+01	294	4
3543	Nike vista sandal 250 Байгуулай Батсайхан 99032392 ХААНААС: 320000 БАТСАЙХАН БАЙГУУЛАЙ	\N	5006105449	1	0	\N	\N	\N	2026-03-27 02:23:38.650841+01	2026-03-27 02:23:38.650869+01	295	4
3544	Otgoo Jargal, nike sandal size 280, 99723599	\N	5022162289	1	0	\N	\N	\N	2026-03-27 02:23:38.659482+01	2026-03-27 02:23:38.659507+01	295	4
3545	EB-sandaal 270 . z  99032569	\N	5381378888	1	0	\N	\N	\N	2026-03-27 02:23:38.663252+01	2026-03-27 02:23:38.66327+01	295	4
3546	Сүхбаатар Мэндбаатар 99107189 хар сандаал 42 270	\N	5094128390	1	0	\N	\N	\N	2026-03-27 02:23:38.666777+01	2026-03-27 02:23:38.666795+01	295	4
3547	AMARJARGALAMKA 80026939 NIKE TSAGAAN OMD M SIZE ХААНААС: 150000 АМАРЖАРГАЛ БААТАР	\N	1105084387	1	0	\N	\N	\N	2026-03-27 02:29:24.974588+01	2026-03-27 02:29:24.974607+01	297	4
3548	Deenee Deenee, 99098902, Nike цагаан өмд М	\N	5315081353	1	0	\N	\N	\N	2026-03-27 02:29:25.002289+01	2026-03-27 02:29:25.002308+01	297	4
3549	Oyunsuvd 99994113 Nike M size umd tsagaan	\N	5094405671	1	0	\N	\N	\N	2026-03-27 02:29:25.016633+01	2026-03-27 02:29:25.016653+01	297	4
3550	Ц.Лэгжмаа 94109332 nike өмд м size	\N	5045549791	1	0	\N	\N	\N	2026-03-27 02:29:25.025058+01	2026-03-27 02:29:25.025076+01	297	4
3551	EB -200sh lactofit Anirkhan 99424271 ХААНААС: 040000 МУРАТБЕК ЕРМУХАНБЕТ	\N	472049771	1	0	\N	\N	\N	2026-03-27 05:33:55.519991+01	2026-03-27 05:33:55.520024+01	89	4
2378	bolortsetseg gankhuyag 99675666 faom oil -2ш	\N	5033123676	2	0	\N	\N	\N	2026-03-16 11:59:37.19888+01	2026-03-27 05:36:26.231101+01	119	4
2024	ЦОЛМОН АЛТАНЗУЛ 92076161 ХӨӨС ОЙЛ, 3 Ш СЕРИУМ ХААНААС: 150000 АЛТАНЗУЛ ЦОЛМОН	\N	4005125727	1	0	\N	\N	\N	2026-03-15 13:05:45.861334+01	2026-03-27 05:36:51.356713+01	119	4
1430	norjinsuren bold 99257218 Sulwhasoo cleanser&foam ХААНААС: 340000 НОРЖИНСҮРЭН БОЛД	\N	102900299998	1	0	\N	\N	\N	2026-03-10 08:15:17.254301+01	2026-03-27 05:37:56.54055+01	119	7
3569	Starbucks Latte  3n turul	\N	5044019334	11	0	\N	\N	\N	2026-03-27 11:37:27.232377+01	2026-03-27 11:37:39.640411+01	118	4
3597	Saikhanaa Batbayr 99042858 nike podvolk 2xl	\N	5024449237	1	0	\N	\N	\N	2026-03-27 18:25:31.688112+01	2026-03-27 18:25:31.688132+01	303	4
3598	Tsedev Boloroo ,99796089, 2xl ts/jo/podvolk	\N	5013246229	1	0	\N	\N	\N	2026-03-27 18:25:31.697611+01	2026-03-27 18:25:31.697628+01	303	4
3654	Unurflower 91915155 Kirkland espresso blend coffee ХААНААС: 320000 ӨНӨРЦЭЦЭГ САМПИЛ	\N	5001153152	1	0	\N	\N	\N	2026-03-28 04:56:22.673517+01	2026-03-28 04:56:22.673541+01	196	4
3655	Aagii aagii 88081010 daelim bath 2 shirheg	\N	5003388899	2	0	\N	\N	\N	2026-03-28 04:59:06.975162+01	2026-03-28 04:59:06.975209+01	261	4
3656	Ugaaltuur filter 99252007 Ariuk ba	\N	5029178666	1	0	\N	\N	\N	2026-03-28 04:59:06.983954+01	2026-03-28 04:59:06.983973+01	261	4
3657	Unurflower 91915155 daelim bath шүүлтүүр толгой ХААНААС: 320000 ӨНӨРЦЭЦЭГ САМПИЛ	\N	5001153152	1	0	\N	\N	\N	2026-03-28 04:59:53.077495+01	2026-03-28 04:59:53.077517+01	261	4
3658	Э.Батжаргал 9938-0999 угаалтуурын шүүлтүүр	\N	5897008150	1	0	\N	\N	\N	2026-03-28 04:59:53.09233+01	2026-03-28 04:59:53.092356+01	261	4
3659	urtaa urtaa 99177788 northface, black, 28cm	\N	5133027516	1	0	\N	\N	\N	2026-03-28 05:03:14.015245+01	2026-03-28 05:03:14.015285+01	126	4
3660	Oyunerdene.Dash  95351919 weider уураг-1	\N	5094649131	1	0	\N	\N	\N	2026-03-28 05:04:19.248165+01	2026-03-28 05:04:19.248244+01	231	4
3661	99057990 хар хувцас вок , BBlab	\N	5001074747	1	0	\N	\N	\N	2026-03-28 05:07:27.09347+01	2026-03-28 05:07:27.093491+01	283	4
3662	team hustle d12 size-32 utas 99069196 ХААНААС: 340000 ЦЭЦЭГБАДАМ ЦОГБАДРАХ	\N	360000186972	1	0	\N	\N	\N	2026-03-28 05:08:41.760409+01	2026-03-28 05:08:41.76043+01	265	4
2071	ester ruth 89964237. shulwhasoo mask 2 hos	\N	5076223831	2	0	Bzd 1 r horoo 22r bair 4r orts 55toot утас 88199952	\N	\N	2026-03-16 03:41:01.419826+01	2026-03-20 07:10:26.4928+01	188	1
2864	Airaa Ariunaa 99052446 blockmores 2 ш	\N	5030032859	2	0	Хан-Уул дүүрэг 2-р хороо 75-р сургуулийн баруун хойно 5-р байр (доороо тавин ус эмийн сантай байр) 904 тоот	\N	\N	2026-03-20 11:03:14.816431+01	2026-03-20 11:03:14.816452+01	181	4
3663	adidas har 250, Tsetseglen lundenbazar 99096762 ХААНААС: 340000 ЦЭЦЭГЛЭН ЛҮНДЭНБАЗАР	\N	360000189905	1	0	\N	\N	\N	2026-03-28 05:19:50.201771+01	2026-03-28 05:19:50.201789+01	285	4
1096	erka eegii 99256109 vit C	\N	5065310104	1	0	ЧД. СУИС-ийн баруун талаар хойш яваад 72-р байр 1-р орц 52 тоот	2026-03-28	\N	2026-03-06 19:21:20.335623+01	2026-03-28 05:20:06.439363+01	95	2
1103	MYAGMARSUREN MUNKHZUL 88018001 CETHAPIL CREAM ХААНААС: 150000 ТҮВШИНСАЙХАН ЧУЛУУНБААТАР	\N	1605169146	1	0	\N	2026-03-28	\N	2026-03-06 19:26:18.889372+01	2026-03-28 07:27:39.499951+01	101	3
3664	E.J 88096017 starbucks 2 americano limited edition	\N	5026467118	2	0	\N	\N	\N	2026-03-28 05:22:08.968396+01	2026-03-28 05:22:08.968416+01	281	4
3665	Д.Гантуяа 99305444 тен тен витамин	\N	5992022473	2	0	\N	\N	\N	2026-03-28 05:23:18.717843+01	2026-03-28 05:23:18.717867+01	205	4
1067	erka eegii 99256109 McVities jignemeg	\N	5065310104	1	0	ЧД. СУИС-ийн баруун талаар хойш яваад 72-р байр 1-р орц 52 тоот	2026-03-28	\N	2026-03-06 19:08:04.539251+01	2026-03-28 05:24:41.007616+01	100	2
1220	Azzaya batsukh 99020755 tenten -2	\N	5644120025	2	0	Сүхбаатар дүүрэг 5-р хороо  Голомт хотхон В корпус 5 -11 тооот	\N	\N	2026-03-07 16:30:05.533196+01	2026-03-25 09:36:22.843074+01	114	6
3667	Bannii alchuur tsagaan, Saaral 99252007 Ariuk	\N	5029178666	2	0	\N	\N	\N	2026-03-28 05:26:16.111007+01	2026-03-28 05:26:16.111024+01	237	4
3668	99993141 ankhiluun enhbat saaral 1 tsagaan al	\N	5031688368	2	0	\N	\N	\N	2026-03-28 05:26:16.118346+01	2026-03-28 05:26:16.118365+01	237	4
1078	Orosoo Chuka 86229840. тогоо	\N	5169721139	1	0	Баянгол дүүрэг 3 р хороо 71 р байр 4 р орц 110 тоот	2026-03-28	\N	2026-03-06 19:10:35.867358+01	2026-03-28 05:27:16.952234+01	96	2
3669	95610869 ugaaltuur pilter, AHC zovhinii tos	\N	5585534869	1	0	\N	\N	\N	2026-03-28 05:28:52.207658+01	2026-03-28 05:28:52.207683+01	261	4
3670	95610869 ugaaltuur pilter, AHC zovhinii tos	\N	5585534869	1	0	\N	\N	\N	2026-03-28 05:29:04.560862+01	2026-03-28 05:29:04.560886+01	251	4
3671	munkhjargal batsukh 88077989 Стакан	\N	5026598083	1	0	\N	\N	\N	2026-03-28 05:32:58.352046+01	2026-03-28 05:32:58.352071+01	282	4
1010	happy call togoo 99152355 molorbolor	\N	5029422356	1	0	\N	2026-03-28	\N	2026-03-05 10:34:13.145655+01	2026-03-28 05:44:37.021742+01	96	2
2253	Tungaa kharerdene nike 29.5 sz	\N	5394079009	1	0	Эрдэнэт такси	\N	\N	2026-03-16 06:05:32.714017+01	2026-03-16 06:05:32.714037+01	183	4
2254	Tungaa kharerdene nike 39 sz	\N	5394079009	1	0	Эрдэнэт такси	\N	\N	2026-03-16 06:05:32.719359+01	2026-03-16 06:05:32.719379+01	183	4
1484	Сүхцэцэг Цэвэгжав 91718963 аялал сет 6ш	\N	5360236417	6	0	Дорноговь руу тээшинд тавиулна	2026-03-28	\N	2026-03-10 09:50:01.150028+01	2026-03-28 05:58:10.706344+01	122	2
3674	shukitotsogt 99066634 adidas stansmith 220 ра	\N	5009110441	1	0	\N	\N	\N	2026-03-28 06:20:48.926678+01	2026-03-28 06:20:48.926699+01	284	4
3676	Batkhishig Orgodol99025682 AHC eye cream	\N	5812066101	1	0	\N	\N	\N	2026-03-28 06:26:20.529654+01	2026-03-28 06:26:20.529678+01	251	4
3677	Batkhishig Orgodol99025682 ohui miracle pink	\N	5812066101	1	0	\N	\N	\N	2026-03-28 06:28:31.54458+01	2026-03-28 06:28:31.5446+01	218	4
1687	EB -Buya natsagdorj, 99104214 puma uurgevch ХААНААС: 040000 БУЯНЖАРГАЛ НАЦАГДОРЖ	\N	499404696	3	0	\N	2026-03-28	\N	2026-03-12 11:27:24.156396+01	2026-03-28 07:17:02.77283+01	155	1
1787	EB -Buya natsagdorj 99104214 ten ten 2 shirheg ХААНААС: 040000 БУЯНЖАРГАЛ НАЦАГДОРЖ	\N	499404696	2	0	\N	2026-03-28	\N	2026-03-12 14:42:28.310503+01	2026-03-28 07:17:25.315017+01	114	3
3500	Azzaya batsukh 99020755 uurag 2	\N	5644120025	2	0	Сүхбаатар дүүрэг 5-р хороо  Голомт хотхон В корпус 5 -11 тооот	\N	\N	2026-03-27 01:41:24.803853+01	2026-03-27 01:41:24.803873+01	231	4
3013	chinbat terbish 99100488 scrubbing bubble	\N	5720468338	1	0	Баянзүрх дүүрэг, 26-хороо Нарлаг өргөа хотхон 724-р байр 10 давхар 25 тоот	\N	\N	2026-03-21 17:23:18.18529+01	2026-03-21 17:23:18.185307+01	249	4
1412	Undral Lkh 99061052 ten ten 2 sh ХААНААС: 340000 УНДРАЛ ЛХАМДАШ	\N	340004030573	2	0	\N	2026-03-28	\N	2026-03-09 05:09:36.260246+01	2026-03-28 08:22:36.261774+01	114	3
1341	Undral Lkh 99061052 lacto jelly ХААНААС: 340000 УНДРАЛ ЛХАМДАШ	\N	340004030573	1	0	\N	2026-03-28	\N	2026-03-08 14:38:38.920188+01	2026-03-28 08:22:38.660341+01	99	3
3222	89189696 byambaa lkha jordan luka38.5	\N	5125078118	1	0	Баянгол дүүрэг 10- р хороолол 6- р хороо орчлон 51-9-34 тоот 5101#	\N	\N	2026-03-23 19:01:37.133656+01	2026-03-23 19:01:37.133698+01	268	4
2068	saraa purevdorj mask 88427755	\N	5082023323	1	0	Схд Орчлон2  хороолол 31-53тоот 88427755	\N	\N	2026-03-16 03:41:01.387952+01	2026-03-20 07:10:18.87208+01	188	1
1482	EB -Халиун Ж 88086297 nike tsunh 3sh ХААНААС: 040000 ХАЛИУН ЖИГЖИДСҮРЭН	\N	460035499	3	0	Сбд 1-р хороо нарны зам 87 барилга	2026-03-28	\N	2026-03-10 09:32:16.880551+01	2026-03-28 08:45:21.926817+01	90	3
1387	Davaasuren Baatartsogt 99230017 Sulwhasoo tse	\N	5630293628	1	0	Сэлэнгэ аймгийн төв Сүхбаатар сум 99230017	\N	\N	2026-03-09 04:16:51.069853+01	2026-03-27 05:39:09.396623+01	119	4
1165	EB -Gantulga Gonchig 88035358 Тос ХААНААС: 040000 ГАНТУЛГА ГОНЧИГ	\N	467002442	1	0	Хан-Уул дүүрэг 24-р хороо яармаг Ханбогд хотхон 409-р байр 1-р орц 7 давхарт 35 тоотв Орц код: 4091# Утас: 88035358	\N	\N	2026-03-06 23:46:08.709978+01	2026-03-24 05:24:15.081124+01	94	6
1422	tenten1 otgonsaikhan bayarmagnai 88609992	\N	5027809968	1	0	\N	2026-03-28	\N	2026-03-09 05:28:30.171654+01	2026-03-28 10:06:47.708048+01	114	3
1394	aylal ayga  99045411	\N	5120191999	1	0	Erdenet 99045411	\N	\N	2026-03-09 04:36:57.36933+01	2026-03-25 09:42:30.154228+01	122	6
1395	inner lab 99045411	\N	5120191999	1	0	Erdenet 99045411	\N	\N	2026-03-09 04:40:54.602214+01	2026-03-24 05:30:18.991481+01	113	6
2406	cushion 99045411	\N	5120191999	1	0	Erdenet 99045411	\N	\N	2026-03-17 23:50:00.153362+01	2026-03-17 23:50:00.153381+01	200	5
2368	Onoltuya Damdinsuren, 88080598, Ohui set	\N	5420121169	1	0	Дорнод аймаг	\N	\N	2026-03-16 10:48:46.14421+01	2026-03-16 10:48:46.144226+01	199	4
1222	GONGORJAV ENKHTOGOO 88863246 LACTOFIT-2SH ХААНААС: 150000 ЭНХТОГОО ГОНГОРЖАВ	\N	1505127955	2	0	\N	2026-03-28	\N	2026-03-07 16:31:50.841034+01	2026-03-28 10:38:38.560205+01	89	3
2631	Byambasuh Tsetsgee 95669966 MEZCLAR BB krem	\N	5750233944	1	0	Багануур дүүрэг 1-р хороо 21-16тоот\n95669966	\N	\N	2026-03-20 05:38:39.052138+01	2026-03-20 05:38:39.052157+01	226	4
3680	bayarjargal bat tenten usultiin vitamin 2	\N	5031408053	2	0	\N	\N	\N	2026-03-29 12:16:07.92264+02	2026-03-29 12:16:07.966832+02	114	6
2353	ray munkhtuya 99053555 nike terrascout-220, ХААНААС: 340000 МӨНХТУЯА ДАВААСАМБУУ	\N	360000183104	1	0	Хан-уул дүүрэг 15хороо рапид хороолол 26-63. Утас: 99053555	\N	\N	2026-03-16 10:32:08.542655+01	2026-03-16 10:32:08.542701+01	183	4
3681	240MK, 91930888 ХААНААС: 150000 БАТТУЛГА ЛХАГВАСҮРЭН	\N	1329124616	1	0	\N	\N	\N	2026-03-29 16:05:54.7937+02	2026-03-29 16:05:54.793751+02	273	4
1448	uuchka undrakh 99605193 ten ten 1	\N	5619694138	1	0	БГД 11р хороо Эх нялхас -цусны төв (ертөнцийн зүгээр 3н гал эмнэлэгийн зүүн хойно 6н давхар саарал байшин ) ирээд  залгах 99605193	\N	\N	2026-03-10 08:56:37.32803+01	2026-03-25 09:34:38.22916+01	114	6
3683	EB -Уугий Ханаа 88009088 MK мөнгөлөг-235 ХААНААС: 040000 ЦЭНДСҮРЭН БАЯРЖАРГАЛ	\N	406097558	1	0	\N	\N	\N	2026-03-29 17:37:57.693241+02	2026-03-29 17:37:57.693279+02	254	4
3685	BYAMBAAUBAYAR 99216168 ADIDAS LOTHERTEX SIZE 280 Х ХААНААС: 150000 БЯМБАСҮРЭН УГТААБАЯР	\N	3255153846	1	0	\N	\N	\N	2026-03-29 17:51:31.640892+02	2026-03-29 17:51:31.640941+02	312	4
3666	Саарал банны алчуур 4ш Tsolmon Tsoom 88027010	\N	5031670053	4	0	Бзд 36-р хороо crystal town 801-205 toot 88027010	\N	\N	2026-03-28 05:26:16.101388+01	2026-03-28 05:26:16.101407+01	237	4
3686	sunjidmaa lhgavajav jordan har m 99048105	\N	5025660815	1	0	\N	\N	\N	2026-03-29 18:08:05.17875+02	2026-03-29 18:08:05.178771+02	313	4
3687	jovi licet 99119098 Nike jordan M har	\N	5062157602	1	0	\N	\N	\N	2026-03-29 18:08:05.190797+02	2026-03-29 18:08:05.190816+02	313	4
3688	EEGIIBOX 99067788 J PODWOLK S SIZE ХААНААС: 150000 ЭНХ-АМГАЛАН ЗОРИГТ	\N	3455202119	1	0	\N	\N	\N	2026-03-29 18:09:17.242997+02	2026-03-29 18:09:17.24302+02	314	4
3689	Ч.Сугар 88036089 Puma sneaker black 245 ХААНААС: 500000 СУГАР Чимэд	\N	99107574485	1	0	\N	\N	\N	2026-03-29 18:16:50.449931+02	2026-03-29 18:16:50.449973+02	192	4
3690	DrG tos 3sh, Dorjgotov Munkhzaya,96018599	\N	5517079977	3	0	\N	\N	\N	2026-03-29 18:17:58.41049+02	2026-03-29 18:17:58.410522+02	230	4
3692	91107776 holly majig, Jordan tsagaan L podvolk ХААНААС: 340000 БААСАНХОРОЛ МАЖИГСҮРЭН	\N	340004283196	1	0	\N	\N	\N	2026-03-29 18:41:42.908686+02	2026-03-29 18:41:42.908714+02	301	4
3693	crystal2 jordan ts.fud L1sh  2xl 2sh 95343471	\N	5094138104	1	0	\N	\N	\N	2026-03-29 18:41:42.917881+02	2026-03-29 18:41:42.9179+02	301	4
3694	crystal2 jordan ts.fud L1sh  2xl 2sh 95343471	\N	5094138104	2	0	\N	\N	\N	2026-03-29 18:44:37.08933+02	2026-03-29 18:44:37.089352+02	303	4
3709	Brave SP 99956622 samsonite ХААНААС: 320000 СУМЪЯАМЯГМАР БЯМБАСҮРЭН	\N	5003764707	1	56000	\N	\N	\N	2026-03-29 19:06:36.596311+02	2026-03-29 19:10:59.643826+02	315	7
3698	SAIN SAIN 99191527 SAMSONITE SAARAL., TEN TEN 2 SH ХААНААС: 150000 САЙНТӨГС СҮХДАВАА	\N	1109228372	1	56000	\N	\N	\N	2026-03-29 18:57:32.271341+02	2026-03-29 18:58:17.4786+02	315	7
3699	Nergui Noosonkhokh 99092159 Saaral chemodan	\N	5112273646	1	56000	\N	\N	\N	2026-03-29 18:58:11.833526+02	2026-03-29 18:58:20.26846+02	315	7
3706	99079528 samsonite2xos chemodan xux ungu	\N	5316045154	1	56000	\N	\N	\N	2026-03-29 19:03:41.741653+02	2026-03-29 19:11:20.447406+02	316	7
3707	Munkhtselmeg 99996639 samsonite set huh	\N	5037095869	1	56000	\N	\N	\N	2026-03-29 19:04:25.687064+02	2026-03-29 19:11:22.745673+02	316	7
3701	88023044 SAMSONITE CHEMDAN-SAARAL OTGONOO OTGONOO ХААНААС: 150000 НАРАНБАЯР ТҮМЭНБАЯР	\N	3100000201	1	56000	\N	\N	\N	2026-03-29 18:59:16.457776+02	2026-03-29 19:02:32.047526+02	315	7
3702	ankhaa ankhaa samsonite saaral, tsenher 2sh	\N	5034620474	1	56000	\N	\N	\N	2026-03-29 18:59:45.374124+02	2026-03-29 19:02:35.533063+02	315	7
3703	өөжиг өлзий 99084331 samsonit saaral	\N	5090207468	1	56000	\N	\N	\N	2026-03-29 19:00:19.345596+02	2026-03-29 19:02:37.74283+02	315	7
3704	tuul nergui nepa.samsonite saaral ongo	\N	5093320378	1	56000	\N	\N	\N	2026-03-29 19:00:41.057958+02	2026-03-29 19:02:40.054597+02	315	7
3705	gantsetseg demberel 99056810 samsonite saaral	\N	5045603126	1	56000	\N	\N	\N	2026-03-29 19:01:03.33042+02	2026-03-29 19:02:42.442578+02	315	7
3725	Uuree Uuree.99003891.Bor 235	\N	5016228456	1	0	\N	\N	\N	2026-03-29 19:33:36.634883+02	2026-03-29 19:34:23.573221+02	319	4
3726	Ypon hanz fb 90111907 mk bor 240-38	\N	5404205970	1	0	\N	\N	\N	2026-03-29 19:33:36.640526+02	2026-03-29 19:34:30.079058+02	319	4
3727	Г.АРИУНСҮРЭН 99165270 240bor mk	\N	5168363376	1	0	\N	\N	\N	2026-03-29 19:33:36.64528+02	2026-03-29 19:34:39.134778+02	319	4
3711	EB -samsonite chemodam, Tuuguu Tseveendorj, 990837 ХААНААС: 040000 ЭРДЭНЭТӨГС ЦЭВЭЭНДОРЖ	\N	453170943	1	56000	\N	\N	\N	2026-03-29 19:09:26.319367+02	2026-03-29 19:11:02.81032+02	315	7
3708	99098962,enkhgerel, samsonite,blue	\N	5007315791	1	56000	\N	\N	\N	2026-03-29 19:04:45.124461+02	2026-03-29 19:11:24.838797+02	316	7
3710	Khorloo Badrakh  утас99588433	\N	5405339072	1	56000	\N	\N	\N	2026-03-29 19:08:01.778848+02	2026-03-29 19:11:27.008362+02	316	7
3712	ankhaa ankhaa samsonite saaral, tsenher 2sh	\N	5034620474	1	56000	\N	\N	\N	2026-03-29 19:10:28.766042+02	2026-03-29 19:11:30.661836+02	316	7
3713	Munkhchimeg munkhjargal 99090816 MK tsagaan 37 ХААНААС: 300000 МӨНХЧИМЭГ МӨНХЖАРГАЛ	\N	3011006180	1	0	\N	\N	\N	2026-03-29 19:20:57.773723+02	2026-03-29 19:20:57.785825+02	318	7
3714	МК цагаан 230 раз Nyamkhorol Bazar 99972850	\N	5040099787	1	0	\N	\N	\N	2026-03-29 19:21:45.739409+02	2026-03-29 19:21:45.748907+02	318	7
3715	Odonchimeg Odkhuu, 99002435, Mk ket bor-1 tsagaan- ХААНААС: 340000 ОДОНЧИМЭГ ОДХҮҮ	\N	343100169484	1	0	\N	\N	\N	2026-03-29 19:22:14.531453+02	2026-03-29 19:22:14.544942+02	318	7
3716	оригинал бараа МК бор 38,  88898864	\N	5040278961	1	0	\N	\N	\N	2026-03-29 19:23:37.820352+02	2026-03-29 19:23:37.826789+02	319	7
3717	Dorj lkhagvaa 9905 5929 bor 38 ХААНААС: 300000 ЛХАГВАЖАРГАЛ ДОРЖ	\N	3052023106	1	0	\N	\N	\N	2026-03-29 19:23:55.078515+02	2026-03-29 19:23:55.084255+02	319	7
3718	MK 36 bor м.лхагвасүрэн 95784041	\N	5466154375	1	0	\N	\N	\N	2026-03-29 19:24:51.130779+02	2026-03-29 19:24:51.135686+02	319	7
3719	Энхням Баяр (бор MK 235/37)	\N	5990137327	1	0	\N	\N	\N	2026-03-29 19:25:07.766751+02	2026-03-29 19:25:07.771726+02	319	7
3720	manduu bsk99201917,mk bor size230	\N	5312970967	1	0	\N	\N	\N	2026-03-29 19:25:27.371265+02	2026-03-29 19:25:27.374348+02	319	7
3722	91914945 bor micheal kors 240/38	\N	5035304059	1	0	\N	\N	\N	2026-03-29 19:33:36.618578+02	2026-03-29 19:33:47.718204+02	319	4
3721	bolormaagunnasan 98110165 MK bor 240	\N	5059685592	1	0	\N	\N	\N	2026-03-29 19:33:36.60949+02	2026-03-29 19:33:56.905521+02	319	4
3723	BAYARAA BAYANAA 86871200 MK BOR 37 ХААНААС: 150000 БАЯНЖАРГАЛ БАДАМГАРАВ	\N	6015102507	1	0	\N	\N	\N	2026-03-29 19:33:36.622249+02	2026-03-29 19:34:06.197481+02	319	4
3724	shukito 99066634 mk бор 225 размэр	\N	5308744571	1	0	\N	\N	\N	2026-03-29 19:33:36.62906+02	2026-03-29 19:34:12.355093+02	319	4
3728	Sukhbaatar unurbileg 99019535 MKket bor 36 ra	\N	5007360119	1	0	\N	\N	\N	2026-03-29 19:33:36.650525+02	2026-03-29 19:34:44.898996+02	319	4
3729	99107189 бор 37 Сүхбаатар Мэндбаатар Эрдэнэт	\N	5094128390	1	0	\N	\N	\N	2026-03-29 19:33:36.655025+02	2026-03-29 19:34:51.948686+02	319	4
3730	гэгээн гэрэл MK бор ботинк 240. 99391733	\N	5094697345	1	0	\N	\N	\N	2026-03-29 19:33:36.661721+02	2026-03-29 19:34:57.648403+02	319	4
3731	Б. Учрал 98124978 MK 240/38 bor	\N	5313522030	1	0	\N	\N	\N	2026-03-29 19:33:36.667865+02	2026-03-29 19:35:03.314463+02	319	4
3732	Sarnai Tserenjantsan MK puuz brown size 250	\N	5112033477	1	0	\N	\N	\N	2026-03-29 19:33:36.672777+02	2026-03-29 19:35:09.279771+02	319	4
3733	99325155 ErdeneOchir Odnoo Micheal Kors 36 bo	\N	5400985236	1	0	\N	\N	\N	2026-03-29 19:33:36.680757+02	2026-03-29 19:35:14.670779+02	319	4
3734	jalbaa vanchig 88015659 mk 240 bor	\N	5007665973	1	0	\N	\N	\N	2026-03-29 19:33:36.68743+02	2026-03-29 19:35:22.858723+02	319	4
3735	96449395. bor mk. 225raz	\N	5619109954	1	0	\N	\N	\N	2026-03-29 19:33:36.695949+02	2026-03-29 19:35:30.585899+02	319	4
3736	MK bor 235, 99731377 Zolgerel ХААНААС: 340000 ЗОЛГЭРЭЛ БАЯРМӨНХ	\N	140100148453	1	0	\N	\N	\N	2026-03-29 19:33:36.704775+02	2026-03-29 19:35:39.125603+02	319	4
3737	Tse.Enkhmaa 99119702 Bor MK 235	\N	5003954152	1	0	\N	\N	\N	2026-03-29 19:33:36.71199+02	2026-03-29 19:35:44.875963+02	319	4
3738	Mino-94141717 240/38-bor MK puuz	\N	5863188063	1	0	Бзд, 38-р хороо, чулуун овоо 68-р сургуулийн зүүн талд evergreen apartment шар өнгөтэй бор палконтой 16 давхар шинэ байр 308-р байр 15 давхар 133 тоот	\N	\N	2026-03-29 19:37:38.722709+02	2026-03-29 19:38:10.131862+02	319	7
3749	clio күшин 23 odonchimeg olzwoi 99613259	\N	5048145286	1	0	\N	\N	\N	2026-03-29 20:05:24.208919+02	2026-03-29 20:05:24.208939+02	280	4
3739	Byambaa Shagdarsuren 99120193mk ket bor-23.5	\N	5064202418	1	0	Бзд 2-р хороо Эрдэм хотхон 10в байр 60тоот	\N	\N	2026-03-29 19:38:34.991255+02	2026-03-29 19:38:59.132792+02	319	7
3740	Odonchimeg Odkhuu, 99002435, Mk ket bor-1 tsagaan- ХААНААС: 340000 ОДОНЧИМЭГ ОДХҮҮ	\N	343100169484	1	0	Хан-Уул дүүрэг, 3 дугаар хороо, Cozy apartment 7/1-41 тоот 90090120, 99002435	\N	\N	2026-03-29 19:39:23.049358+02	2026-03-29 19:39:46.668588+02	319	7
3750	khishgee khishgee 88044581 clio 23 nomer	\N	5306207232	1	0	\N	\N	\N	2026-03-29 20:05:24.218654+02	2026-03-29 20:05:24.218675+02	280	4
3741	byambaa delger .99752445 michael kors 240 razmer ХААНААС: 320000 БЯМБАА ДЭЛГЭР	\N	5001779640	1	0	БГД 10 хороолол 6 хороо 42б-39 тоот .99752445	\N	\N	2026-03-29 19:40:07.030625+02	2026-03-29 19:40:32.295469+02	319	7
3742	Тирко 5ш-тэй 99029113	\N	5628133590	1	0	\N	\N	\N	2026-03-29 19:48:31.086417+02	2026-03-29 19:48:31.086439+02	152	5
3743	enkhjargal battulga, 88009192, torkio 5pc	\N	5007591534	1	0	\N	\N	\N	2026-03-29 19:48:31.096074+02	2026-03-29 19:48:31.096093+02	152	5
3744	triko erdeneochir odnoo 99325155	\N	5046263198	1	0	\N	\N	\N	2026-03-29 19:48:31.100972+02	2026-03-29 19:48:31.10099+02	152	5
3745	p muugii 88004770 cusion	\N	5031633544	1	0	\N	\N	\N	2026-03-29 20:00:42.856719+02	2026-03-29 20:00:42.856734+02	279	4
3746	Dairiihvv Dairii 99230709 nomer 21	\N	5133169302	1	0	\N	\N	\N	2026-03-29 20:03:47.796645+02	2026-03-29 20:03:47.796667+02	279	4
3747	Baba baba 88079880 Clio kushin 21 nomer	\N	5037505050	1	0	\N	\N	\N	2026-03-29 20:03:47.806848+02	2026-03-29 20:03:47.806864+02	279	4
3748	OtgontuyaByambaa 90995545 CLIO 21 nomer	\N	5030195430	1	0	\N	\N	\N	2026-03-29 20:03:47.812363+02	2026-03-29 20:03:47.812382+02	279	4
3751	З.ЖАРГАЛМАА, 99255471, CLIO CUSHION, 23 NOMER ХААНААС: 150000 ЖАРГАЛМАА ЗАНДАРГОМБО	\N	3055199690	1	0	\N	\N	\N	2026-03-29 20:05:24.226966+02	2026-03-29 20:05:24.226988+02	280	4
3752	89119928 CLIO 23 NOMER ХААНААС: 390000 ЦОГОО СОЛОНГО	\N	8000190819	1	0	\N	\N	\N	2026-03-29 20:05:24.231049+02	2026-03-29 20:05:24.231068+02	280	4
3753	Dr G snail tos 88177551 Odgerel och	\N	5022159720	1	0	\N	\N	\N	2026-03-29 20:08:41.668337+02	2026-03-29 20:08:41.668359+02	230	4
3754	МөнхМаа 99096655 Dr.G хар эмгэн хумстай тос	\N	5029956332	1	0	\N	\N	\N	2026-03-29 20:08:41.679912+02	2026-03-29 20:08:41.679932+02	230	4
3755	99009199 Azzaya Jarantai Dr.G snail tos	\N	5622158771	1	0	\N	\N	\N	2026-03-29 20:08:41.688036+02	2026-03-29 20:08:41.688057+02	230	4
3756	Boldsukh Altangerel 99910101(нүүрний тос)	\N	5028131345	1	0	\N	\N	\N	2026-03-29 20:08:41.695641+02	2026-03-29 20:08:41.695662+02	230	4
3757	88065776 ХАР ЭМГЭН ХУМС ТОС ХААНААС: 150000 ЭНХТҮВШИН ИЧИНХОРЛОО	\N	1501080533	1	0	\N	\N	\N	2026-03-29 20:08:41.69939+02	2026-03-29 20:08:41.69941+02	230	4
3758	DR.G Hugshrultiin tos Suvd Suvd -88127049	\N	5920494917	1	0	\N	\N	\N	2026-03-29 20:08:41.702795+02	2026-03-29 20:08:41.702813+02	230	4
3759	99286579 emgen hums tos	\N	5047126014	1	0	\N	\N	\N	2026-03-29 20:08:41.709508+02	2026-03-29 20:08:41.70953+02	230	4
3760	sarnai tserenjantsan 88820305 Dr. G tos	\N	5112033477	1	0	\N	\N	\N	2026-03-29 20:08:41.715434+02	2026-03-29 20:08:41.715454+02	230	4
3761	Delgermaa zulkhuu 99332283 DR.G tos	\N	5031867039	1	0	\N	\N	\N	2026-03-29 20:08:41.723203+02	2026-03-29 20:08:41.723224+02	230	4
3762	NARAA CH, 86599229, DR.G CREM ХААНААС: 150000 НАРМӨНХ ЧУЛУУНБААТАР	\N	1505017851	1	0	\N	\N	\N	2026-03-29 20:08:41.727006+02	2026-03-29 20:08:41.727025+02	230	4
3763	NARAA CH, 86599229, CLIO KILL CUSHION 23 NOMER, ZA ХААНААС: 150000 НАРМӨНХ ЧУЛУУНБААТАР	\N	1505017851	1	0	\N	\N	\N	2026-03-29 20:08:41.732268+02	2026-03-29 20:08:41.732289+02	230	4
3764	Lkhagvagaram,99135191. DR.G cream	\N	5629315864	1	0	\N	\N	\N	2026-03-29 20:08:41.73599+02	2026-03-29 20:08:41.73601+02	230	4
3765	Dr.g snail tos	\N	5404800809	1	0	\N	\N	\N	2026-03-29 20:08:41.739535+02	2026-03-29 20:08:41.739738+02	230	4
3766	odgerel myagmar 96666255 Dr.g tos	\N	5057661174	1	0	\N	\N	\N	2026-03-29 20:08:41.74468+02	2026-03-29 20:08:41.744699+02	230	4
3767	91116026 DR G nvvrnii tos	\N	5753478213	1	0	\N	\N	\N	2026-03-29 20:08:41.754121+02	2026-03-29 20:08:41.754143+02	230	4
3768	88096317 Dr.G tos undrakh bebe	\N	5022485256	1	0	\N	\N	\N	2026-03-29 20:08:41.761532+02	2026-03-29 20:08:41.761552+02	230	4
3769	89871515 Dr dart tos har emgen humstai	\N	5020602198	1	0	\N	\N	\N	2026-03-29 20:08:41.771244+02	2026-03-29 20:08:41.771265+02	230	4
3770	Muugii Munkhtuya 99012249 DR.G эмгэн хумс тос	\N	5704145191	1	0	\N	\N	\N	2026-03-29 20:08:41.776023+02	2026-03-29 20:08:41.776044+02	230	4
3771	Namuun Zolzaya90302580 MEZCLAR 1+1 bbcream	\N	5112303151	1	0	\N	\N	\N	2026-03-29 20:10:50.360597+02	2026-03-29 20:10:50.360616+02	226	4
3772	Namuun Zolzaya90302580 aveeno body wash nogoo	\N	5112303151	1	0	\N	\N	\N	2026-03-29 20:18:04.317679+02	2026-03-29 20:18:04.3177+02	248	4
3773	Bolor.A 99144767 the whoo gariin tos	\N	5055254003	1	0	\N	\N	\N	2026-03-29 20:26:28.933485+02	2026-03-29 20:26:28.933505+02	320	4
3774	EB -88018111. royal hand cream 2 shtei. ХААНААС: 040000 АМГАЛАНЗАЯА ОЧИРХУЯГ	\N	427047532	1	0	\N	\N	\N	2026-03-29 20:26:28.939165+02	2026-03-29 20:26:28.939218+02	320	4
3775	DolgorsurenSugar Thewhoo set 86100262	\N	5304708751	1	0	\N	\N	\N	2026-03-29 20:26:28.942352+02	2026-03-29 20:26:28.942371+02	320	4
3776	89113775 gariin tos	\N	5225333052	1	0	\N	\N	\N	2026-03-29 20:26:28.946197+02	2026-03-29 20:26:28.946215+02	320	4
3777	заяа ганхуяг 88083099 гарын тос	\N	5031151651	1	0	\N	\N	\N	2026-03-29 20:26:28.950841+02	2026-03-29 20:26:28.950859+02	320	4
3778	Azaa Azaa 88100729 (whoo tos)	\N	5431000389	1	0	\N	\N	\N	2026-03-29 20:26:28.954143+02	2026-03-29 20:26:28.95416+02	320	4
3779	munkhzaya lkhagvasuren/88001388/whoo hand cream se ХААНААС: 340000 МӨНХЗАЯА ЛХАГВАСҮРЭН	\N	888800138888	1	0	\N	\N	\N	2026-03-29 20:26:28.958157+02	2026-03-29 20:26:28.95825+02	320	4
3780	EB -the Whoo gariin tos 88084451 ХААНААС: 040000 ОЮУНГЭРЭЛ БААТАР	\N	404240623	1	0	\N	\N	\N	2026-03-29 20:26:28.961561+02	2026-03-29 20:26:28.961577+02	320	4
3781	ohui gariin tos	\N	5404800809	1	0	\N	\N	\N	2026-03-29 20:26:28.966125+02	2026-03-29 20:26:28.966143+02	320	4
3782	Анударь жаргалсайхан 94081103 whoo hand cream ХААНААС: 500000 Ануударь Жаргалсайхан	\N	99101218341	1	0	\N	\N	\N	2026-03-29 20:26:28.969631+02	2026-03-29 20:26:28.969647+02	320	4
3783	BTL BATJA88056966 K2D3 ХААНААС: 150000 БАТЖАРГАЛ НАМСРАЙ	\N	2015104320	1	0	\N	\N	\N	2026-03-30 02:37:14.516256+02	2026-03-30 02:37:14.5163+02	239	4
3784	86060604 ,Аагий Аня. K2D3	\N	5058128462	1	0	\N	\N	\N	2026-03-30 02:37:14.540635+02	2026-03-30 02:37:14.540657+02	239	4
3785	К2D3 99867158 Tuul ichinnorov ХААНААС: 320000 ТУУЛ ИЧИННОРОВ	\N	5005957489	1	0	\N	\N	\N	2026-03-30 02:37:14.547866+02	2026-03-30 02:37:14.547891+02	239	4
3786	80550050 Lacto 200sh no	\N	5027653205	1	0	\N	\N	\N	2026-03-30 02:44:48.551232+02	2026-03-30 02:44:48.551363+02	89	4
3787	lactofit 89402055	\N	5720979817	1	0	\N	\N	\N	2026-03-30 02:44:48.568555+02	2026-03-30 02:44:48.56858+02	89	4
3788	98953011 lacto fit гэр бүлийн улаан шараас	\N	5323072789	1	0	\N	\N	\N	2026-03-30 02:44:48.575627+02	2026-03-30 02:44:48.575877+02	89	4
3789	EB -Lacto fit 60sh, ashigtai baktery Buyka Ibuna 9 ХААНААС: 040000 БУЯНТОГТОХ ГАНТӨМӨР	\N	427055048	1	0	\N	\N	\N	2026-03-30 02:44:48.60703+02	2026-03-30 02:44:48.607052+02	89	4
3790	ErdeneOchir Odnoo 99325155 240 Puma	\N	5011790657	1	0	\N	\N	\N	2026-03-30 02:47:53.899231+02	2026-03-30 02:47:53.899263+02	277	4
3791	Б.Гүнжээ 99908987 puma 39 tsagaan	\N	5068105363	1	0	\N	\N	\N	2026-03-30 02:47:53.908771+02	2026-03-30 02:47:53.908791+02	277	4
3792	B.AZ 86991009 PUMA TSAGAAN TAVCIK SZ39 ХААНААС: 150000 АЗБАЯН БААТАР	\N	3305161596	1	0	\N	\N	\N	2026-03-30 02:47:53.913335+02	2026-03-30 02:47:53.913353+02	277	4
3793	NARAA CH, 86599229, DAELIM BATH UGAALTUUR TOLGIO, ХААНААС: 150000 НАРМӨНХ ЧУЛУУНБААТАР	\N	1505017851	1	0	\N	\N	\N	2026-03-30 02:49:43.17273+02	2026-03-30 02:49:43.172775+02	261	4
3794	Narmandah Mandhaa 99134184-Daelim bath	\N	5402847240	1	0	\N	\N	\N	2026-03-30 02:49:43.18008+02	2026-03-30 02:49:43.180102+02	261	4
3795	GANAAGANAA, 99196569, SHURSHUUR FILTER ХААНААС: 150000 ГАНТӨМӨР ДАМДИНДОРЖ	\N	1605171411	1	0	\N	\N	\N	2026-03-30 02:49:43.184084+02	2026-03-30 02:49:43.184101+02	261	4
3796	Namuun Zolzaya90302580 Aveeno lotion nogoon	\N	5112303151	1	0	\N	\N	\N	2026-03-30 02:51:45.161584+02	2026-03-30 02:51:45.161623+02	310	4
3797	Ohui cushoin 02 96652363	\N	5006043577	1	0	\N	\N	\N	2026-03-30 02:53:08.006329+02	2026-03-30 02:53:08.006389+02	245	4
3798	SHIJIR TEMKA 80115383 AHC EYE CREAM ХААНААС: 150000 ЦЭНДЭЭ ЁНДОНЖАМЦ	\N	3055127765	1	0	\N	\N	\N	2026-03-30 02:55:44.863988+02	2026-03-30 02:55:44.864007+02	251	4
3799	w nikei interakt run sz 39 ,80640701	\N	5163485607	1	0	\N	\N	\N	2026-03-30 02:57:03.807966+02	2026-03-30 02:57:03.807988+02	291	4
3800	w nike 240/38raz molorbolor	\N	5029422356	1	0	\N	\N	\N	2026-03-30 02:57:03.827043+02	2026-03-30 02:57:03.827059+02	291	4
3801	uka uka 88009299 w nike interact 230/36,5 har	\N	5400379393	1	0	\N	\N	\N	2026-03-30 02:57:03.831267+02	2026-03-30 02:57:03.831282+02	291	4
3802	KhulanBaatarkhuu 99093646 ugaldag nike size38	\N	5021198002	1	0	\N	\N	\N	2026-03-30 02:57:03.836261+02	2026-03-30 02:57:03.836277+02	291	4
3803	EB -Har Belen goimon 91694499 Buyka Ibuna ХААНААС: 040000 БУЯНТОГТОХ ГАНТӨМӨР	\N	427055048	1	0	\N	\N	\N	2026-03-30 03:00:45.166096+02	2026-03-30 03:00:45.166117+02	321	4
3804	Zulaa Zul 99821180 nvvrs us zadlagch	\N	5006397414	1	0	\N	\N	\N	2026-03-30 03:03:30.960632+02	2026-03-30 03:03:30.960657+02	283	4
3805	erka eegii 99256109 bb lab hool zadlagch	\N	5065310104	1	0	\N	\N	\N	2026-03-30 03:03:30.968955+02	2026-03-30 03:03:30.96899+02	283	4
3806	Ц. ӨНӨРӨӨ BBLAB 88606788 ХААНААС: 150000 ӨНӨРЦЭЦЭГ ЦОГТЖАРГАЛ	\N	1705285725	1	0	\N	\N	\N	2026-03-30 03:03:30.974594+02	2026-03-30 03:03:30.974611+02	283	4
3807	Даваагийн мөнх-эрдэнэ 99064078 хоол задлагч	\N	5135578629	1	0	\N	\N	\N	2026-03-30 03:03:30.979957+02	2026-03-30 03:03:30.979989+02	283	4
3808	Otto pearl 99000096 BB hool zadlagch ХААНААС: 340000 ОТГОНСУВД БАДРАХ	\N	103800027530	1	0	\N	\N	\N	2026-03-30 03:03:30.987482+02	2026-03-30 03:03:30.987505+02	283	4
3809	esleg-2sh,80008899	\N	5019013683	2	0	\N	\N	\N	2026-03-30 03:03:30.99463+02	2026-03-30 03:03:30.994652+02	283	4
3810	Энхмандах Мандах 80879999 nike uurgevch	\N	5009954327	1	0	\N	\N	\N	2026-03-30 03:07:49.784645+02	2026-03-30 03:07:49.784668+02	322	4
3811	holly majig 91107776 nike хөх үүргэвч	\N	5720943632	1	0	\N	\N	\N	2026-03-30 03:07:49.799879+02	2026-03-30 03:07:49.799896+02	322	4
3812	EB -Tuvshee tuvshee nike uurgevch 99067320 ХААНААС: 040000 ТҮВШИНТУЛГА ДЭМБЭРЭЛ	\N	427022913	1	0	\N	\N	\N	2026-03-30 03:07:49.812377+02	2026-03-30 03:07:49.812397+02	322	4
3814	Nike uurgevch, 88727504, tuvshinbayar negdel	\N	5031472631	1	0	\N	\N	\N	2026-03-30 03:07:49.829737+02	2026-03-30 03:07:49.829761+02	322	4
3815	suvda suvd, 99092573, nike uurgevch huh	\N	5303520317	1	0	\N	\N	\N	2026-03-30 03:07:49.836598+02	2026-03-30 03:07:49.836624+02	322	4
3816	н.ундрал 99721191 nike цүнх ХААНААС: 320000 УНДРАЛ НАЦАГДОРЖ	\N	5005906078	1	0	\N	\N	\N	2026-03-30 03:07:49.841074+02	2026-03-30 03:07:49.841092+02	322	4
3817	b.bayartsetseg 95071964 nike tsenher tsunh	\N	5307215345	1	0	\N	\N	\N	2026-03-30 03:07:49.848684+02	2026-03-30 03:07:49.848703+02	322	4
3818	nike үүргэвч 96650362	\N	5034504843	1	0	\N	\N	\N	2026-03-30 03:07:49.853597+02	2026-03-30 03:07:49.853615+02	322	4
3819	MYAGMARSUREN MUNKHZUL 88018001 LUUVANTAI PAD ХААНААС: 150000 МӨНХЗУЛ МЯГМАРСҮРЭН	\N	1109078744	1	0	\N	\N	\N	2026-03-30 03:09:03.812407+02	2026-03-30 03:09:03.812443+02	308	4
3820	99314544 Nike sarfanchik L saiz	\N	5055700105	1	0	\N	\N	\N	2026-03-30 03:12:27.423646+02	2026-03-30 03:12:27.423665+02	323	4
3821	SHIJIR TEMKA 80115383 SKIN 1004 AMPUL ХААНААС: 150000 ЦЭНДЭЭ ЁНДОНЖАМЦ	\N	3055127765	1	0	\N	\N	\N	2026-03-30 03:13:39.67473+02	2026-03-30 03:13:39.674751+02	294	4
3822	Odgerel och 88177551 Starbucks medium roast	\N	5022159720	1	0	\N	\N	\N	2026-03-30 03:15:45.572566+02	2026-03-30 03:15:45.572586+02	324	4
3823	мед кофе үрлэн 99192125	\N	5030312156	1	0	\N	\N	\N	2026-03-30 03:15:45.579348+02	2026-03-30 03:15:45.579364+02	324	4
3824	miky.huslee 88273399 Starbucks үрлэн кофе	\N	5304854500	1	0	\N	\N	\N	2026-03-30 03:15:45.58503+02	2026-03-30 03:15:45.58505+02	324	4
2117	OOGIIONBOGO 88897913 NARNII TOS ХААНААС: 150000 ОЮУНБАТ ДОЛЖИНБААСАН	\N	1605131273	1	0	\N	2026-03-30	\N	2026-03-16 04:24:34.782703+01	2026-03-30 05:30:16.75+02	173	3
2263	OOGIIONBOGO 88897913  OHUI KOM ХААНААС: 150000 ОЮУНБАТ ДОЛЖИНБААСАН	\N	1605131273	1	0	\N	2026-03-30	\N	2026-03-16 06:11:21.151302+01	2026-03-30 05:30:21.430692+02	174	3
3813	LHAMA LHAM 99823859 NIKE  ЦҮНХ ХААНААС: 150000 ЛХАМГАРАВ САМДАН	\N	1105101534	1	0	Чингэлтэй дүүрэг 16 хороо согоотын 17 10а	\N	\N	2026-03-30 03:07:49.818709+02	2026-03-30 03:07:49.818726+02	322	4
1635	EB -sulwashoo serum 3ш  tsolmon 99086583 ХААНААС: 040000 ЦОЛМОН ЦОГТМАГНАЙ	\N	452559299	3	0	СБД 4хороо Улаанбаатар их дэлгүүр 5давхарт Nero giardini  тасагт	\N	\N	2026-03-12 10:48:27.941637+01	2026-03-20 06:48:26.854998+01	153	1
\.


--
-- Data for Name: order_orderparent; Type: TABLE DATA; Schema: public; Owner: postgres
--

COPY public.order_orderparent (id, name, created_at, updated_at) FROM stdin;
6	Бэлэн Монголд байгаа бараа	2026-03-12 03:08:50.438806+01	2026-03-12 03:08:50.438832+01
5	2026.03 сар	2026-03-04 05:08:23.586613+01	2026-03-12 03:48:12.527886+01
\.


--
-- Data for Name: order_orderproduct; Type: TABLE DATA; Schema: public; Owner: postgres
--

COPY public.order_orderproduct (id, name, image, link, is_active, created_at, updated_at, price, quantity) FROM stdin;
13	Nature Republic cusion Их бие 1ш +2ш запас 	order_product_images/648883466_934030719492995_3339083020024024649_n.jpg	https://www.facebook.com/share/v/1BoQL1eY12/	t	2026-03-06 13:46:11.562923+01	2026-03-06 13:50:52.255978+01	35000	900
12	Biodance collagen маск	order_product_images/487238033_658482320381171_8805179843645539254_n.jpg	https://www.facebook.com/share/r/1CgjzLjfHz/	t	2026-03-06 13:42:03.733834+01	2026-03-06 13:51:10.073878+01	48500	30
11	Хулууны шүүс 1 box буюу 50гр*36 уут 	order_product_images/622396598_25458802123742356_9134814001404087582_n.jpg	https://www.facebook.com/share/1882R8twvQ/	t	2026-03-06 13:33:08.185111+01	2026-03-06 13:51:23.732978+01	40000	30
14	Anua vitamin C+vitamin E цайруулах серум 1+1	order_product_images/646288373_934022499493817_8946428817900533701_n.jpg	https://www.facebook.com/share/r/1DkSKfsmt5/	t	2026-03-06 13:49:49.798899+01	2026-03-06 13:52:22.540997+01	28000	300
9	Тонер 150мл+Серум 30мл+Тос 85мл	order_product_images/shine_kom.jpg	https://www.facebook.com/share/p/1MYc4bo5qT/	t	2026-01-06 04:24:21.105195+01	2026-03-13 08:54:06.830187+01	30000	150
10	JM solution foundation 1+1 	order_product_images/nude_.jpg	https://www.facebook.com/share/p/1CWSnrJ1Jo/	t	2026-01-06 05:13:02.637176+01	2026-03-06 13:37:48.876424+01	28000	600
7	Anua toner 350ml +zapastai 350ml	order_product_images/607668007_884196851143049_5159693308772096478_n.jpg	https://www.facebook.com/share/p/1DHZByyj9A/	t	2026-01-06 04:17:58.575633+01	2026-03-06 13:38:01.866275+01	28000	30
\.


--
-- Data for Name: order_orderproductcheckout; Type: TABLE DATA; Schema: public; Owner: postgres
--

COPY public.order_orderproductcheckout (id, quantity, name, phone, address, status, created_at, updated_at, order_product_id) FROM stdin;
4	1	bataa	88998855	XAyag bichmne	confirmed	2026-02-03 07:14:11.054829+01	2026-02-03 07:16:35.862+01	10
3	2	bat	88998899	bZD	cancelled	2026-02-03 07:10:43.360752+01	2026-02-03 07:16:38.821637+01	10
2	2	bataa	99887766	dsdsadas	cancelled	2026-01-29 12:59:40.184148+01	2026-02-03 07:16:40.705925+01	10
5	1	М. Энхцэцэг	99912615	БГД 9-р хороо гэмтэлийн хойно сайн ломбардаар өгсөөд эхний Шинэ хороолол 6н давхар 83р байр 1орцтой эмийн сан гэсэн хаягтай орц 4давхарт 16тоот 99912615	pending	2026-03-06 15:46:36.045852+01	2026-03-06 15:46:36.045909+01	13
6	1	Б. Одонтуяа	89979555	Төв аймаг Зуунмод сум 	pending	2026-03-07 17:00:21.65252+01	2026-03-07 17:00:21.652539+01	13
7	1	Ogi	99009060	Сүхбаатар дүүрэг твинтауэр 1 барилгын 13 давхарт\nАжлын цагаар	pending	2026-03-07 18:19:02.742294+01	2026-03-07 18:19:02.742338+01	13
8	1	Энхтогтох	+976 92070606	Дархан 	pending	2026-03-08 02:10:36.70436+01	2026-03-08 02:10:36.704408+01	13
9	1	Гэрэлмаа	5019039656	Схд 17 1-р хороолол 33-р байр 2-р орц 56 тоот	pending	2026-03-08 02:23:21.436801+01	2026-03-08 02:23:21.436835+01	13
10	1	Гэрэлмаа	5019039656	Сонгино хайрхан дүүрэг 17-р хороо 33-56 тоот	pending	2026-03-08 02:27:12.05976+01	2026-03-08 02:27:12.05982+01	13
11	2	Munkherdene	97699081885	Дархан-Уул аымаг, дархан сум, 16-р баг 19-59	pending	2026-03-08 05:03:28.708988+01	2026-03-08 05:03:28.709014+01	7
12	1	SELENGE 	97699107256	СБД, 3 хороо, Сөүлийн гудамж, Браухаус 12-13 тоот	pending	2026-03-08 07:37:55.513358+01	2026-03-08 07:37:55.513431+01	13
13	1	Tsetsegzul	97699031718	tumurzam khanburgedei ih delguurin zuun tald 9r bair 2r orts 2 davhart 27 toot. ortsni kod 27b. Ajlin udur ajlin tsagaar bol shangrillaa office 1 davhart ochood 99033007 99031718 zalgah	pending	2026-03-11 03:01:56.262672+01	2026-03-11 03:01:56.26358+01	13
14	1	Bolortsetseg 	99191695	Bzd 13 horoolol shuniin zah 5 davhart usan bolor salon \n	pending	2026-03-11 04:54:53.168963+01	2026-03-11 04:54:53.169608+01	9
15	1	Muugii	99145904	Оройн цагаар бзд 6 р хороо 22б  1-21 тоот\nӨдрийн цагаар хүрээ амаржих газарт 	pending	2026-03-12 02:29:16.647357+01	2026-03-12 02:29:16.647417+01	13
16	1	Buyankhishig	5630537010	Tenger plazagaas Sukhbaatar aimgin unaand tawih	pending	2026-03-12 07:29:09.581369+01	2026-03-12 07:29:09.581431+01	13
17	1	Bolortungalag 	80450002	СХД-ийн 24-р хороо Баруун салаа Баянхайрхан 81-34 	pending	2026-03-14 09:46:40.859498+01	2026-03-14 09:46:40.859548+01	13
18	1	Sendmaa	91919913	Нисэх байрны буудал 65-р байр 7 давхар 44 тоот	pending	2026-03-17 05:44:59.044336+01	2026-03-17 05:44:59.044766+01	13
19	1	Сэндмаа	91919913	Нисэх байрны буудал 65-р байр 7 давхар 44 тоот	pending	2026-03-17 05:48:50.565882+01	2026-03-17 05:48:50.565904+01	13
20	1	Болортуяа	5374385227	Замын үүд 91915314	pending	2026-03-17 06:59:22.483953+01	2026-03-17 06:59:22.484004+01	7
21	1	 Марал	5070109099	 ХУД 11 р хороо грандмед эмнэлгийн зүүн талд Сүлд хотхон 100/7-34 тоот	pending	2026-03-17 13:46:26.651042+01	2026-03-17 13:46:26.651606+01	14
22	1	ok	i’m o	ok	pending	2026-03-18 11:48:55.842002+01	2026-03-18 11:48:55.842057+01	7
23	1	Munkhdelger	99145904	Бзд 6-р хороо 22б байр 21тоот	pending	2026-03-18 18:49:29.021802+01	2026-03-18 18:49:29.021972+01	13
24	1	Удвал 	5064773902	БЗД жуков 41-р хороо one family apartment b block 16 dawhar 184 toot 	pending	2026-03-19 07:09:10.294392+01	2026-03-19 07:09:10.294417+01	14
25	1	Удвал	5064773902	БЗД жуков 41-р хороо one family apartment b block 16 dawhar 184 toot. 	pending	2026-03-19 07:09:49.237378+01	2026-03-19 07:09:49.237398+01	13
26	1	Мийгаа	5990253480	Чойр 91240411	pending	2026-03-23 07:49:58.524944+01	2026-03-23 07:49:58.524968+01	9
27	1	Х.мийгаа 	5990253480	Чойр 91240411	pending	2026-03-23 07:50:54.302932+01	2026-03-23 07:50:54.302954+01	14
28	2	Д.Бямбаа	5001779640	БГД 10 хороолол 6-р хороо 42б-39 тоот	pending	2026-03-23 13:43:36.040706+01	2026-03-23 13:43:36.040756+01	14
29	1	Одгэрэл	86880549	Бгд 6-р хороо 10-р хороолол 43а байр 2-29тоот 3давхарт #2188 мт колонкын хойд талд баялаг хотхоны арын 5давхар ягаан балконтой байр машины хаалттай	pending	2026-03-25 12:55:56.504112+01	2026-03-25 12:55:56.504234+01	13
30	1	Ё.Долгормаа	80131493	Баянзүрх дүүрэг 8 хороо Харуул-Алтай хотхон 102 байр Алтанбулаг дэлгүүрт үлдэх.	pending	2026-03-26 04:11:42.504955+01	2026-03-26 04:11:42.505008+01	13
31	1	Undraa	86113133	Худ яармаг эмнэлэгийн буудал 189р цэцэрлэгийн чанх ард нүн 4-7а нүүрний гудам саарал гүйдэг халга 86113133 88904167\n	pending	2026-03-28 05:59:47.834102+01	2026-03-28 05:59:47.834129+01	13
32	1	Ундраа	86113133	Худ 6хороо яармаг эмнэлэгийн буудал 189р цэцэрлэгийн чанх ард нүн 4-7а саарал гүйдэг хаалга нүүрний гудам	pending	2026-03-28 06:01:07.997591+01	2026-03-28 06:01:07.997634+01	10
33	11	Даваасүрэн	99230017	Сэлэнгэ аймгийн төв Сүхбаатар сум	pending	2026-03-28 09:29:31.26814+01	2026-03-28 09:29:31.26821+01	14
\.


--
-- Data for Name: order_orderstatus; Type: TABLE DATA; Schema: public; Owner: postgres
--

COPY public.order_orderstatus (id, name, created_at, is_last) FROM stdin;
1	Солонгосоос хөдөлсөн	2025-12-13 07:39:52.738718+01	f
4	Захиалга баталгаажсан	2025-12-15 14:24:23.625211+01	f
3	Өөрөө ирж авсан	2025-12-13 08:28:08.364371+01	t
2	Хүргэлтээр авсан	2025-12-13 08:23:07.086788+01	t
5	Улаанбаатарт ирсэн	2025-12-18 12:39:14.087168+01	f
6	улаанбаатарт ирсэн	2026-01-27 12:40:48.235203+01	f
7	захиалга баталгаажсан	2026-03-08 13:28:35.550738+01	f
\.


--
-- Data for Name: refresh_token_refreshtoken; Type: TABLE DATA; Schema: public; Owner: postgres
--

COPY public.refresh_token_refreshtoken (id, token, created, revoked, user_id) FROM stdin;
\.


--
-- Name: account_customuser_groups_id_seq; Type: SEQUENCE SET; Schema: public; Owner: postgres
--

SELECT pg_catalog.setval('public.account_customuser_groups_id_seq', 1, false);


--
-- Name: account_customuser_id_seq; Type: SEQUENCE SET; Schema: public; Owner: postgres
--

SELECT pg_catalog.setval('public.account_customuser_id_seq', 1, true);


--
-- Name: account_customuser_user_permissions_id_seq; Type: SEQUENCE SET; Schema: public; Owner: postgres
--

SELECT pg_catalog.setval('public.account_customuser_user_permissions_id_seq', 1, false);


--
-- Name: auth_group_id_seq; Type: SEQUENCE SET; Schema: public; Owner: postgres
--

SELECT pg_catalog.setval('public.auth_group_id_seq', 1, false);


--
-- Name: auth_group_permissions_id_seq; Type: SEQUENCE SET; Schema: public; Owner: postgres
--

SELECT pg_catalog.setval('public.auth_group_permissions_id_seq', 1, false);


--
-- Name: auth_permission_id_seq; Type: SEQUENCE SET; Schema: public; Owner: postgres
--

SELECT pg_catalog.setval('public.auth_permission_id_seq', 56, true);


--
-- Name: contact_contact_id_seq; Type: SEQUENCE SET; Schema: public; Owner: postgres
--

SELECT pg_catalog.setval('public.contact_contact_id_seq', 1, false);


--
-- Name: django_admin_log_id_seq; Type: SEQUENCE SET; Schema: public; Owner: postgres
--

SELECT pg_catalog.setval('public.django_admin_log_id_seq', 24, true);


--
-- Name: django_content_type_id_seq; Type: SEQUENCE SET; Schema: public; Owner: postgres
--

SELECT pg_catalog.setval('public.django_content_type_id_seq', 14, true);


--
-- Name: django_migrations_id_seq; Type: SEQUENCE SET; Schema: public; Owner: postgres
--

SELECT pg_catalog.setval('public.django_migrations_id_seq', 31, true);


--
-- Name: order_order_id_seq; Type: SEQUENCE SET; Schema: public; Owner: postgres
--

SELECT pg_catalog.setval('public.order_order_id_seq', 324, true);


--
-- Name: order_orderitem_id_seq; Type: SEQUENCE SET; Schema: public; Owner: postgres
--

SELECT pg_catalog.setval('public.order_orderitem_id_seq', 3824, true);


--
-- Name: order_orderparent_id_seq; Type: SEQUENCE SET; Schema: public; Owner: postgres
--

SELECT pg_catalog.setval('public.order_orderparent_id_seq', 6, true);


--
-- Name: order_orderproduct_id_seq; Type: SEQUENCE SET; Schema: public; Owner: postgres
--

SELECT pg_catalog.setval('public.order_orderproduct_id_seq', 14, true);


--
-- Name: order_orderproductcheckout_id_seq; Type: SEQUENCE SET; Schema: public; Owner: postgres
--

SELECT pg_catalog.setval('public.order_orderproductcheckout_id_seq', 33, true);


--
-- Name: order_orderstatus_id_seq; Type: SEQUENCE SET; Schema: public; Owner: postgres
--

SELECT pg_catalog.setval('public.order_orderstatus_id_seq', 7, true);


--
-- Name: refresh_token_refreshtoken_id_seq; Type: SEQUENCE SET; Schema: public; Owner: postgres
--

SELECT pg_catalog.setval('public.refresh_token_refreshtoken_id_seq', 1, false);


--
-- Name: account_customuser_groups account_customuser_groups_customuser_id_group_id_7e51db7b_uniq; Type: CONSTRAINT; Schema: public; Owner: postgres
--

ALTER TABLE ONLY public.account_customuser_groups
    ADD CONSTRAINT account_customuser_groups_customuser_id_group_id_7e51db7b_uniq UNIQUE (customuser_id, group_id);


--
-- Name: account_customuser_groups account_customuser_groups_pkey; Type: CONSTRAINT; Schema: public; Owner: postgres
--

ALTER TABLE ONLY public.account_customuser_groups
    ADD CONSTRAINT account_customuser_groups_pkey PRIMARY KEY (id);


--
-- Name: account_customuser account_customuser_phone_key; Type: CONSTRAINT; Schema: public; Owner: postgres
--

ALTER TABLE ONLY public.account_customuser
    ADD CONSTRAINT account_customuser_phone_key UNIQUE (phone);


--
-- Name: account_customuser account_customuser_pkey; Type: CONSTRAINT; Schema: public; Owner: postgres
--

ALTER TABLE ONLY public.account_customuser
    ADD CONSTRAINT account_customuser_pkey PRIMARY KEY (id);


--
-- Name: account_customuser_user_permissions account_customuser_user__customuser_id_permission_650e378f_uniq; Type: CONSTRAINT; Schema: public; Owner: postgres
--

ALTER TABLE ONLY public.account_customuser_user_permissions
    ADD CONSTRAINT account_customuser_user__customuser_id_permission_650e378f_uniq UNIQUE (customuser_id, permission_id);


--
-- Name: account_customuser_user_permissions account_customuser_user_permissions_pkey; Type: CONSTRAINT; Schema: public; Owner: postgres
--

ALTER TABLE ONLY public.account_customuser_user_permissions
    ADD CONSTRAINT account_customuser_user_permissions_pkey PRIMARY KEY (id);


--
-- Name: account_customuser account_customuser_username_key; Type: CONSTRAINT; Schema: public; Owner: postgres
--

ALTER TABLE ONLY public.account_customuser
    ADD CONSTRAINT account_customuser_username_key UNIQUE (username);


--
-- Name: auth_group auth_group_name_key; Type: CONSTRAINT; Schema: public; Owner: postgres
--

ALTER TABLE ONLY public.auth_group
    ADD CONSTRAINT auth_group_name_key UNIQUE (name);


--
-- Name: auth_group_permissions auth_group_permissions_group_id_permission_id_0cd325b0_uniq; Type: CONSTRAINT; Schema: public; Owner: postgres
--

ALTER TABLE ONLY public.auth_group_permissions
    ADD CONSTRAINT auth_group_permissions_group_id_permission_id_0cd325b0_uniq UNIQUE (group_id, permission_id);


--
-- Name: auth_group_permissions auth_group_permissions_pkey; Type: CONSTRAINT; Schema: public; Owner: postgres
--

ALTER TABLE ONLY public.auth_group_permissions
    ADD CONSTRAINT auth_group_permissions_pkey PRIMARY KEY (id);


--
-- Name: auth_group auth_group_pkey; Type: CONSTRAINT; Schema: public; Owner: postgres
--

ALTER TABLE ONLY public.auth_group
    ADD CONSTRAINT auth_group_pkey PRIMARY KEY (id);


--
-- Name: auth_permission auth_permission_content_type_id_codename_01ab375a_uniq; Type: CONSTRAINT; Schema: public; Owner: postgres
--

ALTER TABLE ONLY public.auth_permission
    ADD CONSTRAINT auth_permission_content_type_id_codename_01ab375a_uniq UNIQUE (content_type_id, codename);


--
-- Name: auth_permission auth_permission_pkey; Type: CONSTRAINT; Schema: public; Owner: postgres
--

ALTER TABLE ONLY public.auth_permission
    ADD CONSTRAINT auth_permission_pkey PRIMARY KEY (id);


--
-- Name: contact_contact contact_contact_pkey; Type: CONSTRAINT; Schema: public; Owner: postgres
--

ALTER TABLE ONLY public.contact_contact
    ADD CONSTRAINT contact_contact_pkey PRIMARY KEY (id);


--
-- Name: django_admin_log django_admin_log_pkey; Type: CONSTRAINT; Schema: public; Owner: postgres
--

ALTER TABLE ONLY public.django_admin_log
    ADD CONSTRAINT django_admin_log_pkey PRIMARY KEY (id);


--
-- Name: django_content_type django_content_type_app_label_model_76bd3d3b_uniq; Type: CONSTRAINT; Schema: public; Owner: postgres
--

ALTER TABLE ONLY public.django_content_type
    ADD CONSTRAINT django_content_type_app_label_model_76bd3d3b_uniq UNIQUE (app_label, model);


--
-- Name: django_content_type django_content_type_pkey; Type: CONSTRAINT; Schema: public; Owner: postgres
--

ALTER TABLE ONLY public.django_content_type
    ADD CONSTRAINT django_content_type_pkey PRIMARY KEY (id);


--
-- Name: django_migrations django_migrations_pkey; Type: CONSTRAINT; Schema: public; Owner: postgres
--

ALTER TABLE ONLY public.django_migrations
    ADD CONSTRAINT django_migrations_pkey PRIMARY KEY (id);


--
-- Name: django_session django_session_pkey; Type: CONSTRAINT; Schema: public; Owner: postgres
--

ALTER TABLE ONLY public.django_session
    ADD CONSTRAINT django_session_pkey PRIMARY KEY (session_key);


--
-- Name: order_order order_order_pkey; Type: CONSTRAINT; Schema: public; Owner: postgres
--

ALTER TABLE ONLY public.order_order
    ADD CONSTRAINT order_order_pkey PRIMARY KEY (id);


--
-- Name: order_orderitem order_orderitem_pkey; Type: CONSTRAINT; Schema: public; Owner: postgres
--

ALTER TABLE ONLY public.order_orderitem
    ADD CONSTRAINT order_orderitem_pkey PRIMARY KEY (id);


--
-- Name: order_orderparent order_orderparent_pkey; Type: CONSTRAINT; Schema: public; Owner: postgres
--

ALTER TABLE ONLY public.order_orderparent
    ADD CONSTRAINT order_orderparent_pkey PRIMARY KEY (id);


--
-- Name: order_orderproduct order_orderproduct_pkey; Type: CONSTRAINT; Schema: public; Owner: postgres
--

ALTER TABLE ONLY public.order_orderproduct
    ADD CONSTRAINT order_orderproduct_pkey PRIMARY KEY (id);


--
-- Name: order_orderproductcheckout order_orderproductcheckout_pkey; Type: CONSTRAINT; Schema: public; Owner: postgres
--

ALTER TABLE ONLY public.order_orderproductcheckout
    ADD CONSTRAINT order_orderproductcheckout_pkey PRIMARY KEY (id);


--
-- Name: order_orderstatus order_orderstatus_pkey; Type: CONSTRAINT; Schema: public; Owner: postgres
--

ALTER TABLE ONLY public.order_orderstatus
    ADD CONSTRAINT order_orderstatus_pkey PRIMARY KEY (id);


--
-- Name: refresh_token_refreshtoken refresh_token_refreshtoken_pkey; Type: CONSTRAINT; Schema: public; Owner: postgres
--

ALTER TABLE ONLY public.refresh_token_refreshtoken
    ADD CONSTRAINT refresh_token_refreshtoken_pkey PRIMARY KEY (id);


--
-- Name: refresh_token_refreshtoken refresh_token_refreshtoken_token_revoked_b683a545_uniq; Type: CONSTRAINT; Schema: public; Owner: postgres
--

ALTER TABLE ONLY public.refresh_token_refreshtoken
    ADD CONSTRAINT refresh_token_refreshtoken_token_revoked_b683a545_uniq UNIQUE (token, revoked);


--
-- Name: account_customuser_groups_customuser_id_b6c60904; Type: INDEX; Schema: public; Owner: postgres
--

CREATE INDEX account_customuser_groups_customuser_id_b6c60904 ON public.account_customuser_groups USING btree (customuser_id);


--
-- Name: account_customuser_groups_group_id_2be9f6d7; Type: INDEX; Schema: public; Owner: postgres
--

CREATE INDEX account_customuser_groups_group_id_2be9f6d7 ON public.account_customuser_groups USING btree (group_id);


--
-- Name: account_customuser_phone_95453698_like; Type: INDEX; Schema: public; Owner: postgres
--

CREATE INDEX account_customuser_phone_95453698_like ON public.account_customuser USING btree (phone varchar_pattern_ops);


--
-- Name: account_customuser_user_permissions_customuser_id_03bcc114; Type: INDEX; Schema: public; Owner: postgres
--

CREATE INDEX account_customuser_user_permissions_customuser_id_03bcc114 ON public.account_customuser_user_permissions USING btree (customuser_id);


--
-- Name: account_customuser_user_permissions_permission_id_f4aec423; Type: INDEX; Schema: public; Owner: postgres
--

CREATE INDEX account_customuser_user_permissions_permission_id_f4aec423 ON public.account_customuser_user_permissions USING btree (permission_id);


--
-- Name: account_customuser_username_724ae020_like; Type: INDEX; Schema: public; Owner: postgres
--

CREATE INDEX account_customuser_username_724ae020_like ON public.account_customuser USING btree (username varchar_pattern_ops);


--
-- Name: auth_group_name_a6ea08ec_like; Type: INDEX; Schema: public; Owner: postgres
--

CREATE INDEX auth_group_name_a6ea08ec_like ON public.auth_group USING btree (name varchar_pattern_ops);


--
-- Name: auth_group_permissions_group_id_b120cbf9; Type: INDEX; Schema: public; Owner: postgres
--

CREATE INDEX auth_group_permissions_group_id_b120cbf9 ON public.auth_group_permissions USING btree (group_id);


--
-- Name: auth_group_permissions_permission_id_84c5c92e; Type: INDEX; Schema: public; Owner: postgres
--

CREATE INDEX auth_group_permissions_permission_id_84c5c92e ON public.auth_group_permissions USING btree (permission_id);


--
-- Name: auth_permission_content_type_id_2f476e4b; Type: INDEX; Schema: public; Owner: postgres
--

CREATE INDEX auth_permission_content_type_id_2f476e4b ON public.auth_permission USING btree (content_type_id);


--
-- Name: django_admin_log_content_type_id_c4bce8eb; Type: INDEX; Schema: public; Owner: postgres
--

CREATE INDEX django_admin_log_content_type_id_c4bce8eb ON public.django_admin_log USING btree (content_type_id);


--
-- Name: django_admin_log_user_id_c564eba6; Type: INDEX; Schema: public; Owner: postgres
--

CREATE INDEX django_admin_log_user_id_c564eba6 ON public.django_admin_log USING btree (user_id);


--
-- Name: django_session_expire_date_a5c62663; Type: INDEX; Schema: public; Owner: postgres
--

CREATE INDEX django_session_expire_date_a5c62663 ON public.django_session USING btree (expire_date);


--
-- Name: django_session_session_key_c0390e0f_like; Type: INDEX; Schema: public; Owner: postgres
--

CREATE INDEX django_session_session_key_c0390e0f_like ON public.django_session USING btree (session_key varchar_pattern_ops);


--
-- Name: order_order_created_user_id_fa82288c; Type: INDEX; Schema: public; Owner: postgres
--

CREATE INDEX order_order_created_user_id_fa82288c ON public.order_order USING btree (created_user_id);


--
-- Name: order_order_parent_id_0811d894; Type: INDEX; Schema: public; Owner: postgres
--

CREATE INDEX order_order_parent_id_0811d894 ON public.order_order USING btree (parent_id);


--
-- Name: order_orderitem_order_id_aba34f44; Type: INDEX; Schema: public; Owner: postgres
--

CREATE INDEX order_orderitem_order_id_aba34f44 ON public.order_orderitem USING btree (order_id);


--
-- Name: order_orderitem_status_id_72aac32b; Type: INDEX; Schema: public; Owner: postgres
--

CREATE INDEX order_orderitem_status_id_72aac32b ON public.order_orderitem USING btree (status_id);


--
-- Name: order_orderproductcheckout_order_product_id_510ef888; Type: INDEX; Schema: public; Owner: postgres
--

CREATE INDEX order_orderproductcheckout_order_product_id_510ef888 ON public.order_orderproductcheckout USING btree (order_product_id);


--
-- Name: refresh_token_refreshtoken_user_id_45383307; Type: INDEX; Schema: public; Owner: postgres
--

CREATE INDEX refresh_token_refreshtoken_user_id_45383307 ON public.refresh_token_refreshtoken USING btree (user_id);


--
-- Name: account_customuser_groups account_customuser_g_customuser_id_b6c60904_fk_account_c; Type: FK CONSTRAINT; Schema: public; Owner: postgres
--

ALTER TABLE ONLY public.account_customuser_groups
    ADD CONSTRAINT account_customuser_g_customuser_id_b6c60904_fk_account_c FOREIGN KEY (customuser_id) REFERENCES public.account_customuser(id) DEFERRABLE INITIALLY DEFERRED;


--
-- Name: account_customuser_groups account_customuser_groups_group_id_2be9f6d7_fk_auth_group_id; Type: FK CONSTRAINT; Schema: public; Owner: postgres
--

ALTER TABLE ONLY public.account_customuser_groups
    ADD CONSTRAINT account_customuser_groups_group_id_2be9f6d7_fk_auth_group_id FOREIGN KEY (group_id) REFERENCES public.auth_group(id) DEFERRABLE INITIALLY DEFERRED;


--
-- Name: account_customuser_user_permissions account_customuser_u_customuser_id_03bcc114_fk_account_c; Type: FK CONSTRAINT; Schema: public; Owner: postgres
--

ALTER TABLE ONLY public.account_customuser_user_permissions
    ADD CONSTRAINT account_customuser_u_customuser_id_03bcc114_fk_account_c FOREIGN KEY (customuser_id) REFERENCES public.account_customuser(id) DEFERRABLE INITIALLY DEFERRED;


--
-- Name: account_customuser_user_permissions account_customuser_u_permission_id_f4aec423_fk_auth_perm; Type: FK CONSTRAINT; Schema: public; Owner: postgres
--

ALTER TABLE ONLY public.account_customuser_user_permissions
    ADD CONSTRAINT account_customuser_u_permission_id_f4aec423_fk_auth_perm FOREIGN KEY (permission_id) REFERENCES public.auth_permission(id) DEFERRABLE INITIALLY DEFERRED;


--
-- Name: auth_group_permissions auth_group_permissio_permission_id_84c5c92e_fk_auth_perm; Type: FK CONSTRAINT; Schema: public; Owner: postgres
--

ALTER TABLE ONLY public.auth_group_permissions
    ADD CONSTRAINT auth_group_permissio_permission_id_84c5c92e_fk_auth_perm FOREIGN KEY (permission_id) REFERENCES public.auth_permission(id) DEFERRABLE INITIALLY DEFERRED;


--
-- Name: auth_group_permissions auth_group_permissions_group_id_b120cbf9_fk_auth_group_id; Type: FK CONSTRAINT; Schema: public; Owner: postgres
--

ALTER TABLE ONLY public.auth_group_permissions
    ADD CONSTRAINT auth_group_permissions_group_id_b120cbf9_fk_auth_group_id FOREIGN KEY (group_id) REFERENCES public.auth_group(id) DEFERRABLE INITIALLY DEFERRED;


--
-- Name: auth_permission auth_permission_content_type_id_2f476e4b_fk_django_co; Type: FK CONSTRAINT; Schema: public; Owner: postgres
--

ALTER TABLE ONLY public.auth_permission
    ADD CONSTRAINT auth_permission_content_type_id_2f476e4b_fk_django_co FOREIGN KEY (content_type_id) REFERENCES public.django_content_type(id) DEFERRABLE INITIALLY DEFERRED;


--
-- Name: django_admin_log django_admin_log_content_type_id_c4bce8eb_fk_django_co; Type: FK CONSTRAINT; Schema: public; Owner: postgres
--

ALTER TABLE ONLY public.django_admin_log
    ADD CONSTRAINT django_admin_log_content_type_id_c4bce8eb_fk_django_co FOREIGN KEY (content_type_id) REFERENCES public.django_content_type(id) DEFERRABLE INITIALLY DEFERRED;


--
-- Name: django_admin_log django_admin_log_user_id_c564eba6_fk_account_customuser_id; Type: FK CONSTRAINT; Schema: public; Owner: postgres
--

ALTER TABLE ONLY public.django_admin_log
    ADD CONSTRAINT django_admin_log_user_id_c564eba6_fk_account_customuser_id FOREIGN KEY (user_id) REFERENCES public.account_customuser(id) DEFERRABLE INITIALLY DEFERRED;


--
-- Name: order_order order_order_created_user_id_fa82288c_fk_account_customuser_id; Type: FK CONSTRAINT; Schema: public; Owner: postgres
--

ALTER TABLE ONLY public.order_order
    ADD CONSTRAINT order_order_created_user_id_fa82288c_fk_account_customuser_id FOREIGN KEY (created_user_id) REFERENCES public.account_customuser(id) DEFERRABLE INITIALLY DEFERRED;


--
-- Name: order_order order_order_parent_id_0811d894_fk_order_orderparent_id; Type: FK CONSTRAINT; Schema: public; Owner: postgres
--

ALTER TABLE ONLY public.order_order
    ADD CONSTRAINT order_order_parent_id_0811d894_fk_order_orderparent_id FOREIGN KEY (parent_id) REFERENCES public.order_orderparent(id) DEFERRABLE INITIALLY DEFERRED;


--
-- Name: order_orderitem order_orderitem_order_id_aba34f44_fk_order_order_id; Type: FK CONSTRAINT; Schema: public; Owner: postgres
--

ALTER TABLE ONLY public.order_orderitem
    ADD CONSTRAINT order_orderitem_order_id_aba34f44_fk_order_order_id FOREIGN KEY (order_id) REFERENCES public.order_order(id) DEFERRABLE INITIALLY DEFERRED;


--
-- Name: order_orderitem order_orderitem_status_id_72aac32b_fk_order_orderstatus_id; Type: FK CONSTRAINT; Schema: public; Owner: postgres
--

ALTER TABLE ONLY public.order_orderitem
    ADD CONSTRAINT order_orderitem_status_id_72aac32b_fk_order_orderstatus_id FOREIGN KEY (status_id) REFERENCES public.order_orderstatus(id) DEFERRABLE INITIALLY DEFERRED;


--
-- Name: order_orderproductcheckout order_orderproductch_order_product_id_510ef888_fk_order_ord; Type: FK CONSTRAINT; Schema: public; Owner: postgres
--

ALTER TABLE ONLY public.order_orderproductcheckout
    ADD CONSTRAINT order_orderproductch_order_product_id_510ef888_fk_order_ord FOREIGN KEY (order_product_id) REFERENCES public.order_orderproduct(id) DEFERRABLE INITIALLY DEFERRED;


--
-- Name: refresh_token_refreshtoken refresh_token_refres_user_id_45383307_fk_account_c; Type: FK CONSTRAINT; Schema: public; Owner: postgres
--

ALTER TABLE ONLY public.refresh_token_refreshtoken
    ADD CONSTRAINT refresh_token_refres_user_id_45383307_fk_account_c FOREIGN KEY (user_id) REFERENCES public.account_customuser(id) DEFERRABLE INITIALLY DEFERRED;


--
-- PostgreSQL database dump complete
--

\unrestrict TEPubnrlcevsOtw48jzak7UV0CkRzqzdTKFOBOwXO7HkiEi7p5WK5P1ASIFgQSv

